pattern,zone,vehicle,nbox,mass,volume,combinations,ub,prep_load_s,handoff_s,operation_s,battery,rho_crit,energy,horizontal_energy,climb_energy,out_s,back_s,fly_s,counts
P00001,S001,A,1,14.0,0.027,8,8,330.0,180.0,1190.9069627433817,4.5,0.7289905357101161,1.2195425893044773,1.1497374831495057,0.06980510615497167,338.57681470502416,342.33014803835744,680.9069627433817,"{""S001:T3"": 1}"
P00002,S001,B,1,14.0,0.027,8,8,330.0,180.0,1089.1061758262158,4.0,0.7482528485808796,1.0069886056764816,0.9416194441401589,0.0653691615363227,287.6764212464412,291.4297545797745,579.1061758262157,"{""S001:T3"": 1}"
P00003,S001,C,1,14.0,0.027,8,8,330.0,216.0,1164.1750458620231,8.0,0.7515402254649933,1.9876781962800534,1.9179618090174546,0.06971638726259868,306.2725229310115,311.9025229310115,618.175045862023,"{""S001:T3"": 1}"
P00004,S001,B,2,28.0,0.054,28,4,360.0,210.0,1149.1061758262158,4.0,0.6948913916721438,1.220434433311425,1.147363390281216,0.07307104303020902,287.6764212464412,291.4297545797745,579.1061758262157,"{""S001:T3"": 2}"
P00005,S001,C,2,28.0,0.054,28,4,360.0,252.0,1230.1750458620231,8.0,0.740657870784402,2.074737033724784,1.997318764968299,0.077418268756485,306.2725229310115,311.9025229310115,618.175045862023,"{""S001:T3"": 2}"
P00006,S001,C,3,42.0,0.081,56,2,390.0,288.0,1296.1750458620231,8.0,0.7241776109050189,2.206579112759849,2.121458962509478,0.0851201502503713,306.2725229310115,311.9025229310115,618.175045862023,"{""S001:T3"": 3}"
P00007,S001,C,4,56.0,0.108,70,2,420.0,324.0,1362.1750458620231,8.0,0.6993674925745017,2.4050600594039864,2.3122380276597285,0.09282203174425764,306.2725229310115,311.9025229310115,618.175045862023,"{""S001:T3"": 4}"
P00008,S001,C,5,70.0,0.135,56,1,450.0,360.0,1428.1750458620231,8.0,0.6599461370338009,2.7204309037295924,2.6199069904914483,0.10052391323814394,306.2725229310115,311.9025229310115,618.175045862023,"{""S001:T3"": 5}"
P00009,S001,A,1,8.0,0.028,3,3,330.0,180.0,1190.9069627433817,4.5,0.7363105460388388,1.1866025428252254,1.1200982430247763,0.06650429980044896,338.57681470502416,342.33014803835744,680.9069627433817,"{""S001:T2"": 1}"
P00010,S001,B,1,8.0,0.028,3,3,330.0,180.0,1089.1061758262158,4.0,0.7594975371024748,0.9620098515901009,0.8999414964083009,0.06206835518179999,287.6764212464412,291.4297545797745,579.1061758262157,"{""S001:T2"": 1}"
P00011,S001,C,1,8.0,0.028,3,3,330.0,216.0,1164.1750458620231,8.0,0.7547384030811446,1.9620927753508435,1.8956771944427675,0.06641558090807598,306.2725229310115,311.9025229310115,618.175045862023,"{""S001:T2"": 1}"
P00012,S001,A,2,22.0,0.055,24,3,360.0,210.0,1250.9069627433817,4.5,0.7150302762262059,1.2823637569820736,1.2081575756877383,0.07420618129433527,338.57681470502416,342.33014803835744,680.9069627433817,"{""S001:T2"": 1, ""S001:T3"": 1}"
P00013,S001,B,2,22.0,0.055,24,3,360.0,210.0,1149.1061758262158,4.0,0.7242472794898659,1.1030108820405364,1.0332406453648502,0.06977023667568631,287.6764212464412,291.4297545797745,579.1061758262157,"{""S001:T2"": 1, ""S001:T3"": 1}"
P00014,S001,C,2,22.0,0.055,24,3,360.0,252.0,1230.1750458620231,8.0,0.7459212951109375,2.0326296391124994,1.958512176710537,0.07411746240196229,306.2725229310115,311.9025229310115,618.175045862023,"{""S001:T2"": 1, ""S001:T3"": 1}"
P00015,S001,C,3,36.0,0.082,84,3,390.0,288.0,1296.1750458620231,8.0,0.7320489415604572,2.143608467516342,2.0617891236204935,0.0818193438958486,306.2725229310115,311.9025229310115,618.175045862023,"{""S001:T2"": 1, ""S001:T3"": 2}"
P00016,S001,C,4,50.0,0.109,168,2,420.0,324.0,1362.1750458620231,8.0,0.7113043877898662,2.3095648976810703,2.2200436722913355,0.08952122538973492,306.2725229310115,311.9025229310115,618.175045862023,"{""S001:T2"": 1, ""S001:T3"": 3}"
P00017,S001,C,5,64.0,0.136,210,2,450.0,360.0,1428.1750458620231,8.0,0.6792981792393071,2.5656145660855434,2.4683914592019223,0.09722310688362124,306.2725229310115,311.9025229310115,618.175045862023,"{""S001:T2"": 1, ""S001:T3"": 4}"
P00018,S001,C,6,78.0,0.163,168,1,480.0,396.0,1494.1750458620231,8.0,0.6255235455552258,2.9958116355581934,2.890886647180686,0.10492498837750754,306.2725229310115,311.9025229310115,618.175045862023,"{""S001:T2"": 1, ""S001:T3"": 5}"
P00019,S001,A,2,16.0,0.056,3,1,360.0,210.0,1250.9069627433817,4.5,0.7259849969999873,1.233067513500057,1.1621621385602445,0.07090537493981257,338.57681470502416,342.33014803835744,680.9069627433817,"{""S001:T2"": 2}"
P00020,S001,B,2,16.0,0.056,3,1,360.0,210.0,1149.1061758262158,4.0,0.7433830619487685,1.0264677522049264,0.9599983218837627,0.0664694303211636,287.6764212464412,291.4297545797745,579.1061758262157,"{""S001:T2"": 2}"
P00021,S001,C,2,16.0,0.056,3,1,360.0,252.0,1230.1750458620231,8.0,0.7502796185452298,1.9977630516381617,1.926946395590722,0.07081665604743959,306.2725229310115,311.9025229310115,618.175045862023,"{""S001:T2"": 2}"
P00022,S001,C,3,30.0,0.083,24,1,390.0,288.0,1296.1750458620231,8.0,0.7386864135905693,2.0905086912754456,2.0119901537341196,0.0785185375413259,306.2725229310115,311.9025229310115,618.175045862023,"{""S001:T2"": 2, ""S001:T3"": 1}"
P00023,S001,C,4,44.0,0.11,84,1,420.0,324.0,1362.1750458620231,8.0,0.7212378336235672,2.230097331011463,2.1438769119762506,0.08622041903521221,306.2725229310115,311.9025229310115,618.175045862023,"{""S001:T2"": 2, ""S001:T3"": 2}"
P00024,S001,C,5,58.0,0.137,168,1,450.0,360.0,1428.1750458620231,8.0,0.6948497849448505,2.441201720441196,2.3472794199120974,0.09392230052909852,306.2725229310115,311.9025229310115,618.175045862023,"{""S001:T2"": 2, ""S001:T3"": 3}"
P00025,S001,C,6,72.0,0.164,210,1,480.0,396.0,1494.1750458620231,8.0,0.6524135403106405,2.7806916775148762,2.6790674954918914,0.10162418202298484,306.2725229310115,311.9025229310115,618.175045862023,"{""S001:T2"": 2, ""S001:T3"": 4}"
P00026,S001,C,3,24.0,0.084,1,1,390.0,288.0,1296.1750458620231,8.0,0.7442712177453337,2.0458302580373307,1.9706125268505275,0.0752177311868032,306.2725229310115,311.9025229310115,618.175045862023,"{""S001:T2"": 3}"
P00027,S001,C,4,38.0,0.111,8,1,420.0,324.0,1362.1750458620231,8.0,0.7295731908987982,2.163414472809614,2.0804948601289244,0.08291961268068951,306.2725229310115,311.9025229310115,618.175045862023,"{""S001:T2"": 3, ""S001:T3"": 1}"
P00028,S001,C,5,52.0,0.138,28,1,450.0,360.0,1428.1750458620231,8.0,0.7075723444636621,2.3394212442907034,2.2487997501161274,0.09062149417457582,306.2725229310115,311.9025229310115,618.175045862023,"{""S001:T2"": 3, ""S001:T3"": 2}"
P00029,S001,C,6,66.0,0.165,56,1,480.0,396.0,1494.1750458620231,8.0,0.6733301225477896,2.6133590196176835,2.515035643949221,0.09832337566846215,306.2725229310115,311.9025229310115,618.175045862023,"{""S001:T2"": 3, ""S001:T3"": 3}"
P00030,S001,C,7,80.0,0.192,70,1,510.0,432.0,1560.1750458620231,8.0,0.6147824291189079,3.0817405670487363,2.9757153098863878,0.10602525716234845,306.2725229310115,311.9025229310115,618.175045862023,"{""S001:T2"": 3, ""S001:T3"": 4}"
P00031,S001,A,1,6.0,0.035,2,2,330.0,180.0,1190.9069627433817,4.5,0.7382020784603023,1.1780906469286396,1.1126866159130315,0.06540403101560806,338.57681470502416,342.33014803835744,680.9069627433817,"{""S001:T1"": 1}"
P00032,S001,B,1,6.0,0.035,2,2,330.0,180.0,1089.1061758262158,4.0,0.7622657540204665,0.9509369839181343,0.8899688975211753,0.0609680863969591,287.6764212464412,291.4297545797745,579.1061758262157,"{""S001:T1"": 1}"
P00033,S001,C,1,6.0,0.035,2,2,330.0,216.0,1164.1750458620231,8.0,0.7555970554531589,1.9552235563747289,1.8899082442514938,0.06531531212323508,306.2725229310115,311.9025229310115,618.175045862023,"{""S001:T1"": 1}"
P00034,S001,B,2,20.0,0.062,16,2,360.0,210.0,1149.1061758262158,4.0,0.731501073093876,1.073995707624496,1.0053257397336506,0.06866996789084541,287.6764212464412,291.4297545797745,579.1061758262157,"{""S001:T1"": 1, ""S001:T3"": 1}"
P00035,S001,C,2,20.0,0.062,16,2,360.0,252.0,1230.1750458620231,8.0,0.7474712865193069,2.0202297078455445,1.9472125142284231,0.07301719361712139,306.2725229310115,311.9025229310115,618.175045862023,"{""S001:T1"": 1, ""S001:T3"": 1}"
P00036,S001,C,3,34.0,0.089,56,2,390.0,288.0,1296.1750458620231,8.0,0.7343882092626164,2.124894325899069,2.044175250788061,0.0807190751110077,306.2725229310115,311.9025229310115,618.175045862023,"{""S001:T1"": 1, ""S001:T3"": 2}"
P00037,S001,C,4,48.0,0.116,112,2,420.0,324.0,1362.1750458620231,8.0,0.7148152154644616,2.2814782762843073,2.193057319679413,0.08842095660489402,306.2725229310115,311.9025229310115,618.175045862023,"{""S001:T1"": 1, ""S001:T3"": 3}"
P00038,S001,C,5,62.0,0.14300000000000002,140,2,450.0,360.0,1428.1750458620231,8.0,0.6848481009521692,2.521215192382646,2.4250923542838656,0.09612283809878032,306.2725229310115,311.9025229310115,618.175045862023,"{""S001:T1"": 1, ""S001:T3"": 4}"
P00039,S001,C,6,76.0,0.17,112,1,480.0,396.0,1494.1750458620231,8.0,0.6352970561860677,2.9176235505114585,2.813798830918792,0.10382471959266666,306.2725229310115,311.9025229310115,618.175045862023,"{""S001:T1"": 1, ""S001:T3"": 5}"
P00040,S001,B,2,14.0,0.063,6,2,360.0,210.0,1149.1061758262158,4.0,0.7482528485808796,1.0069886056764816,0.9416194441401589,0.0653691615363227,287.6764212464412,291.4297545797745,579.1061758262157,"{""S001:T1"": 1, ""S001:T2"": 1}"
P00041,S001,C,2,14.0,0.063,6,2,360.0,252.0,1230.1750458620231,8.0,0.7515402254649933,1.9876781962800534,1.9179618090174546,0.06971638726259868,306.2725229310115,311.9025229310115,618.175045862023,"{""S001:T1"": 1, ""S001:T2"": 1}"
P00042,S001,C,3,28.0,0.09,48,2,390.0,288.0,1296.1750458620231,8.0,0.740657870784402,2.074737033724784,1.997318764968299,0.077418268756485,306.2725229310115,311.9025229310115,618.175045862023,"{""S001:T1"": 1, ""S001:T2"": 1, ""S001:T3"": 1}"
P00043,S001,C,4,42.0,0.117,168,2,420.0,324.0,1362.1750458620231,8.0,0.7241776109050189,2.206579112759849,2.121458962509478,0.0851201502503713,306.2725229310115,311.9025229310115,618.175045862023,"{""S001:T1"": 1, ""S001:T2"": 1, ""S001:T3"": 2}"
P00044,S001,C,5,56.0,0.14400000000000002,336,2,450.0,360.0,1428.1750458620231,8.0,0.6993674925745017,2.4050600594039864,2.3122380276597285,0.09282203174425764,306.2725229310115,311.9025229310115,618.175045862023,"{""S001:T1"": 1, ""S001:T2"": 1, ""S001:T3"": 3}"
P00045,S001,C,6,70.0,0.171,420,2,480.0,396.0,1494.1750458620231,8.0,0.6599461370338009,2.7204309037295924,2.6199069904914483,0.10052391323814394,306.2725229310115,311.9025229310115,618.175045862023,"{""S001:T1"": 1, ""S001:T2"": 1, ""S001:T3"": 4}"
P00046,S001,C,3,22.0,0.091,6,1,390.0,288.0,1296.1750458620231,8.0,0.7459212951109375,2.0326296391124994,1.958512176710537,0.07411746240196229,306.2725229310115,311.9025229310115,618.175045862023,"{""S001:T1"": 1, ""S001:T2"": 2}"
P00047,S001,C,4,36.0,0.11800000000000001,48,1,420.0,324.0,1362.1750458620231,8.0,0.7320489415604572,2.143608467516342,2.0617891236204935,0.0818193438958486,306.2725229310115,311.9025229310115,618.175045862023,"{""S001:T1"": 1, ""S001:T2"": 2, ""S001:T3"": 1}"
P00048,S001,C,5,50.0,0.14500000000000002,168,1,450.0,360.0,1428.1750458620231,8.0,0.7113043877898662,2.3095648976810703,2.2200436722913355,0.08952122538973492,306.2725229310115,311.9025229310115,618.175045862023,"{""S001:T1"": 1, ""S001:T2"": 2, ""S001:T3"": 2}"
P00049,S001,C,6,64.0,0.17200000000000001,336,1,480.0,396.0,1494.1750458620231,8.0,0.6792981792393071,2.5656145660855434,2.4683914592019223,0.09722310688362124,306.2725229310115,311.9025229310115,618.175045862023,"{""S001:T1"": 1, ""S001:T2"": 2, ""S001:T3"": 3}"
P00050,S001,C,7,78.0,0.199,420,1,510.0,432.0,1560.1750458620231,8.0,0.6255235455552258,2.9958116355581934,2.890886647180686,0.10492498837750754,306.2725229310115,311.9025229310115,618.175045862023,"{""S001:T1"": 1, ""S001:T2"": 2, ""S001:T3"": 4}"
P00051,S001,C,4,30.0,0.11900000000000001,2,1,420.0,324.0,1362.1750458620231,8.0,0.7386864135905693,2.0905086912754456,2.0119901537341196,0.0785185375413259,306.2725229310115,311.9025229310115,618.175045862023,"{""S001:T1"": 1, ""S001:T2"": 3}"
P00052,S001,C,5,44.0,0.14600000000000002,16,1,450.0,360.0,1428.1750458620231,8.0,0.7212378336235672,2.230097331011463,2.1438769119762506,0.08622041903521221,306.2725229310115,311.9025229310115,618.175045862023,"{""S001:T1"": 1, ""S001:T2"": 3, ""S001:T3"": 1}"
P00053,S001,C,6,58.0,0.17300000000000001,56,1,480.0,396.0,1494.1750458620231,8.0,0.6948497849448505,2.441201720441196,2.3472794199120974,0.09392230052909852,306.2725229310115,311.9025229310115,618.175045862023,"{""S001:T1"": 1, ""S001:T2"": 3, ""S001:T3"": 2}"
P00054,S001,C,7,72.0,0.2,112,1,510.0,432.0,1560.1750458620231,8.0,0.6524135403106405,2.7806916775148762,2.6790674954918914,0.10162418202298484,306.2725229310115,311.9025229310115,618.175045862023,"{""S001:T1"": 1, ""S001:T2"": 3, ""S001:T3"": 3}"
P00055,S001,B,2,12.0,0.07,1,1,360.0,210.0,1149.1061758262158,4.0,0.7525244413696783,0.9899022345212865,0.9256333417698046,0.0642688927514818,287.6764212464412,291.4297545797745,579.1061758262157,"{""S001:T1"": 2}"
P00056,S001,C,2,12.0,0.07,1,1,360.0,252.0,1230.1750458620231,8.0,0.7527050022493831,1.9783599820049353,1.9097438635271775,0.06861611847775778,306.2725229310115,311.9025229310115,618.175045862023,"{""S001:T1"": 2}"
P00057,S001,C,3,26.0,0.097,8,1,390.0,288.0,1296.1750458620231,8.0,0.7425179932098365,2.059856054321308,1.983538054349664,0.0763179999716441,306.2725229310115,311.9025229310115,618.175045862023,"{""S001:T1"": 2, ""S001:T3"": 1}"
P00058,S001,C,4,40.0,0.124,28,1,420.0,324.0,1362.1750458620231,8.0,0.7269525520042659,2.184379583965873,2.1003597025003424,0.08401988146553041,306.2725229310115,311.9025229310115,618.175045862023,"{""S001:T1"": 2, ""S001:T3"": 2}"
P00059,S001,C,5,54.0,0.15100000000000002,56,1,450.0,360.0,1428.1750458620231,8.0,0.7036004027610723,2.3711967779114214,2.2794750149520047,0.09172176295941672,306.2725229310115,311.9025229310115,618.175045862023,"{""S001:T1"": 2, ""S001:T3"": 3}"
P00060,S001,C,6,68.0,0.178,70,1,480.0,396.0,1494.1750458620231,8.0,0.6668974071169526,2.6648207430643795,2.5653970986110766,0.09942364445330304,306.2725229310115,311.9025229310115,618.175045862023,"{""S001:T1"": 2, ""S001:T3"": 4}"
P00061,S001,C,3,20.0,0.098,3,1,390.0,288.0,1296.1750458620231,8.0,0.7474712865193069,2.0202297078455445,1.9472125142284231,0.07301719361712139,306.2725229310115,311.9025229310115,618.175045862023,"{""S001:T1"": 2, ""S001:T2"": 1}"
P00062,S001,C,4,34.0,0.125,24,1,420.0,324.0,1362.1750458620231,8.0,0.7343882092626164,2.124894325899069,2.044175250788061,0.0807190751110077,306.2725229310115,311.9025229310115,618.175045862023,"{""S001:T1"": 2, ""S001:T2"": 1, ""S001:T3"": 1}"
P00063,S001,C,5,48.0,0.15200000000000002,84,1,450.0,360.0,1428.1750458620231,8.0,0.7148152154644616,2.2814782762843073,2.193057319679413,0.08842095660489402,306.2725229310115,311.9025229310115,618.175045862023,"{""S001:T1"": 2, ""S001:T2"": 1, ""S001:T3"": 2}"
P00064,S001,C,6,62.0,0.179,168,1,480.0,396.0,1494.1750458620231,8.0,0.6848481009521692,2.521215192382646,2.4250923542838656,0.09612283809878032,306.2725229310115,311.9025229310115,618.175045862023,"{""S001:T1"": 2, ""S001:T2"": 1, ""S001:T3"": 3}"
P00065,S001,C,7,76.0,0.20600000000000002,210,1,510.0,432.0,1560.1750458620231,8.0,0.6352970561860677,2.9176235505114585,2.813798830918792,0.10382471959266666,306.2725229310115,311.9025229310115,618.175045862023,"{""S001:T1"": 2, ""S001:T2"": 1, ""S001:T3"": 4}"
P00066,S001,C,4,28.0,0.126,3,1,420.0,324.0,1362.1750458620231,8.0,0.740657870784402,2.074737033724784,1.997318764968299,0.077418268756485,306.2725229310115,311.9025229310115,618.175045862023,"{""S001:T1"": 2, ""S001:T2"": 2}"
P00067,S001,C,5,42.0,0.15300000000000002,24,1,450.0,360.0,1428.1750458620231,8.0,0.7241776109050189,2.206579112759849,2.121458962509478,0.0851201502503713,306.2725229310115,311.9025229310115,618.175045862023,"{""S001:T1"": 2, ""S001:T2"": 2, ""S001:T3"": 1}"
P00068,S001,C,6,56.0,0.18,84,1,480.0,396.0,1494.1750458620231,8.0,0.6993674925745017,2.4050600594039864,2.3122380276597285,0.09282203174425764,306.2725229310115,311.9025229310115,618.175045862023,"{""S001:T1"": 2, ""S001:T2"": 2, ""S001:T3"": 2}"
P00069,S001,C,7,70.0,0.20700000000000002,168,1,510.0,432.0,1560.1750458620231,8.0,0.6599461370338009,2.7204309037295924,2.6199069904914483,0.10052391323814394,306.2725229310115,311.9025229310115,618.175045862023,"{""S001:T1"": 2, ""S001:T2"": 2, ""S001:T3"": 3}"
P00070,S001,C,5,36.0,0.15400000000000003,1,1,450.0,360.0,1428.1750458620231,8.0,0.7320489415604572,2.143608467516342,2.0617891236204935,0.0818193438958486,306.2725229310115,311.9025229310115,618.175045862023,"{""S001:T1"": 2, ""S001:T2"": 3}"
P00071,S001,C,6,50.0,0.181,8,1,480.0,396.0,1494.1750458620231,8.0,0.7113043877898662,2.3095648976810703,2.2200436722913355,0.08952122538973492,306.2725229310115,311.9025229310115,618.175045862023,"{""S001:T1"": 2, ""S001:T2"": 3, ""S001:T3"": 1}"
P00072,S001,C,7,64.0,0.20800000000000002,28,1,510.0,432.0,1560.1750458620231,8.0,0.6792981792393071,2.5656145660855434,2.4683914592019223,0.09722310688362124,306.2725229310115,311.9025229310115,618.175045862023,"{""S001:T1"": 2, ""S001:T2"": 3, ""S001:T3"": 2}"
P00073,S001,C,8,78.0,0.23500000000000001,56,1,540.0,468.0,1626.1750458620231,8.0,0.6255235455552258,2.9958116355581934,2.890886647180686,0.10492498837750754,306.2725229310115,311.9025229310115,618.175045862023,"{""S001:T1"": 2, ""S001:T2"": 3, ""S001:T3"": 3}"
P00074,S001,A,1,3.0,0.012,2,2,330.0,180.0,1190.9069627433817,4.5,0.7404864969740002,1.1678107636169994,1.1040571357786528,0.06375362783834669,338.57681470502416,342.33014803835744,680.9069627433817,"{""S001:T0"": 1}"
P00075,S001,B,1,3.0,0.012,2,2,330.0,180.0,1089.1061758262158,4.0,0.7655275119875338,0.9378899520498651,0.8785722688301674,0.059317683219697735,287.6764212464412,291.4297545797745,579.1061758262157,"{""S001:T0"": 1}"
P00076,S001,C,1,3.0,0.012,2,2,330.0,216.0,1164.1750458620231,8.0,0.7566558860359751,1.9467529117121987,1.883088002766225,0.06366490894597372,306.2725229310115,311.9025229310115,618.175045862023,"{""S001:T0"": 1}"
P00077,S001,A,2,17.0,0.039,16,2,360.0,210.0,1250.9069627433817,4.5,0.7243684174252197,1.2403421215865111,1.168886612254278,0.07145550933223302,338.57681470502416,342.33014803835744,680.9069627433817,"{""S001:T0"": 1, ""S001:T3"": 1}"
P00078,S001,B,2,17.0,0.039,16,2,360.0,210.0,1149.1061758262158,4.0,0.7406994694601339,1.0372021221594647,0.9701825574458807,0.06701956471358406,287.6764212464412,291.4297545797745,579.1061758262157,"{""S001:T0"": 1, ""S001:T3"": 1}"
P00079,S001,C,2,17.0,0.039,16,2,360.0,252.0,1230.1750458620231,8.0,0.7496135334369678,2.003091732504258,1.931724942064398,0.07136679043986004,306.2725229310115,311.9025229310115,618.175045862023,"{""S001:T0"": 1, ""S001:T3"": 1}"
P00080,S001,C,3,31.0,0.066,56,2,390.0,288.0,1296.1750458620231,8.0,0.737657356901323,2.0987411447894164,2.01967247285567,0.07906867193374635,306.2725229310115,311.9025229310115,618.175045862023,"{""S001:T0"": 1, ""S001:T3"": 2}"
P00081,S001,C,4,45.0,0.093,112,2,420.0,324.0,1362.1750458620231,8.0,0.7197025011897364,2.2423799904821085,2.155609437054476,0.08677055342763267,306.2725229310115,311.9025229310115,618.175045862023,"{""S001:T0"": 1, ""S001:T3"": 3}"
P00082,S001,C,5,59.0,0.12,140,2,450.0,360.0,1428.1750458620231,8.0,0.6924758232601078,2.460193413919138,2.365720978997619,0.09447243492151898,306.2725229310115,311.9025229310115,618.175045862023,"{""S001:T0"": 1, ""S001:T3"": 4}"
P00083,S001,C,6,73.0,0.14700000000000002,112,1,480.0,396.0,1494.1750458620231,8.0,0.6484067459021121,2.8127460327831026,2.7105717163676974,0.10217431641540528,306.2725229310115,311.9025229310115,618.175045862023,"{""S001:T0"": 1, ""S001:T3"": 5}"
P00084,S001,A,2,11.0,0.04,6,2,360.0,210.0,1250.9069627433817,4.5,0.7329597204451643,1.2016812579967602,1.1335265550190499,0.0681547029777103,338.57681470502416,342.33014803835744,680.9069627433817,"{""S001:T0"": 1, ""S001:T2"": 1}"
P00085,S001,B,2,11.0,0.04,6,2,360.0,210.0,1149.1061758262158,4.0,0.7544555827150041,0.9821776691399836,0.9184589107809222,0.06371875835906135,287.6764212464412,291.4297545797745,579.1061758262157,"{""S001:T0"": 1, ""S001:T2"": 1}"
P00086,S001,C,2,11.0,0.04,6,2,360.0,252.0,1230.1750458620231,8.0,0.7532509874469704,1.9739921004242367,1.9059261163388994,0.06806598408533733,306.2725229310115,311.9025229310115,618.175045862023,"{""S001:T0"": 1, ""S001:T2"": 1}"
P00087,S001,B,3,25.0,0.067,48,2,390.0,240.0,1209.1061758262158,4.0,0.7112381896144329,1.1550472415422686,1.0836266016893208,0.07142063985294766,287.6764212464412,291.4297545797745,579.1061758262157,"{""S001:T0"": 1, ""S001:T2"": 1, ""S001:T3"": 1}"
P00088,S001,C,3,25.0,0.067,48,2,390.0,288.0,1296.1750458620231,8.0,0.743407717271855,2.05273826182516,1.9769703962459362,0.07576786557922363,306.2725229310115,311.9025229310115,618.175045862023,"{""S001:T0"": 1, ""S001:T2"": 1, ""S001:T3"": 1}"
P00089,S001,C,4,39.0,0.094,168,2,420.0,324.0,1362.1750458620231,8.0,0.7282815460041157,2.173747631967075,2.090277884893965,0.08346974707310997,306.2725229310115,311.9025229310115,618.175045862023,"{""S001:T0"": 1, ""S001:T2"": 1, ""S001:T3"": 2}"
P00090,S001,C,5,53.0,0.121,336,2,450.0,360.0,1428.1750458620231,8.0,0.7056176178094054,2.3550590575247576,2.2638874289577613,0.09117162856699626,306.2725229310115,311.9025229310115,618.175045862023,"{""S001:T0"": 1, ""S001:T2"": 1, ""S001:T3"": 3}"
P00091,S001,C,6,67.0,0.14800000000000002,420,2,480.0,396.0,1494.1750458620231,8.0,0.6701750268984143,2.638599784812685,2.5397262747518026,0.09887351006088257,306.2725229310115,311.9025229310115,618.175045862023,"{""S001:T0"": 1, ""S001:T2"": 1, ""S001:T3"": 4}"
P00092,S001,B,3,19.0,0.068,6,1,390.0,240.0,1209.1061758262158,4.0,0.7347733872192643,1.0609064511229427,0.9927866176245177,0.06811983349842496,287.6764212464412,291.4297545797745,579.1061758262157,"{""S001:T0"": 1, ""S001:T2"": 2}"
P00093,S001,C,3,19.0,0.068,6,1,390.0,288.0,1296.1750458620231,8.0,0.74820951214721,2.01432390282232,1.9418568435976191,0.07246705922470094,306.2725229310115,311.9025229310115,618.175045862023,"{""S001:T0"": 1, ""S001:T2"": 2}"
P00094,S001,C,4,33.0,0.095,48,1,420.0,324.0,1362.1750458620231,8.0,0.7355090360194685,2.1159277118442525,2.0357587711256655,0.08016894071858725,306.2725229310115,311.9025229310115,618.175045862023,"{""S001:T0"": 1, ""S001:T2"": 2, ""S001:T3"": 1}"
P00095,S001,C,5,47.0,0.122,168,1,450.0,360.0,1428.1750458620231,8.0,0.7164929365582826,2.268056507533739,2.1801856853212653,0.08787082221247357,306.2725229310115,311.9025229310115,618.175045862023,"{""S001:T0"": 1, ""S001:T2"": 2, ""S001:T3"": 2}"
P00096,S001,C,6,61.0,0.14900000000000002,336,1,480.0,396.0,1494.1750458620231,8.0,0.6874790860534832,2.500167311572135,2.404594607865775,0.0955727037063599,306.2725229310115,311.9025229310115,618.175045862023,"{""S001:T0"": 1, ""S001:T2"": 2, ""S001:T3"": 3}"
P00097,S001,C,7,75.0,0.17600000000000002,420,1,510.0,432.0,1560.1750458620231,8.0,0.6398602741910409,2.881117806471673,2.777843221271427,0.1032745852002462,306.2725229310115,311.9025229310115,618.175045862023,"{""S001:T0"": 1, ""S001:T2"": 2, ""S001:T3"": 4}"
P00098,S001,C,4,27.0,0.096,2,1,420.0,324.0,1362.1750458620231,8.0,0.7416015553609101,2.0671875571127196,1.990319422748655,0.07686813436406453,306.2725229310115,311.9025229310115,618.175045862023,"{""S001:T0"": 1, ""S001:T2"": 3}"
P00099,S001,C,5,41.0,0.123,16,1,450.0,360.0,1428.1750458620231,8.0,0.7255849999123032,2.1953200007015745,2.1107499848436237,0.08457001585795085,306.2725229310115,311.9025229310115,618.175045862023,"{""S001:T0"": 1, ""S001:T2"": 3, ""S001:T3"": 1}"
P00100,S001,C,6,55.0,0.15000000000000002,56,1,480.0,396.0,1494.1750458620231,8.0,0.7015179885548446,2.387856091561243,2.2955841942094057,0.09227189735183718,306.2725229310115,311.9025229310115,618.175045862023,"{""S001:T0"": 1, ""S001:T2"": 3, ""S001:T3"": 2}"
P00101,S001,C,7,69.0,0.17700000000000002,112,1,510.0,432.0,1560.1750458620231,8.0,0.6634902866175297,2.692077707059762,2.592103928214039,0.09997377884572346,306.2725229310115,311.9025229310115,618.175045862023,"{""S001:T0"": 1, ""S001:T2"": 3, ""S001:T3"": 3}"
P00102,S001,A,2,9.0,0.047,4,2,360.0,210.0,1250.9069627433817,4.5,0.7352614981026819,1.1913232585379312,1.1242688243450618,0.06705443419286941,338.57681470502416,342.33014803835744,680.9069627433817,"{""S001:T0"": 1, ""S001:T1"": 1}"
P00103,S001,B,2,9.0,0.047,4,2,360.0,210.0,1149.1061758262158,4.0,0.7579379175698832,0.9682483297204673,0.9056298401462468,0.06261848957422045,287.6764212464412,291.4297545797745,579.1061758262157,"{""S001:T0"": 1, ""S001:T1"": 1}"
P00104,S001,C,2,9.0,0.047,4,2,360.0,252.0,1230.1750458620231,8.0,0.7542682796603888,1.9658537627168895,1.8988880474163932,0.06696571530049643,306.2725229310115,311.9025229310115,618.175045862023,"{""S001:T0"": 1, ""S001:T1"": 1}"
P00105,S001,C,3,23.0,0.074,32,2,390.0,288.0,1296.1750458620231,8.0,0.7451089421556459,2.0391284627548325,1.9644608659604497,0.07466759679438273,306.2725229310115,311.9025229310115,618.175045862023,"{""S001:T0"": 1, ""S001:T1"": 1, ""S001:T3"": 1}"
P00106,S001,C,4,37.0,0.101,112,2,420.0,324.0,1362.1750458620231,8.0,0.7308286294602344,2.153370964318125,2.0710014860298562,0.08236947828826904,306.2725229310115,311.9025229310115,618.175045862023,"{""S001:T0"": 1, ""S001:T1"": 1, ""S001:T3"": 2}"
P00107,S001,C,5,51.0,0.128,224,2,450.0,360.0,1428.1750458620231,8.0,0.7094671337092833,2.3242629303257343,2.234191570543579,0.09007135978215539,306.2725229310115,311.9025229310115,618.175045862023,"{""S001:T0"": 1, ""S001:T1"": 1, ""S001:T3"": 3}"
P00108,S001,C,6,65.0,0.155,280,2,480.0,396.0,1494.1750458620231,8.0,0.6763691681290548,2.5890466549675617,2.4912734136915202,0.09777324127604169,306.2725229310115,311.9025229310115,618.175045862023,"{""S001:T0"": 1, ""S001:T1"": 1, ""S001:T3"": 4}"
P00109,S001,C,7,79.0,0.182,224,1,510.0,432.0,1560.1750458620231,8.0,0.6202825535541924,3.037739571566461,2.9322644487965333,0.10547512276992797,306.2725229310115,311.9025229310115,618.175045862023,"{""S001:T0"": 1, ""S001:T1"": 1, ""S001:T3"": 5}"
P00110,S001,C,3,17.0,0.075,12,2,390.0,288.0,1296.1750458620231,8.0,0.7496135334369678,2.003091732504258,1.931724942064398,0.07136679043986004,306.2725229310115,311.9025229310115,618.175045862023,"{""S001:T0"": 1, ""S001:T1"": 1, ""S001:T2"": 1}"
P00111,S001,C,4,31.0,0.10200000000000001,96,2,420.0,324.0,1362.1750458620231,8.0,0.737657356901323,2.0987411447894164,2.01967247285567,0.07906867193374635,306.2725229310115,311.9025229310115,618.175045862023,"{""S001:T0"": 1, ""S001:T1"": 1, ""S001:T2"": 1, ""S001:T3"": 1}"
P00112,S001,C,5,45.0,0.129,336,2,450.0,360.0,1428.1750458620231,8.0,0.7197025011897364,2.2423799904821085,2.155609437054476,0.08677055342763267,306.2725229310115,311.9025229310115,618.175045862023,"{""S001:T0"": 1, ""S001:T1"": 1, ""S001:T2"": 1, ""S001:T3"": 2}"
P00113,S001,C,6,59.0,0.156,672,2,480.0,396.0,1494.1750458620231,8.0,0.6924758232601078,2.460193413919138,2.365720978997619,0.09447243492151898,306.2725229310115,311.9025229310115,618.175045862023,"{""S001:T0"": 1, ""S001:T1"": 1, ""S001:T2"": 1, ""S001:T3"": 3}"
P00114,S001,C,7,73.0,0.183,840,2,510.0,432.0,1560.1750458620231,8.0,0.6484067459021121,2.8127460327831026,2.7105717163676974,0.10217431641540528,306.2725229310115,311.9025229310115,618.175045862023,"{""S001:T0"": 1, ""S001:T1"": 1, ""S001:T2"": 1, ""S001:T3"": 4}"
P00115,S001,C,4,25.0,0.10300000000000001,12,1,420.0,324.0,1362.1750458620231,8.0,0.743407717271855,2.05273826182516,1.9769703962459362,0.07576786557922363,306.2725229310115,311.9025229310115,618.175045862023,"{""S001:T0"": 1, ""S001:T1"": 1, ""S001:T2"": 2}"
P00116,S001,C,5,39.0,0.13,96,1,450.0,360.0,1428.1750458620231,8.0,0.7282815460041157,2.173747631967075,2.090277884893965,0.08346974707310997,306.2725229310115,311.9025229310115,618.175045862023,"{""S001:T0"": 1, ""S001:T1"": 1, ""S001:T2"": 2, ""S001:T3"": 1}"
P00117,S001,C,6,53.0,0.157,336,1,480.0,396.0,1494.1750458620231,8.0,0.7056176178094054,2.3550590575247576,2.2638874289577613,0.09117162856699626,306.2725229310115,311.9025229310115,618.175045862023,"{""S001:T0"": 1, ""S001:T1"": 1, ""S001:T2"": 2, ""S001:T3"": 2}"
P00118,S001,C,7,67.0,0.184,672,1,510.0,432.0,1560.1750458620231,8.0,0.6701750268984143,2.638599784812685,2.5397262747518026,0.09887351006088257,306.2725229310115,311.9025229310115,618.175045862023,"{""S001:T0"": 1, ""S001:T1"": 1, ""S001:T2"": 2, ""S001:T3"": 3}"
P00119,S001,C,5,33.0,0.131,4,1,450.0,360.0,1428.1750458620231,8.0,0.7355090360194685,2.1159277118442525,2.0357587711256655,0.08016894071858725,306.2725229310115,311.9025229310115,618.175045862023,"{""S001:T0"": 1, ""S001:T1"": 1, ""S001:T2"": 3}"
P00120,S001,C,6,47.0,0.158,32,1,480.0,396.0,1494.1750458620231,8.0,0.7164929365582826,2.268056507533739,2.1801856853212653,0.08787082221247357,306.2725229310115,311.9025229310115,618.175045862023,"{""S001:T0"": 1, ""S001:T1"": 1, ""S001:T2"": 3, ""S001:T3"": 1}"
P00121,S001,C,7,61.0,0.185,112,1,510.0,432.0,1560.1750458620231,8.0,0.6874790860534832,2.500167311572135,2.404594607865775,0.0955727037063599,306.2725229310115,311.9025229310115,618.175045862023,"{""S001:T0"": 1, ""S001:T1"": 1, ""S001:T2"": 3, ""S001:T3"": 2}"
P00122,S001,C,8,75.0,0.21200000000000002,224,1,540.0,468.0,1626.1750458620231,8.0,0.6398602741910409,2.881117806471673,2.777843221271427,0.1032745852002462,306.2725229310115,311.9025229310115,618.175045862023,"{""S001:T0"": 1, ""S001:T1"": 1, ""S001:T2"": 3, ""S001:T3"": 3}"
P00123,S001,C,3,15.0,0.082,2,1,390.0,288.0,1296.1750458620231,8.0,0.7509218512326492,1.9926251901388061,1.922358668483787,0.07026652165501915,306.2725229310115,311.9025229310115,618.175045862023,"{""S001:T0"": 1, ""S001:T1"": 2}"
P00124,S001,C,4,29.0,0.109,16,1,420.0,324.0,1362.1750458620231,8.0,0.73968636344378,2.0825090924497593,2.0045406893008537,0.07796840314890545,306.2725229310115,311.9025229310115,618.175045862023,"{""S001:T0"": 1, ""S001:T1"": 2, ""S001:T3"": 1}"
P00125,S001,C,5,43.0,0.136,56,1,450.0,360.0,1428.1750458620231,8.0,0.7227290323738997,2.2181677410088025,2.1324974563660106,0.08567028464279178,306.2725229310115,311.9025229310115,618.175045862023,"{""S001:T0"": 1, ""S001:T1"": 2, ""S001:T3"": 2}"
P00126,S001,C,6,57.0,0.163,112,1,480.0,396.0,1494.1750458620231,8.0,0.6971458471275669,2.422833222979465,2.3294610568427867,0.09337216613667806,306.2725229310115,311.9025229310115,618.175045862023,"{""S001:T0"": 1, ""S001:T1"": 2, ""S001:T3"": 3}"
P00127,S001,C,7,71.0,0.19,140,1,510.0,432.0,1560.1750458620231,8.0,0.6562568230269212,2.74994541578463,2.6488713681540657,0.10107404763056438,306.2725229310115,311.9025229310115,618.175045862023,"{""S001:T0"": 1, ""S001:T1"": 2, ""S001:T3"": 4}"
P00128,S001,C,4,23.0,0.11,6,1,420.0,324.0,1362.1750458620231,8.0,0.7451089421556459,2.0391284627548325,1.9644608659604497,0.07466759679438273,306.2725229310115,311.9025229310115,618.175045862023,"{""S001:T0"": 1, ""S001:T1"": 2, ""S001:T2"": 1}"
P00129,S001,C,5,37.0,0.137,48,1,450.0,360.0,1428.1750458620231,8.0,0.7308286294602344,2.153370964318125,2.0710014860298562,0.08236947828826904,306.2725229310115,311.9025229310115,618.175045862023,"{""S001:T0"": 1, ""S001:T1"": 2, ""S001:T2"": 1, ""S001:T3"": 1}"
P00130,S001,C,6,51.0,0.164,168,1,480.0,396.0,1494.1750458620231,8.0,0.7094671337092833,2.3242629303257343,2.234191570543579,0.09007135978215539,306.2725229310115,311.9025229310115,618.175045862023,"{""S001:T0"": 1, ""S001:T1"": 2, ""S001:T2"": 1, ""S001:T3"": 2}"
P00131,S001,C,7,65.0,0.191,336,1,510.0,432.0,1560.1750458620231,8.0,0.6763691681290548,2.5890466549675617,2.4912734136915202,0.09777324127604169,306.2725229310115,311.9025229310115,618.175045862023,"{""S001:T0"": 1, ""S001:T1"": 2, ""S001:T2"": 1, ""S001:T3"": 3}"
P00132,S001,C,8,79.0,0.21800000000000003,420,1,540.0,468.0,1626.1750458620231,8.0,0.6202825535541924,3.037739571566461,2.9322644487965333,0.10547512276992797,306.2725229310115,311.9025229310115,618.175045862023,"{""S001:T0"": 1, ""S001:T1"": 2, ""S001:T2"": 1, ""S001:T3"": 4}"
P00133,S001,C,5,31.0,0.138,6,1,450.0,360.0,1428.1750458620231,8.0,0.737657356901323,2.0987411447894164,2.01967247285567,0.07906867193374635,306.2725229310115,311.9025229310115,618.175045862023,"{""S001:T0"": 1, ""S001:T1"": 2, ""S001:T2"": 2}"
P00134,S001,C,6,45.0,0.165,48,1,480.0,396.0,1494.1750458620231,8.0,0.7197025011897364,2.2423799904821085,2.155609437054476,0.08677055342763267,306.2725229310115,311.9025229310115,618.175045862023,"{""S001:T0"": 1, ""S001:T1"": 2, ""S001:T2"": 2, ""S001:T3"": 1}"
P00135,S001,C,7,59.0,0.192,168,1,510.0,432.0,1560.1750458620231,8.0,0.6924758232601078,2.460193413919138,2.365720978997619,0.09447243492151898,306.2725229310115,311.9025229310115,618.175045862023,"{""S001:T0"": 1, ""S001:T1"": 2, ""S001:T2"": 2, ""S001:T3"": 2}"
P00136,S001,C,8,73.0,0.21900000000000003,336,1,540.0,468.0,1626.1750458620231,8.0,0.6484067459021121,2.8127460327831026,2.7105717163676974,0.10217431641540528,306.2725229310115,311.9025229310115,618.175045862023,"{""S001:T0"": 1, ""S001:T1"": 2, ""S001:T2"": 2, ""S001:T3"": 3}"
P00137,S001,C,6,39.0,0.166,2,1,480.0,396.0,1494.1750458620231,8.0,0.7282815460041157,2.173747631967075,2.090277884893965,0.08346974707310997,306.2725229310115,311.9025229310115,618.175045862023,"{""S001:T0"": 1, ""S001:T1"": 2, ""S001:T2"": 3}"
P00138,S001,C,7,53.0,0.193,16,1,510.0,432.0,1560.1750458620231,8.0,0.7056176178094054,2.3550590575247576,2.2638874289577613,0.09117162856699626,306.2725229310115,311.9025229310115,618.175045862023,"{""S001:T0"": 1, ""S001:T1"": 2, ""S001:T2"": 3, ""S001:T3"": 1}"
P00139,S001,C,8,67.0,0.22000000000000003,56,1,540.0,468.0,1626.1750458620231,8.0,0.6701750268984143,2.638599784812685,2.5397262747518026,0.09887351006088257,306.2725229310115,311.9025229310115,618.175045862023,"{""S001:T0"": 1, ""S001:T1"": 2, ""S001:T2"": 3, ""S001:T3"": 2}"
P00140,S001,A,2,6.0,0.024,1,1,360.0,210.0,1250.9069627433817,4.5,0.7382020784603023,1.1780906469286396,1.1126866159130315,0.06540403101560806,338.57681470502416,342.33014803835744,680.9069627433817,"{""S001:T0"": 2}"
P00141,S001,B,2,6.0,0.024,1,1,360.0,210.0,1149.1061758262158,4.0,0.7622657540204665,0.9509369839181343,0.8899688975211753,0.0609680863969591,287.6764212464412,291.4297545797745,579.1061758262157,"{""S001:T0"": 2}"
P00142,S001,C,2,6.0,0.024,1,1,360.0,252.0,1230.1750458620231,8.0,0.7555970554531589,1.9552235563747289,1.8899082442514938,0.06531531212323508,306.2725229310115,311.9025229310115,618.175045862023,"{""S001:T0"": 2}"
P00143,S001,A,3,20.0,0.051000000000000004,8,1,390.0,240.0,1310.9069627433817,4.5,0.7190304139697359,1.2643631371361888,1.1912572246266944,0.07310591250949437,338.57681470502416,342.33014803835744,680.9069627433817,"{""S001:T0"": 2, ""S001:T3"": 1}"
P00144,S001,B,3,20.0,0.051000000000000004,8,1,390.0,240.0,1209.1061758262158,4.0,0.731501073093876,1.073995707624496,1.0053257397336506,0.06866996789084541,287.6764212464412,291.4297545797745,579.1061758262157,"{""S001:T0"": 2, ""S001:T3"": 1}"
P00145,S001,C,3,20.0,0.051000000000000004,8,1,390.0,288.0,1296.1750458620231,8.0,0.7474712865193069,2.0202297078455445,1.9472125142284231,0.07301719361712139,306.2725229310115,311.9025229310115,618.175045862023,"{""S001:T0"": 2, ""S001:T3"": 1}"
P00146,S001,C,4,34.0,0.078,28,1,420.0,324.0,1362.1750458620231,8.0,0.7343882092626164,2.124894325899069,2.044175250788061,0.0807190751110077,306.2725229310115,311.9025229310115,618.175045862023,"{""S001:T0"": 2, ""S001:T3"": 2}"
P00147,S001,C,5,48.0,0.10500000000000001,56,1,450.0,360.0,1428.1750458620231,8.0,0.7148152154644616,2.2814782762843073,2.193057319679413,0.08842095660489402,306.2725229310115,311.9025229310115,618.175045862023,"{""S001:T0"": 2, ""S001:T3"": 3}"
P00148,S001,C,6,62.0,0.132,70,1,480.0,396.0,1494.1750458620231,8.0,0.6848481009521692,2.521215192382646,2.4250923542838656,0.09612283809878032,306.2725229310115,311.9025229310115,618.175045862023,"{""S001:T0"": 2, ""S001:T3"": 4}"
P00149,S001,C,7,76.0,0.159,56,1,510.0,432.0,1560.1750458620231,8.0,0.6352970561860677,2.9176235505114585,2.813798830918792,0.10382471959266666,306.2725229310115,311.9025229310115,618.175045862023,"{""S001:T0"": 2, ""S001:T3"": 5}"
P00150,S001,A,3,14.0,0.052000000000000005,3,1,390.0,240.0,1310.9069627433817,4.5,0.7289905357101161,1.2195425893044773,1.1497374831495057,0.06980510615497167,338.57681470502416,342.33014803835744,680.9069627433817,"{""S001:T0"": 2, ""S001:T2"": 1}"
P00151,S001,B,3,14.0,0.052000000000000005,3,1,390.0,240.0,1209.1061758262158,4.0,0.7482528485808796,1.0069886056764816,0.9416194441401589,0.0653691615363227,287.6764212464412,291.4297545797745,579.1061758262157,"{""S001:T0"": 2, ""S001:T2"": 1}"
P00152,S001,C,3,14.0,0.052000000000000005,3,1,390.0,288.0,1296.1750458620231,8.0,0.7515402254649933,1.9876781962800534,1.9179618090174546,0.06971638726259868,306.2725229310115,311.9025229310115,618.175045862023,"{""S001:T0"": 2, ""S001:T2"": 1}"
P00153,S001,C,4,28.0,0.079,24,1,420.0,324.0,1362.1750458620231,8.0,0.740657870784402,2.074737033724784,1.997318764968299,0.077418268756485,306.2725229310115,311.9025229310115,618.175045862023,"{""S001:T0"": 2, ""S001:T2"": 1, ""S001:T3"": 1}"
P00154,S001,C,5,42.0,0.10600000000000001,84,1,450.0,360.0,1428.1750458620231,8.0,0.7241776109050189,2.206579112759849,2.121458962509478,0.0851201502503713,306.2725229310115,311.9025229310115,618.175045862023,"{""S001:T0"": 2, ""S001:T2"": 1, ""S001:T3"": 2}"
P00155,S001,C,6,56.0,0.133,168,1,480.0,396.0,1494.1750458620231,8.0,0.6993674925745017,2.4050600594039864,2.3122380276597285,0.09282203174425764,306.2725229310115,311.9025229310115,618.175045862023,"{""S001:T0"": 2, ""S001:T2"": 1, ""S001:T3"": 3}"
P00156,S001,C,7,70.0,0.16,210,1,510.0,432.0,1560.1750458620231,8.0,0.6599461370338009,2.7204309037295924,2.6199069904914483,0.10052391323814394,306.2725229310115,311.9025229310115,618.175045862023,"{""S001:T0"": 2, ""S001:T2"": 1, ""S001:T3"": 4}"
P00157,S001,C,4,22.0,0.08,3,1,420.0,324.0,1362.1750458620231,8.0,0.7459212951109375,2.0326296391124994,1.958512176710537,0.07411746240196229,306.2725229310115,311.9025229310115,618.175045862023,"{""S001:T0"": 2, ""S001:T2"": 2}"
P00158,S001,C,5,36.0,0.10700000000000001,24,1,450.0,360.0,1428.1750458620231,8.0,0.7320489415604572,2.143608467516342,2.0617891236204935,0.0818193438958486,306.2725229310115,311.9025229310115,618.175045862023,"{""S001:T0"": 2, ""S001:T2"": 2, ""S001:T3"": 1}"
P00159,S001,C,6,50.0,0.134,84,1,480.0,396.0,1494.1750458620231,8.0,0.7113043877898662,2.3095648976810703,2.2200436722913355,0.08952122538973492,306.2725229310115,311.9025229310115,618.175045862023,"{""S001:T0"": 2, ""S001:T2"": 2, ""S001:T3"": 2}"
P00160,S001,C,7,64.0,0.161,168,1,510.0,432.0,1560.1750458620231,8.0,0.6792981792393071,2.5656145660855434,2.4683914592019223,0.09722310688362124,306.2725229310115,311.9025229310115,618.175045862023,"{""S001:T0"": 2, ""S001:T2"": 2, ""S001:T3"": 3}"
P00161,S001,C,8,78.0,0.188,210,1,540.0,468.0,1626.1750458620231,8.0,0.6255235455552258,2.9958116355581934,2.890886647180686,0.10492498837750754,306.2725229310115,311.9025229310115,618.175045862023,"{""S001:T0"": 2, ""S001:T2"": 2, ""S001:T3"": 4}"
P00162,S001,C,5,30.0,0.10800000000000001,1,1,450.0,360.0,1428.1750458620231,8.0,0.7386864135905693,2.0905086912754456,2.0119901537341196,0.0785185375413259,306.2725229310115,311.9025229310115,618.175045862023,"{""S001:T0"": 2, ""S001:T2"": 3}"
P00163,S001,C,6,44.0,0.135,8,1,480.0,396.0,1494.1750458620231,8.0,0.7212378336235672,2.230097331011463,2.1438769119762506,0.08622041903521221,306.2725229310115,311.9025229310115,618.175045862023,"{""S001:T0"": 2, ""S001:T2"": 3, ""S001:T3"": 1}"
P00164,S001,C,7,58.0,0.162,28,1,510.0,432.0,1560.1750458620231,8.0,0.6948497849448505,2.441201720441196,2.3472794199120974,0.09392230052909852,306.2725229310115,311.9025229310115,618.175045862023,"{""S001:T0"": 2, ""S001:T2"": 3, ""S001:T3"": 2}"
P00165,S001,C,8,72.0,0.189,56,1,540.0,468.0,1626.1750458620231,8.0,0.6524135403106405,2.7806916775148762,2.6790674954918914,0.10162418202298484,306.2725229310115,311.9025229310115,618.175045862023,"{""S001:T0"": 2, ""S001:T2"": 3, ""S001:T3"": 3}"
P00166,S001,A,3,12.0,0.059000000000000004,2,1,390.0,240.0,1310.9069627433817,4.5,0.7317064493265615,1.207320978030473,1.1386161406603423,0.06870483737013076,338.57681470502416,342.33014803835744,680.9069627433817,"{""S001:T0"": 2, ""S001:T1"": 1}"
P00167,S001,B,3,12.0,0.059000000000000004,2,1,390.0,240.0,1209.1061758262158,4.0,0.7525244413696783,0.9899022345212865,0.9256333417698046,0.0642688927514818,287.6764212464412,291.4297545797745,579.1061758262157,"{""S001:T0"": 2, ""S001:T1"": 1}"
P00168,S001,C,3,12.0,0.059000000000000004,2,1,390.0,288.0,1296.1750458620231,8.0,0.7527050022493831,1.9783599820049353,1.9097438635271775,0.06861611847775778,306.2725229310115,311.9025229310115,618.175045862023,"{""S001:T0"": 2, ""S001:T1"": 1}"
P00169,S001,C,4,26.0,0.08600000000000001,16,1,420.0,324.0,1362.1750458620231,8.0,0.7425179932098365,2.059856054321308,1.983538054349664,0.0763179999716441,306.2725229310115,311.9025229310115,618.175045862023,"{""S001:T0"": 2, ""S001:T1"": 1, ""S001:T3"": 1}"
P00170,S001,C,5,40.0,0.113,56,1,450.0,360.0,1428.1750458620231,8.0,0.7269525520042659,2.184379583965873,2.1003597025003424,0.08401988146553041,306.2725229310115,311.9025229310115,618.175045862023,"{""S001:T0"": 2, ""S001:T1"": 1, ""S001:T3"": 2}"
P00171,S001,C,6,54.0,0.14,112,1,480.0,396.0,1494.1750458620231,8.0,0.7036004027610723,2.3711967779114214,2.2794750149520047,0.09172176295941672,306.2725229310115,311.9025229310115,618.175045862023,"{""S001:T0"": 2, ""S001:T1"": 1, ""S001:T3"": 3}"
P00172,S001,C,7,68.0,0.167,140,1,510.0,432.0,1560.1750458620231,8.0,0.6668974071169526,2.6648207430643795,2.5653970986110766,0.09942364445330304,306.2725229310115,311.9025229310115,618.175045862023,"{""S001:T0"": 2, ""S001:T1"": 1, ""S001:T3"": 4}"
P00173,S001,C,4,20.0,0.08700000000000001,6,1,420.0,324.0,1362.1750458620231,8.0,0.7474712865193069,2.0202297078455445,1.9472125142284231,0.07301719361712139,306.2725229310115,311.9025229310115,618.175045862023,"{""S001:T0"": 2, ""S001:T1"": 1, ""S001:T2"": 1}"
P00174,S001,C,5,34.0,0.114,48,1,450.0,360.0,1428.1750458620231,8.0,0.7343882092626164,2.124894325899069,2.044175250788061,0.0807190751110077,306.2725229310115,311.9025229310115,618.175045862023,"{""S001:T0"": 2, ""S001:T1"": 1, ""S001:T2"": 1, ""S001:T3"": 1}"
P00175,S001,C,6,48.0,0.14100000000000001,168,1,480.0,396.0,1494.1750458620231,8.0,0.7148152154644616,2.2814782762843073,2.193057319679413,0.08842095660489402,306.2725229310115,311.9025229310115,618.175045862023,"{""S001:T0"": 2, ""S001:T1"": 1, ""S001:T2"": 1, ""S001:T3"": 2}"
P00176,S001,C,7,62.0,0.168,336,1,510.0,432.0,1560.1750458620231,8.0,0.6848481009521692,2.521215192382646,2.4250923542838656,0.09612283809878032,306.2725229310115,311.9025229310115,618.175045862023,"{""S001:T0"": 2, ""S001:T1"": 1, ""S001:T2"": 1, ""S001:T3"": 3}"
P00177,S001,C,8,76.0,0.195,420,1,540.0,468.0,1626.1750458620231,8.0,0.6352970561860677,2.9176235505114585,2.813798830918792,0.10382471959266666,306.2725229310115,311.9025229310115,618.175045862023,"{""S001:T0"": 2, ""S001:T1"": 1, ""S001:T2"": 1, ""S001:T3"": 4}"
P00178,S001,C,5,28.0,0.115,6,1,450.0,360.0,1428.1750458620231,8.0,0.740657870784402,2.074737033724784,1.997318764968299,0.077418268756485,306.2725229310115,311.9025229310115,618.175045862023,"{""S001:T0"": 2, ""S001:T1"": 1, ""S001:T2"": 2}"
P00179,S001,C,6,42.0,0.14200000000000002,48,1,480.0,396.0,1494.1750458620231,8.0,0.7241776109050189,2.206579112759849,2.121458962509478,0.0851201502503713,306.2725229310115,311.9025229310115,618.175045862023,"{""S001:T0"": 2, ""S001:T1"": 1, ""S001:T2"": 2, ""S001:T3"": 1}"
P00180,S001,C,7,56.0,0.169,168,1,510.0,432.0,1560.1750458620231,8.0,0.6993674925745017,2.4050600594039864,2.3122380276597285,0.09282203174425764,306.2725229310115,311.9025229310115,618.175045862023,"{""S001:T0"": 2, ""S001:T1"": 1, ""S001:T2"": 2, ""S001:T3"": 2}"
P00181,S001,C,8,70.0,0.196,336,1,540.0,468.0,1626.1750458620231,8.0,0.6599461370338009,2.7204309037295924,2.6199069904914483,0.10052391323814394,306.2725229310115,311.9025229310115,618.175045862023,"{""S001:T0"": 2, ""S001:T1"": 1, ""S001:T2"": 2, ""S001:T3"": 3}"
P00182,S001,C,6,36.0,0.14300000000000002,2,1,480.0,396.0,1494.1750458620231,8.0,0.7320489415604572,2.143608467516342,2.0617891236204935,0.0818193438958486,306.2725229310115,311.9025229310115,618.175045862023,"{""S001:T0"": 2, ""S001:T1"": 1, ""S001:T2"": 3}"
P00183,S001,C,7,50.0,0.17,16,1,510.0,432.0,1560.1750458620231,8.0,0.7113043877898662,2.3095648976810703,2.2200436722913355,0.08952122538973492,306.2725229310115,311.9025229310115,618.175045862023,"{""S001:T0"": 2, ""S001:T1"": 1, ""S001:T2"": 3, ""S001:T3"": 1}"
P00184,S001,C,8,64.0,0.197,56,1,540.0,468.0,1626.1750458620231,8.0,0.6792981792393071,2.5656145660855434,2.4683914592019223,0.09722310688362124,306.2725229310115,311.9025229310115,618.175045862023,"{""S001:T0"": 2, ""S001:T1"": 1, ""S001:T2"": 3, ""S001:T3"": 2}"
P00185,S001,C,9,78.0,0.224,112,1,570.0,504.0,1692.1750458620231,8.0,0.6255235455552258,2.9958116355581934,2.890886647180686,0.10492498837750754,306.2725229310115,311.9025229310115,618.175045862023,"{""S001:T0"": 2, ""S001:T1"": 1, ""S001:T2"": 3, ""S001:T3"": 3}"
P00186,S001,C,4,18.0,0.094,1,1,420.0,324.0,1362.1750458620231,8.0,0.7489235371679599,2.0086117026563204,1.93669477782404,0.07191692483228049,306.2725229310115,311.9025229310115,618.175045862023,"{""S001:T0"": 2, ""S001:T1"": 2}"
P00187,S001,C,5,32.0,0.121,8,1,450.0,360.0,1428.1750458620231,8.0,0.7365984833782,2.1072121329744,2.0275933266482333,0.0796188063261668,306.2725229310115,311.9025229310115,618.175045862023,"{""S001:T0"": 2, ""S001:T1"": 2, ""S001:T3"": 1}"
P00188,S001,C,6,46.0,0.148,28,1,480.0,396.0,1494.1750458620231,8.0,0.7181214337451799,2.255028530038561,2.167707842218508,0.0873206878200531,306.2725229310115,311.9025229310115,618.175045862023,"{""S001:T0"": 2, ""S001:T1"": 2, ""S001:T3"": 2}"
P00189,S001,C,7,60.0,0.175,56,1,510.0,432.0,1560.1750458620231,8.0,0.6900202463075887,2.47983802953929,2.384815460225351,0.09502256931393943,306.2725229310115,311.9025229310115,618.175045862023,"{""S001:T0"": 2, ""S001:T1"": 2, ""S001:T3"": 3}"
P00190,S001,C,8,74.0,0.202,70,1,540.0,468.0,1626.1750458620231,8.0,0.6442260794377532,2.846191364497974,2.7434669136901486,0.10272445080782572,306.2725229310115,311.9025229310115,618.175045862023,"{""S001:T0"": 2, ""S001:T1"": 2, ""S001:T3"": 4}"
P00191,S001,C,5,26.0,0.122,3,1,450.0,360.0,1428.1750458620231,8.0,0.7425179932098365,2.059856054321308,1.983538054349664,0.0763179999716441,306.2725229310115,311.9025229310115,618.175045862023,"{""S001:T0"": 2, ""S001:T1"": 2, ""S001:T2"": 1}"
P00192,S001,C,6,40.0,0.149,24,1,480.0,396.0,1494.1750458620231,8.0,0.7269525520042659,2.184379583965873,2.1003597025003424,0.08401988146553041,306.2725229310115,311.9025229310115,618.175045862023,"{""S001:T0"": 2, ""S001:T1"": 2, ""S001:T2"": 1, ""S001:T3"": 1}"
P00193,S001,C,7,54.0,0.176,84,1,510.0,432.0,1560.1750458620231,8.0,0.7036004027610723,2.3711967779114214,2.2794750149520047,0.09172176295941672,306.2725229310115,311.9025229310115,618.175045862023,"{""S001:T0"": 2, ""S001:T1"": 2, ""S001:T2"": 1, ""S001:T3"": 2}"
P00194,S001,C,8,68.0,0.203,168,1,540.0,468.0,1626.1750458620231,8.0,0.6668974071169526,2.6648207430643795,2.5653970986110766,0.09942364445330304,306.2725229310115,311.9025229310115,618.175045862023,"{""S001:T0"": 2, ""S001:T1"": 2, ""S001:T2"": 1, ""S001:T3"": 3}"
P00195,S001,C,6,34.0,0.15,3,1,480.0,396.0,1494.1750458620231,8.0,0.7343882092626164,2.124894325899069,2.044175250788061,0.0807190751110077,306.2725229310115,311.9025229310115,618.175045862023,"{""S001:T0"": 2, ""S001:T1"": 2, ""S001:T2"": 2}"
P00196,S001,C,7,48.0,0.177,24,1,510.0,432.0,1560.1750458620231,8.0,0.7148152154644616,2.2814782762843073,2.193057319679413,0.08842095660489402,306.2725229310115,311.9025229310115,618.175045862023,"{""S001:T0"": 2, ""S001:T1"": 2, ""S001:T2"": 2, ""S001:T3"": 1}"
P00197,S001,C,8,62.0,0.20400000000000001,84,1,540.0,468.0,1626.1750458620231,8.0,0.6848481009521692,2.521215192382646,2.4250923542838656,0.09612283809878032,306.2725229310115,311.9025229310115,618.175045862023,"{""S001:T0"": 2, ""S001:T1"": 2, ""S001:T2"": 2, ""S001:T3"": 2}"
P00198,S001,C,9,76.0,0.231,168,1,570.0,504.0,1692.1750458620231,8.0,0.6352970561860677,2.9176235505114585,2.813798830918792,0.10382471959266666,306.2725229310115,311.9025229310115,618.175045862023,"{""S001:T0"": 2, ""S001:T1"": 2, ""S001:T2"": 2, ""S001:T3"": 3}"
P00199,S001,C,7,42.0,0.178,1,1,510.0,432.0,1560.1750458620231,8.0,0.7241776109050189,2.206579112759849,2.121458962509478,0.0851201502503713,306.2725229310115,311.9025229310115,618.175045862023,"{""S001:T0"": 2, ""S001:T1"": 2, ""S001:T2"": 3}"
P00200,S001,C,8,56.0,0.20500000000000002,8,1,540.0,468.0,1626.1750458620231,8.0,0.6993674925745017,2.4050600594039864,2.3122380276597285,0.09282203174425764,306.2725229310115,311.9025229310115,618.175045862023,"{""S001:T0"": 2, ""S001:T1"": 2, ""S001:T2"": 3, ""S001:T3"": 1}"
P00201,S001,C,9,70.0,0.232,28,1,570.0,504.0,1692.1750458620231,8.0,0.6599461370338009,2.7204309037295924,2.6199069904914483,0.10052391323814394,306.2725229310115,311.9025229310115,618.175045862023,"{""S001:T0"": 2, ""S001:T1"": 2, ""S001:T2"": 3, ""S001:T3"": 2}"
P00202,S002,A,1,14.0,0.027,4,4,330.0,180.0,1943.7752084462204,4.5,0.3618851384565903,2.8715168769453436,2.7901939633978277,0.08132291354751588,713.8276042231101,719.9476042231101,1433.7752084462204,"{""S002:T3"": 1}"
P00203,S002,B,1,14.0,0.027,4,4,330.0,180.0,1696.7240813077574,4.0,0.40966719022976017,2.3613312390809593,2.285131108068996,0.0762001310119629,590.3020406538787,596.4220406538788,1186.7240813077574,"{""S002:T3"": 1}"
P00204,S002,C,1,14.0,0.027,4,4,330.0,216.0,1777.8421660245544,8.0,0.4080314260656992,4.735748591474406,4.654528133577601,0.08122045789680482,611.3310830122772,620.5110830122771,1231.8421660245544,"{""S002:T3"": 1}"
P00205,S002,B,2,28.0,0.054,6,2,360.0,210.0,1756.7240813077574,4.0,0.28244085472705804,2.870236581091768,2.7844324920300307,0.08580408906173707,590.3020406538787,596.4220406538788,1186.7240813077574,"{""S002:T3"": 2}"
P00206,S002,C,2,28.0,0.054,6,2,360.0,252.0,1843.8421660245544,8.0,0.3827579034778188,4.93793677217745,4.847112356230871,0.09082441594657899,611.3310830122772,620.5110830122771,1231.8421660245544,"{""S002:T3"": 2}"
P00207,S002,C,3,42.0,0.081,4,1,390.0,288.0,1909.8421660245544,8.0,0.3438993308048043,5.248805353561566,5.148376979565213,0.10042837399635315,611.3310830122772,620.5110830122771,1231.8421660245544,"{""S002:T3"": 3}"
P00208,S002,C,4,56.0,0.108,1,1,420.0,324.0,1975.8421660245544,8.0,0.2848257776628177,5.7213937786974585,5.6113614466513315,0.11003233204612733,611.3310830122772,620.5110830122771,1231.8421660245544,"{""S002:T3"": 4}"
P00209,S002,A,1,8.0,0.028,2,2,330.0,180.0,1943.7752084462204,4.5,0.37878397724312607,2.795472102405933,2.7182651708797487,0.0772069315261841,713.8276042231101,719.9476042231101,1433.7752084462204,"{""S002:T2"": 1}"
P00210,S002,B,1,8.0,0.028,2,2,330.0,180.0,1696.7240813077574,4.0,0.4359822966674961,2.2560708133300156,2.1839866643393844,0.0720841489906311,590.3020406538787,596.4220406538788,1186.7240813077574,"{""S002:T2"": 1}"
P00211,S002,C,1,8.0,0.028,2,2,330.0,216.0,1777.8421660245544,8.0,0.4153059883955217,4.6775520928358265,4.600447616960354,0.07710447587547303,611.3310830122772,620.5110830122771,1231.8421660245544,"{""S002:T2"": 1}"
P00212,S002,A,2,22.0,0.055,8,2,360.0,210.0,2003.7752084462204,4.5,0.3291601567843412,3.018779294470465,2.9319684048945067,0.08681088957595827,713.8276042231101,719.9476042231101,1433.7752084462204,"{""S002:T2"": 1, ""S002:T3"": 1}"
P00213,S002,B,2,22.0,0.055,8,2,360.0,210.0,1756.7240813077574,4.0,0.35270839351267214,2.5891664259493115,2.5074783189089063,0.08168810704040527,590.3020406538787,596.4220406538788,1186.7240813077574,"{""S002:T2"": 1, ""S002:T3"": 1}"
P00214,S002,C,2,22.0,0.055,8,2,360.0,252.0,1843.8421660245544,8.0,0.39504442635402315,4.839644589167815,4.752936155242567,0.0867084339252472,611.3310830122772,620.5110830122771,1231.8421660245544,"{""S002:T2"": 1, ""S002:T3"": 1}"
P00215,S002,C,3,36.0,0.082,12,2,390.0,288.0,1909.8421660245544,8.0,0.36251474579999776,5.099882033600018,5.003569641624996,0.09631239197502138,611.3310830122772,620.5110830122771,1231.8421660245544,"{""S002:T2"": 1, ""S002:T3"": 2}"
P00216,S002,C,4,50.0,0.109,8,1,420.0,324.0,1975.8421660245544,8.0,0.3133075437678625,5.4935396498571,5.387623299832304,0.10591635002479553,611.3310830122772,620.5110830122771,1231.8421660245544,"{""S002:T2"": 1, ""S002:T3"": 3}"
P00217,S002,C,5,64.0,0.136,2,1,450.0,360.0,2041.8421660245544,8.0,0.23677044978607842,6.105836401711373,5.990316093636803,0.11552030807456971,611.3310830122772,620.5110830122771,1231.8421660245544,"{""S002:T2"": 1, ""S002:T3"": 4}"
P00218,S002,A,2,16.0,0.056,1,1,360.0,210.0,2003.7752084462204,4.5,0.35487974577788994,2.9030411439994954,2.820346236444869,0.08269490755462647,713.8276042231101,719.9476042231101,1433.7752084462204,"{""S002:T2"": 2}"
P00219,S002,B,2,16.0,0.056,1,1,360.0,210.0,1756.7240813077574,4.0,0.3981736824843952,2.407305270062419,2.329733145043346,0.0775721250190735,590.3020406538787,596.4220406538788,1186.7240813077574,"{""S002:T2"": 2}"
P00220,S002,C,2,16.0,0.056,1,1,360.0,252.0,1843.8421660245544,8.0,0.40513444169453705,4.758924466443704,4.676332014539788,0.08259245190391541,611.3310830122772,620.5110830122771,1231.8421660245544,"{""S002:T2"": 2}"
P00221,S002,C,3,30.0,0.083,4,1,390.0,288.0,1909.8421660245544,8.0,0.3781358208362636,4.974913433309891,4.882717023356202,0.09219640995368958,611.3310830122772,620.5110830122771,1231.8421660245544,"{""S002:T2"": 2, ""S002:T3"": 1}"
P00222,S002,C,4,44.0,0.11,6,1,420.0,324.0,1975.8421660245544,8.0,0.3369273196772171,5.304581442582263,5.202781074578799,0.10180036800346376,611.3310830122772,620.5110830122771,1231.8421660245544,"{""S002:T2"": 2, ""S002:T3"": 2}"
P00223,S002,C,5,58.0,0.137,4,1,450.0,360.0,2041.8421660245544,8.0,0.2740244300156034,5.807804559875173,5.696400233821935,0.11140432605323793,611.3310830122772,620.5110830122771,1231.8421660245544,"{""S002:T2"": 2, ""S002:T3"": 3}"
P00225,S002,A,1,6.0,0.035,1,1,330.0,180.0,1943.7752084462204,4.5,0.3830858887642784,2.776113500560747,2.7002785630416737,0.0758349375190735,713.8276042231101,719.9476042231101,1433.7752084462204,"{""S002:T1"": 1}"
P00226,S002,B,1,6.0,0.035,1,1,330.0,180.0,1696.7240813077574,4.0,0.4423756948522566,2.2304972205909737,2.159785065607453,0.07071215498352051,590.3020406538787,596.4220406538788,1186.7240813077574,"{""S002:T1"": 1}"
P00227,S002,C,1,6.0,0.035,1,1,330.0,216.0,1777.8421660245544,8.0,0.41722750561080924,4.662179955113526,4.586447473245164,0.07573248186836243,611.3310830122772,620.5110830122771,1231.8421660245544,"{""S002:T1"": 1}"
P00228,S002,B,2,20.0,0.062,4,1,360.0,210.0,1756.7240813077574,4.0,0.36998743226766306,2.5200502709293477,2.439734157896053,0.08031611303329468,590.3020406538787,596.4220406538788,1186.7240813077574,"{""S002:T1"": 1, ""S002:T3"": 1}"
P00229,S002,C,2,20.0,0.062,4,1,360.0,252.0,1843.8421660245544,8.0,0.3986436917806807,4.810850465754554,4.725514025836418,0.08533643991813661,611.3310830122772,620.5110830122771,1231.8421660245544,"{""S002:T1"": 1, ""S002:T3"": 1}"
P00230,S002,C,3,34.0,0.089,6,1,390.0,288.0,1909.8421660245544,8.0,0.36802943451472014,5.055764523882239,4.960824125914328,0.09494039796791079,611.3310830122772,620.5110830122771,1231.8421660245544,"{""S002:T1"": 1, ""S002:T3"": 2}"
P00231,S002,C,4,48.0,0.116,4,1,420.0,324.0,1975.8421660245544,8.0,0.3216653854725139,5.426676916219889,5.322132560202204,0.10454435601768497,611.3310830122772,620.5110830122771,1231.8421660245544,"{""S002:T1"": 1, ""S002:T3"": 3}"
P00232,S002,C,5,62.0,0.14300000000000002,1,1,450.0,360.0,2041.8421660245544,8.0,0.25007678448130966,5.999385724149523,5.8852374100820635,0.11414831406745911,611.3310830122772,620.5110830122771,1231.8421660245544,"{""S002:T1"": 1, ""S002:T3"": 4}"
P00233,S002,B,2,14.0,0.063,2,1,360.0,210.0,1756.7240813077574,4.0,0.40966719022976017,2.3613312390809593,2.285131108068996,0.0762001310119629,590.3020406538787,596.4220406538788,1186.7240813077574,"{""S002:T1"": 1, ""S002:T2"": 1}"
P00234,S002,C,2,14.0,0.063,2,1,360.0,252.0,1843.8421660245544,8.0,0.4080314260656992,4.735748591474406,4.654528133577601,0.08122045789680482,611.3310830122772,620.5110830122771,1231.8421660245544,"{""S002:T1"": 1, ""S002:T2"": 1}"
P00235,S002,C,3,28.0,0.09,8,1,390.0,288.0,1909.8421660245544,8.0,0.3827579034778188,4.93793677217745,4.847112356230871,0.09082441594657899,611.3310830122772,620.5110830122771,1231.8421660245544,"{""S002:T1"": 1, ""S002:T2"": 1, ""S002:T3"": 1}"
P00236,S002,C,4,42.0,0.117,12,1,420.0,324.0,1975.8421660245544,8.0,0.3438993308048043,5.248805353561566,5.148376979565213,0.10042837399635315,611.3310830122772,620.5110830122771,1231.8421660245544,"{""S002:T1"": 1, ""S002:T2"": 1, ""S002:T3"": 2}"
P00237,S002,C,5,56.0,0.14400000000000002,8,1,450.0,360.0,2041.8421660245544,8.0,0.2848257776628177,5.7213937786974585,5.6113614466513315,0.11003233204612733,611.3310830122772,620.5110830122771,1231.8421660245544,"{""S002:T1"": 1, ""S002:T2"": 1, ""S002:T3"": 3}"
P00239,S002,C,3,22.0,0.091,1,1,390.0,288.0,1909.8421660245544,8.0,0.39504442635402315,4.839644589167815,4.752936155242567,0.0867084339252472,611.3310830122772,620.5110830122771,1231.8421660245544,"{""S002:T1"": 1, ""S002:T2"": 2}"
P00240,S002,C,4,36.0,0.11800000000000001,4,1,420.0,324.0,1975.8421660245544,8.0,0.36251474579999776,5.099882033600018,5.003569641624996,0.09631239197502138,611.3310830122772,620.5110830122771,1231.8421660245544,"{""S002:T1"": 1, ""S002:T2"": 2, ""S002:T3"": 1}"
P00241,S002,C,5,50.0,0.14500000000000002,6,1,450.0,360.0,2041.8421660245544,8.0,0.3133075437678625,5.4935396498571,5.387623299832304,0.10591635002479553,611.3310830122772,620.5110830122771,1231.8421660245544,"{""S002:T1"": 1, ""S002:T2"": 2, ""S002:T3"": 2}"
P00242,S002,C,6,64.0,0.17200000000000001,4,1,480.0,396.0,2107.8421660245544,8.0,0.23677044978607842,6.105836401711373,5.990316093636803,0.11552030807456971,611.3310830122772,620.5110830122771,1231.8421660245544,"{""S002:T1"": 1, ""S002:T2"": 2, ""S002:T3"": 3}"
P00244,S002,A,1,3.0,0.012,1,1,330.0,180.0,1943.7752084462204,4.5,0.3881970212659176,2.7531134043033707,2.679336457794963,0.0737769465084076,713.8276042231101,719.9476042231101,1433.7752084462204,"{""S002:T0"": 1}"
P00245,S002,B,1,3.0,0.012,1,1,330.0,180.0,1696.7240813077574,4.0,0.44980455458815394,2.2007817816473842,2.13212761767453,0.06865416397285462,590.3020406538787,596.4220406538788,1186.7240813077574,"{""S002:T0"": 1}"
P00246,S002,C,1,3.0,0.012,1,1,330.0,216.0,1777.8421660245544,8.0,0.4195536829273313,4.6435705365813496,4.569896045723653,0.07367449085769655,611.3310830122772,620.5110830122771,1231.8421660245544,"{""S002:T0"": 1}"
P00247,S002,A,2,17.0,0.039,4,1,360.0,210.0,2003.7752084462204,4.5,0.35110085370460686,2.920046158329269,2.8366652537710872,0.08338090455818177,713.8276042231101,719.9476042231101,1433.7752084462204,"{""S002:T0"": 1, ""S002:T3"": 1}"
P00248,S002,B,2,17.0,0.039,4,1,360.0,210.0,1756.7240813077574,4.0,0.3918233830717941,2.4327064677128236,2.354448345690195,0.07825812202262879,590.3020406538787,596.4220406538788,1186.7240813077574,"{""S002:T0"": 1, ""S002:T3"": 1}"
P00249,S002,C,2,17.0,0.039,4,1,360.0,252.0,1843.8421660245544,8.0,0.4035991142611064,4.771207085911149,4.687928637003678,0.08327844890747073,611.3310830122772,620.5110830122771,1231.8421660245544,"{""S002:T0"": 1, ""S002:T3"": 1}"
P00250,S002,C,3,31.0,0.066,6,1,390.0,288.0,1909.8421660245544,8.0,0.37571963048500134,4.994242956119989,4.901360549162744,0.0928824069572449,611.3310830122772,620.5110830122771,1231.8421660245544,"{""S002:T0"": 1, ""S002:T3"": 2}"
P00251,S002,C,4,45.0,0.093,4,1,420.0,324.0,1975.8421660245544,8.0,0.33328249448795333,5.333740044096373,5.231253679089354,0.10248636500701905,611.3310830122772,620.5110830122771,1231.8421660245544,"{""S002:T0"": 1, ""S002:T3"": 3}"
P00252,S002,C,5,59.0,0.12,1,1,450.0,360.0,2041.8421660245544,8.0,0.2683444113080645,5.853244709535484,5.741154386478691,0.11209032305679323,611.3310830122772,620.5110830122771,1231.8421660245544,"{""S002:T0"": 1, ""S002:T3"": 4}"
P00253,S002,A,2,11.0,0.04,2,1,360.0,210.0,2003.7752084462204,4.5,0.37108487780061206,2.8301180498972456,2.7508531273603958,0.07926492253684998,713.8276042231101,719.9476042231101,1433.7752084462204,"{""S002:T0"": 1, ""S002:T2"": 1}"
P00254,S002,B,2,11.0,0.04,2,1,360.0,210.0,1756.7240813077574,4.0,0.42423323916587474,2.303067043336501,2.228924903335204,0.07414214000129701,590.3020406538787,596.4220406538788,1186.7240813077574,"{""S002:T0"": 1, ""S002:T2"": 1}"
P00255,S002,C,2,11.0,0.04,2,1,360.0,252.0,1843.8421660245544,8.0,0.41193971676127283,4.704482265909817,4.6253197990236785,0.07916246688613893,611.3310830122772,620.5110830122771,1231.8421660245544,"{""S002:T0"": 1, ""S002:T2"": 1}"
P00256,S002,B,3,25.0,0.067,8,1,390.0,240.0,1816.7240813077574,4.0,0.3216246151118153,2.713501539552739,2.6297554415016675,0.08374609805107118,590.3020406538787,596.4220406538788,1186.7240813077574,"{""S002:T0"": 1, ""S002:T2"": 1, ""S002:T3"": 1}"
P00257,S002,C,3,25.0,0.067,8,1,390.0,288.0,1909.8421660245544,8.0,0.3891878544281293,4.8864971645749655,4.797730739639053,0.0887664249359131,611.3310830122772,620.5110830122771,1231.8421660245544,"{""S002:T0"": 1, ""S002:T2"": 1, ""S002:T3"": 1}"
P00258,S002,C,4,39.0,0.094,12,1,420.0,324.0,1975.8421660245544,8.0,0.35361539699923494,5.1710768240061205,5.072706441020433,0.09837038298568727,611.3310830122772,620.5110830122771,1231.8421660245544,"{""S002:T0"": 1, ""S002:T2"": 1, ""S002:T3"": 2}"
P00259,S002,C,5,53.0,0.121,8,1,450.0,360.0,2041.8421660245544,8.0,0.29975023868562956,5.601998090514964,5.494023749479502,0.10797434103546144,611.3310830122772,620.5110830122771,1231.8421660245544,"{""S002:T0"": 1, ""S002:T2"": 1, ""S002:T3"": 3}"
P00260,S002,C,6,67.0,0.14800000000000002,2,1,480.0,396.0,2107.8421660245544,8.0,0.2148736989968668,6.2810104080250655,6.16343210893983,0.11757829908523558,611.3310830122772,620.5110830122771,1231.8421660245544,"{""S002:T0"": 1, ""S002:T2"": 1, ""S002:T3"": 4}"
P00261,S002,B,3,19.0,0.068,1,1,390.0,240.0,1816.7240813077574,4.0,0.37776644700099293,2.4889342119960283,2.409304095966289,0.07963011602973939,590.3020406538787,596.4220406538788,1186.7240813077574,"{""S002:T0"": 1, ""S002:T2"": 2}"
P00262,S002,C,3,19.0,0.068,1,1,390.0,288.0,1909.8421660245544,8.0,0.4003540905198386,4.797167275841291,4.71251683292671,0.08465044291458132,611.3310830122772,620.5110830122771,1231.8421660245544,"{""S002:T0"": 1, ""S002:T2"": 2}"
P00263,S002,C,4,33.0,0.095,4,1,420.0,324.0,1975.8421660245544,8.0,0.37066833334718463,5.034653333222523,4.940398932258168,0.09425440096435547,611.3310830122772,620.5110830122771,1231.8421660245544,"{""S002:T0"": 1, ""S002:T2"": 2, ""S002:T3"": 1}"
P00264,S002,C,5,47.0,0.122,6,1,450.0,360.0,2041.8421660245544,8.0,0.32565576082899783,5.394753913368017,5.290895554353888,0.10385835901412965,611.3310830122772,620.5110830122771,1231.8421660245544,"{""S002:T0"": 1, ""S002:T2"": 2, ""S002:T3"": 2}"
P00265,S002,C,6,61.0,0.14900000000000002,4,1,480.0,396.0,2107.8421660245544,8.0,0.25638055008401306,5.9489555993278955,5.835493282263991,0.11346231706390383,611.3310830122772,620.5110830122771,1231.8421660245544,"{""S002:T0"": 1, ""S002:T2"": 2, ""S002:T3"": 3}"
P00267,S002,A,2,9.0,0.047,1,1,360.0,210.0,2003.7752084462204,4.5,0.3763823763996208,2.806279306201706,2.728386377671967,0.07789292852973938,713.8276042231101,719.9476042231101,1433.7752084462204,"{""S002:T0"": 1, ""S002:T1"": 1}"
P00268,S002,B,2,9.0,0.047,1,1,360.0,210.0,1756.7240813077574,4.0,0.43235966561653083,2.2705613375338767,2.1977911915396904,0.07277014599418641,590.3020406538787,596.4220406538788,1186.7240813077574,"{""S002:T0"": 1, ""S002:T1"": 1}"
P00269,S002,C,2,9.0,0.047,1,1,360.0,252.0,1843.8421660245544,8.0,0.41424622266687217,4.686030218665023,4.608239745785994,0.07779047287902834,611.3310830122772,620.5110830122771,1231.8421660245544,"{""S002:T0"": 1, ""S002:T1"": 1}"
P00270,S002,C,3,23.0,0.074,4,1,390.0,288.0,1909.8421660245544,8.0,0.3931541347050195,4.854766922359844,4.767372491431042,0.0873944309288025,611.3310830122772,620.5110830122771,1231.8421660245544,"{""S002:T0"": 1, ""S002:T1"": 1, ""S002:T3"": 1}"
P00271,S002,C,4,37.0,0.101,6,1,420.0,324.0,1975.8421660245544,8.0,0.35963441498102466,5.122924680151803,5.025926291173226,0.09699838897857668,611.3310830122772,620.5110830122771,1231.8421660245544,"{""S002:T0"": 1, ""S002:T1"": 1, ""S002:T3"": 2}"
P00272,S002,C,5,51.0,0.128,4,1,450.0,360.0,2041.8421660245544,8.0,0.30893001222733696,5.528559902181304,5.421957555152954,0.10660234702835084,611.3310830122772,620.5110830122771,1231.8421660245544,"{""S002:T0"": 1, ""S002:T1"": 1, ""S002:T3"": 3}"
P00273,S002,C,6,65.0,0.155,1,1,480.0,396.0,2107.8421660245544,8.0,0.2297434318033642,6.162052545573086,6.045846240494961,0.11620630507812502,611.3310830122772,620.5110830122771,1231.8421660245544,"{""S002:T0"": 1, ""S002:T1"": 1, ""S002:T3"": 4}"
P00274,S002,C,3,17.0,0.075,2,1,390.0,288.0,1909.8421660245544,8.0,0.4035991142611064,4.771207085911149,4.687928637003678,0.08327844890747073,611.3310830122772,620.5110830122771,1231.8421660245544,"{""S002:T0"": 1, ""S002:T1"": 1, ""S002:T2"": 1}"
P00275,S002,C,4,31.0,0.10200000000000001,8,1,420.0,324.0,1975.8421660245544,8.0,0.37571963048500134,4.994242956119989,4.901360549162744,0.0928824069572449,611.3310830122772,620.5110830122771,1231.8421660245544,"{""S002:T0"": 1, ""S002:T1"": 1, ""S002:T2"": 1, ""S002:T3"": 1}"
P00276,S002,C,5,45.0,0.129,12,1,450.0,360.0,2041.8421660245544,8.0,0.33328249448795333,5.333740044096373,5.231253679089354,0.10248636500701905,611.3310830122772,620.5110830122771,1231.8421660245544,"{""S002:T0"": 1, ""S002:T1"": 1, ""S002:T2"": 1, ""S002:T3"": 2}"
P00277,S002,C,6,59.0,0.156,8,1,480.0,396.0,2107.8421660245544,8.0,0.2683444113080645,5.853244709535484,5.741154386478691,0.11209032305679323,611.3310830122772,620.5110830122771,1231.8421660245544,"{""S002:T0"": 1, ""S002:T1"": 1, ""S002:T2"": 1, ""S002:T3"": 3}"
P00279,S002,C,4,25.0,0.10300000000000001,1,1,420.0,324.0,1975.8421660245544,8.0,0.3891878544281293,4.8864971645749655,4.797730739639053,0.0887664249359131,611.3310830122772,620.5110830122771,1231.8421660245544,"{""S002:T0"": 1, ""S002:T1"": 1, ""S002:T2"": 2}"
P00280,S002,C,5,39.0,0.13,4,1,450.0,360.0,2041.8421660245544,8.0,0.35361539699923494,5.1710768240061205,5.072706441020433,0.09837038298568727,611.3310830122772,620.5110830122771,1231.8421660245544,"{""S002:T0"": 1, ""S002:T1"": 1, ""S002:T2"": 2, ""S002:T3"": 1}"
P00281,S002,C,6,53.0,0.157,6,1,480.0,396.0,2107.8421660245544,8.0,0.29975023868562956,5.601998090514964,5.494023749479502,0.10797434103546144,611.3310830122772,620.5110830122771,1231.8421660245544,"{""S002:T0"": 1, ""S002:T1"": 1, ""S002:T2"": 2, ""S002:T3"": 2}"
P00282,S002,C,7,67.0,0.184,4,1,510.0,432.0,2173.8421660245544,8.0,0.2148736989968668,6.2810104080250655,6.16343210893983,0.11757829908523558,611.3310830122772,620.5110830122771,1231.8421660245544,"{""S002:T0"": 1, ""S002:T1"": 1, ""S002:T2"": 2, ""S002:T3"": 3}"
P00283,S003,A,1,14.0,0.027,4,4,330.0,180.0,2202.7372306302605,4.5,0.3484985958877531,2.931756318505111,2.7345872885207427,0.19716902998436825,839.3419486484636,853.3952819817969,1692.7372306302605,"{""S003:T3"": 1}"
P00284,S003,B,1,14.0,0.027,4,4,330.0,180.0,1960.6096650380628,4.0,0.3939203787357569,2.4243184850569723,2.2395899936358026,0.1847284914211697,718.2781658523646,732.331499185698,1450.6096650380628,"{""S003:T3"": 1}"
P00285,S003,C,1,14.0,0.027,4,4,330.0,216.0,2106.1777110992607,8.0,0.4051641548382864,4.758686761293709,4.561766542080605,0.19692021921310426,769.5488555496303,790.6288555496302,1560.1777110992605,"{""S003:T3"": 1}"
P00286,S003,B,2,28.0,0.054,6,2,360.0,210.0,2020.6096650380628,4.0,0.2658323447765689,2.9366706208937243,2.7289406393729654,0.20772998152075875,718.2781658523646,732.331499185698,1450.6096650380628,"{""S003:T3"": 2}"
P00287,S003,C,2,28.0,0.054,6,2,360.0,252.0,2172.1777110992607,8.0,0.3786956998754446,4.970434400996443,4.75051269168375,0.2199217093126933,769.5488555496303,790.6288555496302,1560.1777110992605,"{""S003:T3"": 2}"
P00288,S003,C,3,42.0,0.081,4,1,390.0,288.0,2238.1777110992607,8.0,0.3389129356695689,5.288696514643449,5.045773315231166,0.24292319941228233,769.5488555496303,790.6288555496302,1560.1777110992605,"{""S003:T3"": 3}"
P00289,S003,C,4,56.0,0.108,1,1,420.0,324.0,2304.1777110992607,8.0,0.2793180618565072,5.765455505147942,5.499530815636071,0.2659246895118714,769.5488555496303,790.6288555496302,1560.1777110992605,"{""S003:T3"": 4}"
P00290,S003,A,1,8.0,0.028,2,2,330.0,180.0,2202.7372306302605,4.5,0.3663548363095276,2.851403236607126,2.66409198809401,0.1873112485131158,839.3419486484636,853.3952819817969,1692.7372306302605,"{""S003:T2"": 1}"
P00291,S003,B,1,8.0,0.028,2,2,330.0,180.0,1960.6096650380628,4.0,0.42116699998057194,2.3153320000777122,2.140461290127795,0.17487070994991727,718.2781658523646,732.331499185698,1450.6096650380628,"{""S003:T2"": 1}"
P00292,S003,C,1,8.0,0.028,2,2,330.0,216.0,2106.1777110992607,8.0,0.4130217185933772,4.695826251252982,4.5087638135111305,0.18706243774185183,769.5488555496303,790.6288555496302,1560.1777110992605,"{""S003:T2"": 1}"
P00293,S003,A,2,22.0,0.055,8,2,360.0,210.0,2262.7372306302605,4.5,0.3147002222029992,3.0838490000865035,2.8735362614737987,0.2103127386127048,839.3419486484636,853.3952819817969,1692.7372306302605,"{""S003:T2"": 1, ""S003:T3"": 1}"
P00294,S003,B,2,22.0,0.055,8,2,360.0,210.0,2020.6096650380628,4.0,0.3361554561775413,2.655378175289835,2.4575059752403288,0.19787220004950626,718.2781658523646,732.331499185698,1450.6096650380628,"{""S003:T2"": 1, ""S003:T3"": 1}"
P00295,S003,C,2,22.0,0.055,8,2,360.0,252.0,2172.1777110992607,8.0,0.3914653391996521,4.868277286402783,4.658213358561342,0.21006392784144087,769.5488555496303,790.6288555496302,1560.1777110992605,"{""S003:T2"": 1, ""S003:T3"": 1}"
P00296,S003,C,3,36.0,0.082,12,2,390.0,288.0,2238.1777110992607,8.0,0.3578853365816951,5.136917307346439,4.903851889405409,0.23306541794102992,769.5488555496303,790.6288555496302,1560.1777110992605,"{""S003:T2"": 1, ""S003:T3"": 2}"
P00297,S003,C,4,50.0,0.109,8,1,420.0,324.0,2304.1777110992607,8.0,0.3079601841869345,5.536318526504524,5.280251618463905,0.25606690804061893,769.5488555496303,790.6288555496302,1560.1777110992605,"{""S003:T2"": 1, ""S003:T3"": 3}"
P00298,S003,C,5,64.0,0.136,2,1,450.0,360.0,2370.1777110992607,8.0,0.23124980606860324,6.150001551451174,5.8709331533109665,0.27906839814020795,769.5488555496303,790.6288555496302,1560.1777110992605,"{""S003:T2"": 1, ""S003:T3"": 4}"
P00299,S003,A,2,16.0,0.056,1,1,360.0,210.0,2262.7372306302605,4.5,0.34120142125766395,2.964593604340512,2.7641386471990597,0.20045495714145237,839.3419486484636,853.3952819817969,1692.7372306302605,"{""S003:T2"": 2}"
P00300,S003,B,2,16.0,0.056,1,1,360.0,210.0,2020.6096650380628,4.0,0.38217060979582673,2.471317560816693,2.2833031422384393,0.18801441857825385,718.2781658523646,732.331499185698,1450.6096650380628,"{""S003:T2"": 2}"
P00301,S003,C,2,16.0,0.056,1,1,360.0,252.0,2172.1777110992607,8.0,0.40208224589486186,4.783342032841105,4.583135886470917,0.20020614637018844,769.5488555496303,790.6288555496302,1560.1777110992605,"{""S003:T2"": 2}"
P00302,S003,C,3,30.0,0.083,4,1,390.0,288.0,2238.1777110992607,8.0,0.37392307270111946,5.008615418391044,4.785407781921267,0.22320763646977745,769.5488555496303,790.6288555496302,1560.1777110992605,"{""S003:T2"": 2, ""S003:T3"": 1}"
P00303,S003,C,4,44.0,0.11,6,1,420.0,324.0,2304.1777110992607,8.0,0.3318372124914769,5.345302300068185,5.099093173498818,0.24620912656936647,769.5488555496303,790.6288555496302,1560.1777110992605,"{""S003:T2"": 2, ""S003:T3"": 2}"
P00304,S003,C,5,58.0,0.137,4,1,450.0,360.0,2370.1777110992607,8.0,0.2684893182406217,5.852085454075026,5.582874837406071,0.2692106166689555,769.5488555496303,790.6288555496302,1560.1777110992605,"{""S003:T2"": 2, ""S003:T3"": 3}"
P00306,S003,A,1,6.0,0.035,1,1,330.0,180.0,2202.7372306302605,4.5,0.3710024083294875,2.8304891625173063,2.6464638411612746,0.18402532135603164,839.3419486484636,853.3952819817969,1692.7372306302605,"{""S003:T1"": 1}"
P00307,S003,B,1,6.0,0.035,1,1,330.0,180.0,1960.6096650380628,4.0,0.427918301087281,2.288326795650876,2.116742012858043,0.17158478279283312,718.2781658523646,732.331499185698,1450.6096650380628,"{""S003:T1"": 1}"
P00308,S003,C,1,6.0,0.035,1,1,330.0,216.0,2106.1777110992607,8.0,0.4151476007803049,4.678819193757561,4.495042683172794,0.18377651058476768,769.5488555496303,790.6288555496302,1560.1777110992605,"{""S003:T1"": 1}"
P00309,S003,B,2,20.0,0.062,4,1,360.0,210.0,2020.6096650380628,4.0,0.3535754544147204,2.5856981823411185,2.3911119094486963,0.19458627289242217,718.2781658523646,732.331499185698,1450.6096650380628,"{""S003:T1"": 1, ""S003:T3"": 1}"
P00310,S003,C,2,20.0,0.062,4,1,360.0,252.0,2172.1777110992607,8.0,0.3952355332130464,4.838115734295629,4.631337733611272,0.20677800068435673,769.5488555496303,790.6288555496302,1560.1777110992605,"{""S003:T1"": 1, ""S003:T3"": 1}"
P00311,S003,C,3,34.0,0.089,6,1,390.0,288.0,2238.1777110992607,8.0,0.3635327807950359,5.091737753639713,4.861958262855767,0.22977949078394577,769.5488555496303,790.6288555496302,1560.1777110992605,"{""S003:T1"": 1, ""S003:T3"": 2}"
P00312,S003,C,4,48.0,0.116,4,1,420.0,324.0,2304.1777110992607,8.0,0.316394119277817,5.468847045777464,5.216066064893929,0.2527809808835348,769.5488555496303,790.6288555496302,1560.1777110992605,"{""S003:T1"": 1, ""S003:T3"": 3}"
P00313,S003,C,5,62.0,0.14300000000000002,1,1,450.0,360.0,2370.1777110992607,8.0,0.24453361403817775,6.043731087694578,5.767948616711454,0.2757824709831238,769.5488555496303,790.6288555496302,1560.1777110992605,"{""S003:T1"": 1, ""S003:T3"": 4}"
P00314,S003,B,2,14.0,0.063,2,1,360.0,210.0,2020.6096650380628,4.0,0.3939203787357569,2.4243184850569723,2.2395899936358026,0.1847284914211697,718.2781658523646,732.331499185698,1450.6096650380628,"{""S003:T1"": 1, ""S003:T2"": 1}"
P00315,S003,C,2,14.0,0.063,2,1,360.0,252.0,2172.1777110992607,8.0,0.4051641548382864,4.758686761293709,4.561766542080605,0.19692021921310426,769.5488555496303,790.6288555496302,1560.1777110992605,"{""S003:T1"": 1, ""S003:T2"": 1}"
P00316,S003,C,3,28.0,0.09,8,1,390.0,288.0,2238.1777110992607,8.0,0.3786956998754446,4.970434400996443,4.75051269168375,0.2199217093126933,769.5488555496303,790.6288555496302,1560.1777110992605,"{""S003:T1"": 1, ""S003:T2"": 1, ""S003:T3"": 1}"
P00317,S003,C,4,42.0,0.117,12,1,420.0,324.0,2304.1777110992607,8.0,0.3389129356695689,5.288696514643449,5.045773315231166,0.24292319941228233,769.5488555496303,790.6288555496302,1560.1777110992605,"{""S003:T1"": 1, ""S003:T2"": 1, ""S003:T3"": 2}"
P00318,S003,C,5,56.0,0.14400000000000002,8,1,450.0,360.0,2370.1777110992607,8.0,0.2793180618565072,5.765455505147942,5.499530815636071,0.2659246895118714,769.5488555496303,790.6288555496302,1560.1777110992605,"{""S003:T1"": 1, ""S003:T2"": 1, ""S003:T3"": 3}"
P00320,S003,C,3,22.0,0.091,1,1,390.0,288.0,2238.1777110992607,8.0,0.3914653391996521,4.868277286402783,4.658213358561342,0.21006392784144087,769.5488555496303,790.6288555496302,1560.1777110992605,"{""S003:T1"": 1, ""S003:T2"": 2}"
P00321,S003,C,4,36.0,0.11800000000000001,4,1,420.0,324.0,2304.1777110992607,8.0,0.3578853365816951,5.136917307346439,4.903851889405409,0.23306541794102992,769.5488555496303,790.6288555496302,1560.1777110992605,"{""S003:T1"": 1, ""S003:T2"": 2, ""S003:T3"": 1}"
P00322,S003,C,5,50.0,0.14500000000000002,6,1,450.0,360.0,2370.1777110992607,8.0,0.3079601841869345,5.536318526504524,5.280251618463905,0.25606690804061893,769.5488555496303,790.6288555496302,1560.1777110992605,"{""S003:T1"": 1, ""S003:T2"": 2, ""S003:T3"": 2}"
P00323,S003,C,6,64.0,0.17200000000000001,4,1,480.0,396.0,2436.1777110992607,8.0,0.23124980606860324,6.150001551451174,5.8709331533109665,0.27906839814020795,769.5488555496303,790.6288555496302,1560.1777110992605,"{""S003:T1"": 1, ""S003:T2"": 2, ""S003:T3"": 3}"
P00325,S003,A,1,3.0,0.012,1,1,330.0,180.0,2202.7372306302605,4.5,0.37665877144425997,2.80503552850083,2.6259390978804245,0.17909643062040542,839.3419486484636,853.3952819817969,1692.7372306302605,"{""S003:T0"": 1}"
P00326,S003,B,1,3.0,0.012,1,1,330.0,180.0,1960.6096650380628,4.0,0.43592708720570517,2.2562916511771793,2.0896357591199726,0.1666558920572069,718.2781658523646,732.331499185698,1450.6096650380628,"{""S003:T0"": 1}"
P00327,S003,C,1,3.0,0.012,1,1,330.0,216.0,2106.1777110992607,8.0,0.41779140822067184,4.657668734234625,4.478821114385484,0.17884761984914146,769.5488555496303,790.6288555496302,1560.1777110992605,"{""S003:T0"": 1}"
P00328,S003,A,2,17.0,0.039,4,1,360.0,210.0,2262.7372306302605,4.5,0.3372821426024958,2.982230358288769,2.780132437568774,0.20209792071999444,839.3419486484636,853.3952819817969,1692.7372306302605,"{""S003:T0"": 1, ""S003:T3"": 1}"
P00329,S003,B,2,17.0,0.039,4,1,360.0,210.0,2020.6096650380628,4.0,0.3757042080395526,2.4971831678417895,2.3075257856849936,0.18965738215679592,718.2781658523646,732.331499185698,1450.6096650380628,"{""S003:T0"": 1, ""S003:T3"": 1}"
P00330,S003,C,2,17.0,0.039,4,1,360.0,252.0,2172.1777110992607,8.0,0.4004561867429448,4.7963505060564415,4.594501396107711,0.2018491099487305,769.5488555496303,790.6288555496302,1560.1777110992605,"{""S003:T0"": 1, ""S003:T3"": 1}"
P00331,S003,C,3,31.0,0.066,6,1,390.0,288.0,2238.1777110992607,8.0,0.3714337056323942,5.028530354940846,4.803679754892527,0.22485060004831953,769.5488555496303,790.6288555496302,1560.1777110992605,"{""S003:T0"": 1, ""S003:T3"": 2}"
P00332,S003,C,4,45.0,0.093,4,1,420.0,324.0,2304.1777110992607,8.0,0.32814369644446995,5.37485042844424,5.126998338296332,0.24785209014790854,769.5488555496303,790.6288555496302,1560.1777110992605,"{""S003:T0"": 1, ""S003:T3"": 3}"
P00333,S003,C,5,59.0,0.12,1,1,450.0,360.0,2370.1777110992607,8.0,0.26280116870298187,5.897590650376145,5.626737070128647,0.27085358024749756,769.5488555496303,790.6288555496302,1560.1777110992605,"{""S003:T0"": 1, ""S003:T3"": 4}"
P00334,S003,A,2,11.0,0.04,2,1,360.0,210.0,2262.7372306302605,4.5,0.3581620826812404,2.888270627934418,2.6960304886856763,0.19224013924874198,839.3419486484636,853.3952819817969,1692.7372306302605,"{""S003:T0"": 1, ""S003:T2"": 1}"
P00335,S003,B,2,11.0,0.04,2,1,360.0,210.0,2020.6096650380628,4.0,0.4089241147102528,2.3643035411589888,2.184503940473445,0.1797996006855435,718.2781658523646,732.331499185698,1450.6096650380628,"{""S003:T0"": 1, ""S003:T2"": 1}"
P00336,S003,C,2,11.0,0.04,2,1,360.0,252.0,2172.1777110992607,8.0,0.40935854521020143,4.725131638318389,4.533140309840911,0.19199132847747805,769.5488555496303,790.6288555496302,1560.1777110992605,"{""S003:T0"": 1, ""S003:T2"": 1}"
P00337,S003,B,3,25.0,0.067,8,1,390.0,240.0,2080.6096650380628,4.0,0.30496317789306815,2.7801472884277274,2.577346197642595,0.20280109078513253,718.2781658523646,732.331499185698,1450.6096650380628,"{""S003:T0"": 1, ""S003:T2"": 1, ""S003:T3"": 1}"
P00338,S003,C,3,25.0,0.067,8,1,390.0,288.0,2238.1777110992607,8.0,0.38536149552205745,4.91710803582354,4.702115217246473,0.2149928185770671,769.5488555496303,790.6288555496302,1560.1777110992605,"{""S003:T0"": 1, ""S003:T2"": 1, ""S003:T3"": 1}"
P00339,S003,C,4,39.0,0.094,12,1,420.0,324.0,2304.1777110992607,8.0,0.348799356510368,5.209605147917056,4.9716108392404,0.2379943086766561,769.5488555496303,790.6288555496302,1560.1777110992605,"{""S003:T0"": 1, ""S003:T2"": 1, ""S003:T3"": 2}"
P00340,S003,C,5,53.0,0.121,8,1,450.0,360.0,2370.1777110992607,8.0,0.29430907774629855,5.645527378029612,5.384531579253366,0.2609957987762452,769.5488555496303,790.6288555496302,1560.1777110992605,"{""S003:T0"": 1, ""S003:T2"": 1, ""S003:T3"": 3}"
P00341,S003,C,6,67.0,0.14800000000000002,2,1,480.0,396.0,2436.1777110992607,8.0,0.20942545342258811,6.324596372619295,6.04059908374346,0.2839972888758342,769.5488555496303,790.6288555496302,1560.1777110992605,"{""S003:T0"": 1, ""S003:T2"": 1, ""S003:T3"": 4}"
P00342,S003,B,3,19.0,0.068,1,1,390.0,240.0,2080.6096650380628,4.0,0.36144209816356976,2.554231607345721,2.361288298031841,0.1929433093138801,718.2781658523646,732.331499185698,1450.6096650380628,"{""S003:T0"": 1, ""S003:T2"": 2}"
P00343,S003,C,3,19.0,0.068,1,1,390.0,288.0,2238.1777110992607,8.0,0.3970331746182072,4.823734603054342,4.618599565948528,0.2051350371058146,769.5488555496303,790.6288555496302,1560.1777110992605,"{""S003:T0"": 1, ""S003:T2"": 2}"
P00344,S003,C,4,33.0,0.095,4,1,420.0,324.0,2304.1777110992607,8.0,0.3662404179158547,5.070076656673162,4.841940129467758,0.2281365272054037,769.5488555496303,790.6288555496302,1560.1777110992605,"{""S003:T0"": 1, ""S003:T2"": 2, ""S003:T3"": 1}"
P00345,S003,C,5,47.0,0.122,6,1,450.0,360.0,2370.1777110992607,8.0,0.3204262989113781,5.436589608708975,5.185451591403982,0.25113801730499274,769.5488555496303,790.6288555496302,1560.1777110992605,"{""S003:T0"": 1, ""S003:T2"": 2, ""S003:T3"": 2}"
P00346,S003,C,6,61.0,0.14900000000000002,4,1,480.0,396.0,2436.1777110992607,8.0,0.25083307961805223,5.993335363055582,5.719195855651001,0.27413950740458176,769.5488555496303,790.6288555496302,1560.1777110992605,"{""S003:T0"": 1, ""S003:T2"": 2, ""S003:T3"": 3}"
P00348,S003,A,2,9.0,0.047,1,1,360.0,210.0,2262.7372306302605,4.5,0.36378540040326834,2.8629656981852927,2.674011486093635,0.18895421209165789,839.3419486484636,853.3952819817969,1692.7372306302605,"{""S003:T0"": 1, ""S003:T1"": 1}"
P00349,S003,B,2,9.0,0.047,1,1,360.0,210.0,2020.6096650380628,4.0,0.41737390600392843,2.3305043759842863,2.153990702455827,0.17651367352845934,718.2781658523646,732.331499185698,1450.6096650380628,"{""S003:T0"": 1, ""S003:T1"": 1}"
P00350,S003,C,2,9.0,0.047,1,1,360.0,252.0,2172.1777110992607,8.0,0.41186174352373583,4.705106051810113,4.51640065048972,0.1887054013203939,769.5488555496303,790.6288555496302,1560.1777110992605,"{""S003:T0"": 1, ""S003:T1"": 1}"
P00351,S003,C,3,23.0,0.074,4,1,390.0,288.0,2238.1777110992607,8.0,0.3894913900284319,4.884068879772545,4.672361988352562,0.21170689141998292,769.5488555496303,790.6288555496302,1560.1777110992605,"{""S003:T0"": 1, ""S003:T1"": 1, ""S003:T3"": 1}"
P00352,S003,C,4,37.0,0.101,6,1,420.0,324.0,2304.1777110992607,8.0,0.3549410790502493,5.160471367598006,4.925762986078434,0.23470838151957193,769.5488555496303,790.6288555496302,1560.1777110992605,"{""S003:T0"": 1, ""S003:T1"": 1, ""S003:T3"": 2}"
P00353,S003,C,5,51.0,0.128,4,1,450.0,360.0,2370.1777110992607,8.0,0.30354856412971787,5.571611486962257,5.313901615343096,0.25770987161916104,769.5488555496303,790.6288555496302,1560.1777110992605,"{""S003:T0"": 1, ""S003:T1"": 1, ""S003:T3"": 3}"
P00354,S003,C,6,65.0,0.155,1,1,480.0,396.0,2436.1777110992607,8.0,0.22424150203852977,6.206067983691762,5.925356621973012,0.28071136171875005,769.5488555496303,790.6288555496302,1560.1777110992605,"{""S003:T0"": 1, ""S003:T1"": 1, ""S003:T3"": 4}"
P00355,S003,C,3,17.0,0.075,2,1,390.0,288.0,2238.1777110992607,8.0,0.4004561867429448,4.7963505060564415,4.594501396107711,0.2018491099487305,769.5488555496303,790.6288555496302,1560.1777110992605,"{""S003:T0"": 1, ""S003:T1"": 1, ""S003:T2"": 1}"
P00356,S003,C,4,31.0,0.10200000000000001,8,1,420.0,324.0,2304.1777110992607,8.0,0.3714337056323942,5.028530354940846,4.803679754892527,0.22485060004831953,769.5488555496303,790.6288555496302,1560.1777110992605,"{""S003:T0"": 1, ""S003:T1"": 1, ""S003:T2"": 1, ""S003:T3"": 1}"
P00357,S003,C,5,45.0,0.129,12,1,450.0,360.0,2370.1777110992607,8.0,0.32814369644446995,5.37485042844424,5.126998338296332,0.24785209014790854,769.5488555496303,790.6288555496302,1560.1777110992605,"{""S003:T0"": 1, ""S003:T1"": 1, ""S003:T2"": 1, ""S003:T3"": 2}"
P00358,S003,C,6,59.0,0.156,8,1,480.0,396.0,2436.1777110992607,8.0,0.26280116870298187,5.897590650376145,5.626737070128647,0.27085358024749756,769.5488555496303,790.6288555496302,1560.1777110992605,"{""S003:T0"": 1, ""S003:T1"": 1, ""S003:T2"": 1, ""S003:T3"": 3}"
P00360,S003,C,4,25.0,0.10300000000000001,1,1,420.0,324.0,2304.1777110992607,8.0,0.38536149552205745,4.91710803582354,4.702115217246473,0.2149928185770671,769.5488555496303,790.6288555496302,1560.1777110992605,"{""S003:T0"": 1, ""S003:T1"": 1, ""S003:T2"": 2}"
P00361,S003,C,5,39.0,0.13,4,1,450.0,360.0,2370.1777110992607,8.0,0.348799356510368,5.209605147917056,4.9716108392404,0.2379943086766561,769.5488555496303,790.6288555496302,1560.1777110992605,"{""S003:T0"": 1, ""S003:T1"": 1, ""S003:T2"": 2, ""S003:T3"": 1}"
P00362,S003,C,6,53.0,0.157,6,1,480.0,396.0,2436.1777110992607,8.0,0.29430907774629855,5.645527378029612,5.384531579253366,0.2609957987762452,769.5488555496303,790.6288555496302,1560.1777110992605,"{""S003:T0"": 1, ""S003:T1"": 1, ""S003:T2"": 2, ""S003:T3"": 2}"
P00363,S003,C,7,67.0,0.184,4,1,510.0,432.0,2502.1777110992607,8.0,0.20942545342258811,6.324596372619295,6.04059908374346,0.2839972888758342,769.5488555496303,790.6288555496302,1560.1777110992605,"{""S003:T0"": 1, ""S003:T1"": 1, ""S003:T2"": 2, ""S003:T3"": 3}"
P00364,S004,A,1,14.0,0.027,3,3,330.0,180.0,2118.797718228741,4.5,0.3254777900104986,3.035349944952756,2.9043189572848247,0.13103098766793148,801.0455257810371,807.7521924477038,1608.797718228741,"{""S004:T3"": 1}"
P00365,S004,B,1,14.0,0.027,3,3,330.0,180.0,1861.6416633525241,4.0,0.37467662972759963,2.5012934810896015,2.3785979340891403,0.12269554700046115,672.4674983429287,679.1741650095954,1351.6416633525241,"{""S004:T3"": 1}"
P00366,S004,C,1,14.0,0.027,3,3,330.0,216.0,1971.054718772446,8.0,0.3780284095580121,4.975772723535903,4.844908444681321,0.13086427885458204,707.497359386223,717.557359386223,1425.054718772446,"{""S004:T3"": 1}"
P00367,S004,B,2,28.0,0.054,3,1,360.0,210.0,1921.6416633525241,4.0,0.2411619513632547,3.0353521945469812,2.898321829223173,0.13703036532380847,672.4674983429287,679.1741650095954,1351.6416633525241,"{""S004:T3"": 2}"
P00368,S004,C,2,28.0,0.054,3,1,360.0,252.0,2037.054718772446,8.0,0.3511788903068387,5.1905688775452905,5.045369780367361,0.14519909717792936,707.497359386223,717.557359386223,1425.054718772446,"{""S004:T3"": 2}"
P00369,S004,C,3,42.0,0.081,1,1,390.0,288.0,2103.054718772446,8.0,0.3101886629129703,5.5184906966962375,5.358956781194961,0.15953391550127666,707.497359386223,717.557359386223,1425.054718772446,"{""S004:T3"": 3}"
P00370,S004,A,1,8.0,0.028,1,1,330.0,180.0,2118.797718228741,4.5,0.3434809744418317,2.9543356150117575,2.8294481209109748,0.12488749410078262,801.0455257810371,807.7521924477038,1608.797718228741,"{""S004:T2"": 1}"
P00371,S004,B,1,8.0,0.028,1,1,330.0,180.0,1861.6416633525241,4.0,0.40253287091473267,2.3898685163410693,2.273316462907757,0.11655205343331229,672.4674983429287,679.1741650095954,1351.6416633525241,"{""S004:T2"": 1}"
P00372,S004,C,1,8.0,0.028,1,1,330.0,216.0,1971.054718772446,8.0,0.3858329121562971,4.913336702749623,4.78861591746219,0.12472078528743322,707.497359386223,717.557359386223,1425.054718772446,"{""S004:T2"": 1}"
P00373,S004,A,2,22.0,0.055,3,1,360.0,210.0,2178.797718228741,4.5,0.2908634235952303,3.1911145938214633,3.0518922813973335,0.1392223124241299,801.0455257810371,807.7521924477038,1608.797718228741,"{""S004:T2"": 1, ""S004:T3"": 1}"
P00374,S004,B,2,22.0,0.055,3,1,360.0,210.0,1921.6416633525241,4.0,0.3147683748535818,2.740926500585673,2.6100396288290133,0.1308868717566596,672.4674983429287,679.1741650095954,1351.6416633525241,"{""S004:T2"": 1, ""S004:T3"": 1}"
P00375,S004,C,2,22.0,0.055,3,1,360.0,252.0,2037.054718772446,8.0,0.36420035352469815,5.086397171802415,4.947341568191634,0.1390556036107805,707.497359386223,717.557359386223,1425.054718772446,"{""S004:T2"": 1, ""S004:T3"": 1}"
P00376,S004,C,3,36.0,0.082,3,1,390.0,288.0,2103.054718772446,8.0,0.3297978836849341,5.361616930520527,5.2082265085863995,0.15339042193412783,707.497359386223,717.557359386223,1425.054718772446,"{""S004:T2"": 1, ""S004:T3"": 2}"
P00377,S004,C,4,50.0,0.109,1,1,420.0,324.0,2169.054718772446,8.0,0.2780357455121435,5.775714035902852,5.607988795645377,0.16772524025747512,707.497359386223,717.557359386223,1425.054718772446,"{""S004:T2"": 1, ""S004:T3"": 3}"
P00378,S004,A,1,6.0,0.035,1,1,330.0,180.0,2118.797718228741,4.5,0.34809655896577096,2.933565484654031,2.810725821742298,0.12283966291173301,801.0455257810371,807.7521924477038,1608.797718228741,"{""S004:T1"": 1}"
P00379,S004,B,1,6.0,0.035,1,1,330.0,180.0,1861.6416633525241,4.0,0.409342702884527,2.362629188461892,2.2481249662176293,0.11450422224426271,672.4674983429287,679.1741650095954,1351.6416633525241,"{""S004:T1"": 1}"
P00380,S004,C,1,6.0,0.035,1,1,330.0,216.0,1971.054718772446,8.0,0.38791048855541277,4.896716091556698,4.774043137458314,0.12267295409838358,707.497359386223,717.557359386223,1425.054718772446,"{""S004:T1"": 1}"
P00381,S004,B,2,20.0,0.062,3,1,360.0,210.0,1921.6416633525241,4.0,0.33290909373842337,2.6683636250463065,2.5395245844786967,0.12883904056761,672.4674983429287,679.1741650095954,1351.6416633525241,"{""S004:T1"": 1, ""S004:T3"": 1}"
P00382,S004,C,2,20.0,0.062,3,1,360.0,252.0,2037.054718772446,8.0,0.36802430168138833,5.055805586548893,4.918797814127163,0.1370077724217309,707.497359386223,717.557359386223,1425.054718772446,"{""S004:T1"": 1, ""S004:T3"": 1}"
P00383,S004,C,3,34.0,0.089,3,1,390.0,288.0,2103.054718772446,8.0,0.33561560010280156,5.3150751991775875,5.163732608432509,0.15134259074507822,707.497359386223,717.557359386223,1425.054718772446,"{""S004:T1"": 1, ""S004:T3"": 2}"
P00384,S004,C,4,48.0,0.116,1,1,420.0,324.0,2169.054718772446,8.0,0.2868129060530482,5.705496751575614,5.539819342507188,0.1656774090684255,707.497359386223,717.557359386223,1425.054718772446,"{""S004:T1"": 1, ""S004:T3"": 3}"
P00385,S004,B,2,14.0,0.063,1,1,360.0,210.0,1921.6416633525241,4.0,0.37467662972759963,2.5012934810896015,2.3785979340891403,0.12269554700046115,672.4674983429287,679.1741650095954,1351.6416633525241,"{""S004:T1"": 1, ""S004:T2"": 1}"
P00386,S004,C,2,14.0,0.063,1,1,360.0,252.0,2037.054718772446,8.0,0.3780284095580121,4.975772723535903,4.844908444681321,0.13086427885458204,707.497359386223,717.557359386223,1425.054718772446,"{""S004:T1"": 1, ""S004:T2"": 1}"
P00387,S004,C,3,28.0,0.09,3,1,390.0,288.0,2103.054718772446,8.0,0.3511788903068387,5.1905688775452905,5.045369780367361,0.14519909717792936,707.497359386223,717.557359386223,1425.054718772446,"{""S004:T1"": 1, ""S004:T2"": 1, ""S004:T3"": 1}"
P00388,S004,C,4,42.0,0.117,3,1,420.0,324.0,2169.054718772446,8.0,0.3101886629129703,5.5184906966962375,5.358956781194961,0.15953391550127666,707.497359386223,717.557359386223,1425.054718772446,"{""S004:T1"": 1, ""S004:T2"": 1, ""S004:T3"": 2}"
P00389,S004,C,5,56.0,0.14400000000000002,1,1,450.0,360.0,2235.054718772446,8.0,0.24815661843851367,6.014747052491891,5.840878318667267,0.17386873382462398,707.497359386223,717.557359386223,1425.054718772446,"{""S004:T1"": 1, ""S004:T2"": 1, ""S004:T3"": 3}"
P00390,S004,A,1,3.0,0.012,1,1,330.0,180.0,2118.797718228741,4.5,0.3536233211046045,2.9086950550292796,2.788927138901121,0.11976791612815857,801.0455257810371,807.7521924477038,1608.797718228741,"{""S004:T0"": 1}"
P00391,S004,B,1,3.0,0.012,1,1,330.0,180.0,1861.6416633525241,4.0,0.4173078139879559,2.3307687440481764,2.219336268587488,0.11143247546068827,672.4674983429287,679.1741650095954,1351.6416633525241,"{""S004:T0"": 1}"
P00392,S004,C,1,3.0,0.012,1,1,330.0,216.0,1971.054718772446,8.0,0.39044800901082266,4.876415927913419,4.7568147205986095,0.1196012073148092,707.497359386223,717.557359386223,1425.054718772446,"{""S004:T0"": 1}"
P00393,S004,A,2,17.0,0.039,3,1,360.0,210.0,2178.797718228741,4.5,0.31404583137121345,3.0867937588295393,2.9526910243780335,0.1341027344515059,801.0455257810371,807.7521924477038,1608.797718228741,"{""S004:T0"": 1, ""S004:T3"": 1}"
P00394,S004,B,2,17.0,0.039,3,1,360.0,210.0,1921.6416633525241,4.0,0.35587057722947135,2.5765176910821146,2.450750397298079,0.1257672937840356,672.4674983429287,679.1741650095954,1351.6416633525241,"{""S004:T0"": 1, ""S004:T3"": 1}"
P00395,S004,C,2,17.0,0.039,3,1,360.0,252.0,2037.054718772446,8.0,0.37329860913908086,5.013611126887353,4.879675101249196,0.1339360256381565,707.497359386223,717.557359386223,1425.054718772446,"{""S004:T0"": 1, ""S004:T3"": 1}"
P00396,S004,C,3,31.0,0.066,3,1,390.0,288.0,2103.054718772446,8.0,0.34373653922648617,5.250107686188111,5.101836842226607,0.14827084396150378,707.497359386223,717.557359386223,1425.054718772446,"{""S004:T0"": 1, ""S004:T3"": 2}"
P00397,S004,C,4,45.0,0.093,1,1,420.0,324.0,2169.054718772446,8.0,0.2990213774953723,5.607828980037022,5.445223317752171,0.1626056622848511,707.497359386223,717.557359386223,1425.054718772446,"{""S004:T0"": 1, ""S004:T3"": 3}"
P00398,S004,A,2,11.0,0.04,1,1,360.0,210.0,2178.797718228741,4.5,0.3352603918927296,2.9913282364827167,2.8633689955983597,0.12795924088435703,801.0455257810371,807.7521924477038,1608.797718228741,"{""S004:T0"": 1, ""S004:T2"": 1}"
P00399,S004,B,2,11.0,0.04,1,1,360.0,210.0,1921.6416633525241,4.0,0.39007085657274454,2.439716573709022,2.320092773492135,0.11962380021688673,672.4674983429287,679.1741650095954,1351.6416633525241,"{""S004:T0"": 1, ""S004:T2"": 1}"
P00400,S004,C,2,11.0,0.04,1,1,360.0,252.0,2037.054718772446,8.0,0.3822127552663006,4.942297957869595,4.814505425798587,0.12779253207100763,707.497359386223,717.557359386223,1425.054718772446,"{""S004:T0"": 1, ""S004:T2"": 1}"
P00401,S004,B,3,25.0,0.067,3,1,390.0,240.0,1981.6416633525241,4.0,0.28218080752922026,2.871276769883119,2.737318151342885,0.13395861854023405,672.4674983429287,679.1741650095954,1351.6416633525241,"{""S004:T0"": 1, ""S004:T2"": 1, ""S004:T3"": 1}"
P00402,S004,C,3,25.0,0.067,3,1,390.0,288.0,2103.054718772446,8.0,0.35798803765176535,5.136095698785877,4.9939683483915225,0.14212735039435495,707.497359386223,717.557359386223,1425.054718772446,"{""S004:T0"": 1, ""S004:T2"": 1, ""S004:T3"": 1}"
P00403,S004,C,4,39.0,0.094,3,1,420.0,324.0,2169.054718772446,8.0,0.32041833475351233,5.436653321971901,5.280191153254199,0.15646216871770227,707.497359386223,717.557359386223,1425.054718772446,"{""S004:T0"": 1, ""S004:T2"": 1, ""S004:T3"": 2}"
P00404,S004,C,5,53.0,0.121,1,1,450.0,360.0,2235.054718772446,8.0,0.2638077197694525,5.88953824184438,5.71874125480333,0.17079698704104956,707.497359386223,717.557359386223,1425.054718772446,"{""S004:T0"": 1, ""S004:T2"": 1, ""S004:T3"": 3}"
P00405,S004,A,2,9.0,0.047,1,1,360.0,210.0,2178.797718228741,4.5,0.34091228516859695,2.965894716741314,2.8399833070460065,0.12591140969530742,801.0455257810371,807.7521924477038,1608.797718228741,"{""S004:T0"": 1, ""S004:T1"": 1}"
P00406,S004,B,2,9.0,0.047,1,1,360.0,210.0,1921.6416633525241,4.0,0.3986846014289466,2.4052615942842137,2.2876856252563766,0.11757596902783711,672.4674983429287,679.1741650095954,1351.6416633525241,"{""S004:T0"": 1, ""S004:T1"": 1}"
P00407,S004,C,2,9.0,0.047,1,1,360.0,252.0,2037.054718772446,8.0,0.3846910672294239,4.922471462164609,4.796726761282651,0.12574470088195802,707.497359386223,717.557359386223,1425.054718772446,"{""S004:T0"": 1, ""S004:T1"": 1}"
P00408,S004,C,3,23.0,0.074,3,1,390.0,288.0,2103.054718772446,8.0,0.3621940123632823,5.102447901093742,4.962368381888436,0.14007951920530531,707.497359386223,717.557359386223,1425.054718772446,"{""S004:T0"": 1, ""S004:T1"": 1, ""S004:T3"": 1}"
P00409,S004,C,4,37.0,0.101,3,1,420.0,324.0,2169.054718772446,8.0,0.3267610086009607,5.3859119311923145,5.231497593663661,0.15441433752865263,707.497359386223,717.557359386223,1425.054718772446,"{""S004:T0"": 1, ""S004:T1"": 1, ""S004:T3"": 2}"
P00410,S004,C,5,51.0,0.128,1,1,450.0,360.0,2235.054718772446,8.0,0.273440430944927,5.812476552440584,5.643727396588584,0.16874915585199995,707.497359386223,717.557359386223,1425.054718772446,"{""S004:T0"": 1, ""S004:T1"": 1, ""S004:T3"": 3}"
P00411,S004,C,3,17.0,0.075,1,1,390.0,288.0,2103.054718772446,8.0,0.37329860913908086,5.013611126887353,4.879675101249196,0.1339360256381565,707.497359386223,717.557359386223,1425.054718772446,"{""S004:T0"": 1, ""S004:T1"": 1, ""S004:T2"": 1}"
P00412,S004,C,4,31.0,0.10200000000000001,3,1,420.0,324.0,2169.054718772446,8.0,0.34373653922648617,5.250107686188111,5.101836842226607,0.14827084396150378,707.497359386223,717.557359386223,1425.054718772446,"{""S004:T0"": 1, ""S004:T1"": 1, ""S004:T2"": 1, ""S004:T3"": 1}"
P00413,S004,C,5,45.0,0.129,3,1,450.0,360.0,2235.054718772446,8.0,0.2990213774953723,5.607828980037022,5.445223317752171,0.1626056622848511,707.497359386223,717.557359386223,1425.054718772446,"{""S004:T0"": 1, ""S004:T1"": 1, ""S004:T2"": 1, ""S004:T3"": 2}"
P00414,S004,C,6,59.0,0.156,1,1,480.0,396.0,2301.054718772446,8.0,0.2308849309656894,6.152920552274485,5.975980071666286,0.17694048060819836,707.497359386223,717.557359386223,1425.054718772446,"{""S004:T0"": 1, ""S004:T1"": 1, ""S004:T2"": 1, ""S004:T3"": 3}"
P00415,S005,A,1,14.0,0.027,3,3,330.0,180.0,1632.1881982380369,4.5,0.5364545329038953,2.085954601932471,1.9879663388336484,0.0979882630988227,558.8507657856851,563.3374324523518,1122.1881982380369,"{""S005:T3"": 1}"
P00416,S005,B,1,14.0,0.027,3,3,330.0,180.0,1456.168419267513,4.0,0.5700353240783302,1.719858703686679,1.6281175367216183,0.09174116696506077,470.84087630042313,475.3275429670898,946.168419267513,"{""S005:T3"": 1}"
P00417,S005,C,1,14.0,0.027,3,3,330.0,216.0,1547.1887154914712,8.0,0.5732329443017654,3.4141364455858767,3.316273124409729,0.09786332117614749,497.22935774573557,503.9593577457356,1001.1887154914712,"{""S005:T3"": 1}"
P00418,S005,B,2,28.0,0.054,3,1,360.0,210.0,1516.168419267513,4.0,0.4784671321408246,2.0861314714367016,1.983861387245485,0.10227008419121635,470.84087630042313,475.3275429670898,946.168419267513,"{""S005:T3"": 2}"
P00419,S005,C,2,28.0,0.054,3,1,360.0,252.0,1613.1887154914712,8.0,0.5547652016144131,3.561878387084695,3.453486148682392,0.1083922384023031,497.22935774573557,503.9593577457356,1001.1887154914712,"{""S005:T3"": 2}"
P00420,S005,C,3,42.0,0.081,1,1,390.0,288.0,1679.1887154914712,8.0,0.5266183388963774,3.7870532888289805,3.6681321332005217,0.11892115562845867,497.22935774573557,503.9593577457356,1001.1887154914712,"{""S005:T3"": 3}"
P00421,S005,A,1,8.0,0.028,1,1,330.0,180.0,1632.1881982380369,4.5,0.5488457439602161,2.0301941521790274,1.9367182821771287,0.09347587000189889,558.8507657856851,563.3374324523518,1122.1881982380369,"{""S005:T2"": 1}"
P00422,S005,B,1,8.0,0.028,1,1,330.0,180.0,1456.168419267513,4.0,0.5891793517227242,1.6432825931091033,1.5560538192409663,0.08722877386813693,470.84087630042313,475.3275429670898,946.168419267513,"{""S005:T2"": 1}"
P00423,S005,C,1,8.0,0.028,1,1,330.0,216.0,1547.1887154914712,8.0,0.5786134259177764,3.371092592657788,3.2777416645785644,0.09335092807922363,497.22935774573557,503.9593577457356,1001.1887154914712,"{""S005:T2"": 1}"
P00424,S005,A,2,22.0,0.055,3,1,360.0,210.0,1692.1881982380369,4.5,0.5126704367581449,2.1929830345883476,2.088978247360293,0.10400478722805448,558.8507657856851,563.3374324523518,1122.1881982380369,"{""S005:T2"": 1, ""S005:T3"": 1}"
P00425,S005,B,2,22.0,0.055,3,1,360.0,210.0,1516.168419267513,4.0,0.5289265296712036,1.8842938813151857,1.7865361902208932,0.09775769109429254,470.84087630042313,475.3275429670898,946.168419267513,"{""S005:T2"": 1, ""S005:T3"": 1}"
P00426,S005,C,2,22.0,0.055,3,1,360.0,252.0,1613.1887154914712,8.0,0.563716620946036,3.490267032431712,3.386387187126333,0.10387984530537925,497.22935774573557,503.9593577457356,1001.1887154914712,"{""S005:T2"": 1, ""S005:T3"": 1}"
P00427,S005,C,3,36.0,0.082,3,1,390.0,288.0,1679.1887154914712,8.0,0.5400789875718048,3.6793680994255613,3.5649593368940264,0.11440876253153484,497.22935774573557,503.9593577457356,1001.1887154914712,"{""S005:T2"": 1, ""S005:T3"": 2}"
P00428,S005,C,4,50.0,0.109,1,1,420.0,324.0,1745.1887154914712,8.0,0.5045589002360997,3.963528798111202,3.838591118353512,0.12493767975769043,497.22935774573557,503.9593577457356,1001.1887154914712,"{""S005:T2"": 1, ""S005:T3"": 3}"
P00429,S005,A,1,6.0,0.035,1,1,330.0,180.0,1632.1881982380369,4.5,0.5520278077468215,2.015874865139303,1.9239031261697122,0.09197173896959093,558.8507657856851,563.3374324523518,1122.1881982380369,"{""S005:T1"": 1}"
P00430,S005,B,1,6.0,0.035,1,1,330.0,180.0,1456.168419267513,4.0,0.5938661926411101,1.6245352294355597,1.5388105865997308,0.08572464283582899,470.84087630042313,475.3275429670898,946.168419267513,"{""S005:T1"": 1}"
P00431,S005,C,1,6.0,0.035,1,1,330.0,216.0,1547.1887154914712,8.0,0.5800483007056628,3.3596135943546974,3.2677667973077815,0.0918467970469157,497.22935774573557,503.9593577457356,1001.1887154914712,"{""S005:T1"": 1}"
P00432,S005,B,2,20.0,0.062,3,1,360.0,210.0,1516.168419267513,4.0,0.5413692066763061,1.8345231732947758,1.7382696132327913,0.09625356006198459,470.84087630042313,475.3275429670898,946.168419267513,"{""S005:T1"": 1, ""S005:T3"": 1}"
P00433,S005,C,2,20.0,0.062,3,1,360.0,252.0,1613.1887154914712,8.0,0.566346863157476,3.4692250947401924,3.366849380467121,0.10237571427307131,497.22935774573557,503.9593577457356,1001.1887154914712,"{""S005:T1"": 1, ""S005:T3"": 1}"
P00434,S005,C,3,34.0,0.089,3,1,390.0,288.0,1679.1887154914712,8.0,0.5440739367072944,3.647408506341644,3.534503874842417,0.1129046314992269,497.22935774573557,503.9593577457356,1001.1887154914712,"{""S005:T1"": 1, ""S005:T3"": 2}"
P00435,S005,C,4,48.0,0.116,1,1,420.0,324.0,1745.1887154914712,8.0,0.5105795481274029,3.915363614980777,3.7919300662553947,0.12343354872538251,497.22935774573557,503.9593577457356,1001.1887154914712,"{""S005:T1"": 1, ""S005:T3"": 3}"
P00436,S005,B,2,14.0,0.063,1,1,360.0,210.0,1516.168419267513,4.0,0.5700353240783302,1.719858703686679,1.6281175367216183,0.09174116696506077,470.84087630042313,475.3275429670898,946.168419267513,"{""S005:T1"": 1, ""S005:T2"": 1}"
P00437,S005,C,2,14.0,0.063,1,1,360.0,252.0,1613.1887154914712,8.0,0.5732329443017654,3.4141364455858767,3.316273124409729,0.09786332117614749,497.22935774573557,503.9593577457356,1001.1887154914712,"{""S005:T1"": 1, ""S005:T2"": 1}"
P00438,S005,C,3,28.0,0.09,3,1,390.0,288.0,1679.1887154914712,8.0,0.5547652016144131,3.561878387084695,3.453486148682392,0.1083922384023031,497.22935774573557,503.9593577457356,1001.1887154914712,"{""S005:T1"": 1, ""S005:T2"": 1, ""S005:T3"": 1}"
P00439,S005,C,4,42.0,0.117,3,1,420.0,324.0,1745.1887154914712,8.0,0.5266183388963774,3.7870532888289805,3.6681321332005217,0.11892115562845867,497.22935774573557,503.9593577457356,1001.1887154914712,"{""S005:T1"": 1, ""S005:T2"": 1, ""S005:T3"": 2}"
P00440,S005,C,5,56.0,0.14400000000000002,1,1,450.0,360.0,1811.1887154914712,8.0,0.4840686420959549,4.127450863232361,3.9980007903777466,0.12945007285461427,497.22935774573557,503.9593577457356,1001.1887154914712,"{""S005:T1"": 1, ""S005:T2"": 1, ""S005:T3"": 3}"
P00441,S005,A,1,3.0,0.012,1,1,330.0,180.0,1632.1881982380369,4.5,0.5558449399297648,1.9986977703160584,1.9089822278949293,0.08971554242112903,558.8507657856851,563.3374324523518,1122.1881982380369,"{""S005:T0"": 1}"
P00442,S005,B,1,3.0,0.012,1,1,330.0,180.0,1456.168419267513,4.0,0.5993566085675919,1.6025735657296323,1.5191051194422651,0.08346844628736708,470.84087630042313,475.3275429670898,946.168419267513,"{""S005:T0"": 1}"
P00443,S005,C,1,3.0,0.012,1,1,330.0,216.0,1547.1887154914712,8.0,0.5818044020411068,3.3455647836711457,3.255974183172692,0.0895906004984538,497.22935774573557,503.9593577457356,1001.1887154914712,"{""S005:T0"": 1}"
P00444,S005,A,2,17.0,0.039,3,1,360.0,210.0,1692.1881982380369,4.5,0.5285953750206926,2.121320812406883,2.0210763527595983,0.10024445964728462,558.8507657856851,563.3374324523518,1122.1881982380369,"{""S005:T0"": 1, ""S005:T3"": 1}"
P00445,S005,B,2,17.0,0.039,3,1,360.0,210.0,1516.168419267513,4.0,0.5571244330281111,1.7715022678875556,1.6775049043740329,0.09399736351352271,470.84087630042313,475.3275429670898,946.168419267513,"{""S005:T0"": 1, ""S005:T3"": 1}"
P00446,S005,C,2,17.0,0.039,3,1,360.0,252.0,1613.1887154914712,8.0,0.5699762575151788,3.4401899398785702,3.340070422153961,0.10011951772460939,497.22935774573557,503.9593577457356,1001.1887154914712,"{""S005:T0"": 1, ""S005:T3"": 1}"
P00447,S005,C,3,31.0,0.066,3,1,390.0,288.0,1679.1887154914712,8.0,0.5496518112471946,3.6027855100224424,3.4921370750716774,0.11064843495076498,497.22935774573557,503.9593577457356,1001.1887154914712,"{""S005:T0"": 1, ""S005:T3"": 2}"
P00448,S005,C,4,45.0,0.093,1,1,420.0,324.0,1745.1887154914712,8.0,0.5189552822611909,3.8483577419104726,3.727180389733552,0.1211773521769206,497.22935774573557,503.9593577457356,1001.1887154914712,"{""S005:T0"": 1, ""S005:T3"": 3}"
P00449,S005,A,2,11.0,0.04,1,1,360.0,210.0,1692.1881982380369,4.5,0.5431847287956726,2.0556687204194737,1.959936653869113,0.09573206655036078,558.8507657856851,563.3374324523518,1122.1881982380369,"{""S005:T0"": 1, ""S005:T2"": 1}"
P00450,S005,B,2,11.0,0.04,1,1,360.0,210.0,1516.168419267513,4.0,0.5806108674439958,1.6775565302240165,1.5880715598074178,0.08948497041659885,470.84087630042313,475.3275429670898,946.168419267513,"{""S005:T0"": 1, ""S005:T2"": 1}"
P00451,S005,C,2,11.0,0.04,1,1,360.0,252.0,1613.1887154914712,8.0,0.5761162748488814,3.391069801208949,3.295462676581263,0.09560712462768554,497.22935774573557,503.9593577457356,1001.1887154914712,"{""S005:T0"": 1, ""S005:T2"": 1}"
P00452,S005,B,3,25.0,0.067,3,1,390.0,240.0,1576.168419267513,4.0,0.5065823814699512,1.9736704741201954,1.8736565864774408,0.10001388764275446,470.84087630042313,475.3275429670898,946.168419267513,"{""S005:T0"": 1, ""S005:T2"": 1, ""S005:T3"": 1}"
P00453,S005,C,3,25.0,0.067,3,1,390.0,288.0,1679.1887154914712,8.0,0.559445172742848,3.524438618057216,3.418302576203375,0.10613604185384115,497.22935774573557,503.9593577457356,1001.1887154914712,"{""S005:T0"": 1, ""S005:T2"": 1, ""S005:T3"": 1}"
P00454,S005,C,4,39.0,0.094,3,1,420.0,324.0,1745.1887154914712,8.0,0.5336396119473796,3.7308831044209634,3.6142181453409665,0.11666495907999677,497.22935774573557,503.9593577457356,1001.1887154914712,"{""S005:T0"": 1, ""S005:T2"": 1, ""S005:T3"": 2}"
P00455,S005,C,5,53.0,0.121,1,1,450.0,360.0,1811.1887154914712,8.0,0.49480080898946555,4.041593528084276,3.9143996517781234,0.12719387630615236,497.22935774573557,503.9593577457356,1001.1887154914712,"{""S005:T0"": 1, ""S005:T2"": 1, ""S005:T3"": 3}"
P00456,S005,A,2,9.0,0.047,1,1,360.0,210.0,1692.1881982380369,4.5,0.547076131654801,2.0381574075533955,1.9439294720353426,0.09422793551805285,558.8507657856851,563.3374324523518,1122.1881982380369,"{""S005:T0"": 1, ""S005:T1"": 1}"
P00457,S005,B,2,9.0,0.047,1,1,360.0,210.0,1516.168419267513,4.0,0.5865324618963804,1.6538701524144783,1.5658893130301874,0.08798083938429092,470.84087630042313,475.3275429670898,946.168419267513,"{""S005:T0"": 1, ""S005:T1"": 1}"
P00458,S005,C,2,9.0,0.047,1,1,360.0,252.0,1613.1887154914712,8.0,0.5778254476128981,3.3773964190968147,3.283293425501437,0.09410299359537763,497.22935774573557,503.9593577457356,1001.1887154914712,"{""S005:T0"": 1, ""S005:T1"": 1}"
P00459,S005,C,3,23.0,0.074,3,1,390.0,288.0,1679.1887154914712,8.0,0.5623369068712247,3.5013047450302017,3.3966728342086685,0.10463191082153322,497.22935774573557,503.9593577457356,1001.1887154914712,"{""S005:T0"": 1, ""S005:T1"": 1, ""S005:T3"": 1}"
P00460,S005,C,4,37.0,0.101,3,1,420.0,324.0,1745.1887154914712,8.0,0.5379938872156653,3.696048902274677,3.580888074226988,0.11516082804768882,497.22935774573557,503.9593577457356,1001.1887154914712,"{""S005:T0"": 1, ""S005:T1"": 1, ""S005:T3"": 2}"
P00461,S005,C,5,51.0,0.128,1,1,450.0,360.0,1811.1887154914712,8.0,0.5014070695106854,3.9887434439145175,3.863053698640673,0.12568974527384444,497.22935774573557,503.9593577457356,1001.1887154914712,"{""S005:T0"": 1, ""S005:T1"": 1, ""S005:T3"": 3}"
P00462,S005,C,3,17.0,0.075,1,1,390.0,288.0,1679.1887154914712,8.0,0.5699762575151788,3.4401899398785702,3.340070422153961,0.10011951772460939,497.22935774573557,503.9593577457356,1001.1887154914712,"{""S005:T0"": 1, ""S005:T1"": 1, ""S005:T2"": 1}"
P00463,S005,C,4,31.0,0.10200000000000001,3,1,420.0,324.0,1745.1887154914712,8.0,0.5496518112471946,3.6027855100224424,3.4921370750716774,0.11064843495076498,497.22935774573557,503.9593577457356,1001.1887154914712,"{""S005:T0"": 1, ""S005:T1"": 1, ""S005:T2"": 1, ""S005:T3"": 1}"
P00464,S005,C,5,45.0,0.129,3,1,450.0,360.0,1811.1887154914712,8.0,0.5189552822611909,3.8483577419104726,3.727180389733552,0.1211773521769206,497.22935774573557,503.9593577457356,1001.1887154914712,"{""S005:T0"": 1, ""S005:T1"": 1, ""S005:T2"": 1, ""S005:T3"": 2}"
P00465,S005,C,6,59.0,0.156,1,1,480.0,396.0,1877.1887154914712,8.0,0.47222720630098025,4.222182349592158,4.090476080189082,0.13170626940307617,497.22935774573557,503.9593577457356,1001.1887154914712,"{""S005:T0"": 1, ""S005:T1"": 1, ""S005:T2"": 1, ""S005:T3"": 3}"
P00466,S006,A,1,14.0,0.027,3,3,330.0,180.0,1253.4766397798276,4.5,0.713582657257076,1.2888780423431576,1.1994970308354875,0.0893810115076701,365.50165322324705,377.9749865565804,743.4766397798275,"{""S006:T3"": 1}"
P00467,S006,B,1,14.0,0.027,3,3,330.0,180.0,1147.2700113681328,4.0,0.7334323090871047,1.0662707636515811,0.9823718405084063,0.08389892314317492,312.39833901739973,324.8716723507331,637.2700113681328,"{""S006:T3"": 1}"
P00468,S006,C,1,14.0,0.027,3,3,330.0,216.0,1231.5526244866226,8.0,0.7387199066790788,2.090240746567369,2.0009693768269887,0.08927136974038018,333.42131224331126,352.13131224331124,685.5526244866226,"{""S006:T3"": 1}"
P00469,S006,B,2,28.0,0.054,3,1,360.0,210.0,1207.2700113681328,4.0,0.6766122782430702,1.293550887027719,1.1970201894798065,0.0965306975479126,312.39833901739973,324.8716723507331,637.2700113681328,"{""S006:T3"": 2}"
P00470,S006,C,2,28.0,0.054,3,1,360.0,252.0,1297.5526244866226,8.0,0.7267920036622029,2.1856639707023775,2.08376082655726,0.1019031441451179,333.42131224331126,352.13131224331124,685.5526244866226,"{""S006:T3"": 2}"
P00471,S006,C,3,42.0,0.081,1,1,390.0,288.0,1363.5526244866226,8.0,0.7090239234194302,2.327808612644558,2.213273694094702,0.11453491854985556,333.42131224331126,352.13131224331124,685.5526244866226,"{""S006:T3"": 3}"
P00472,S006,A,1,8.0,0.028,1,1,330.0,180.0,1253.4766397798276,4.5,0.7216572385737483,1.2525424264181324,1.1685750325124928,0.08396739390563966,365.50165322324705,377.9749865565804,743.4766397798275,"{""S006:T2"": 1}"
P00473,S006,B,1,8.0,0.028,1,1,330.0,180.0,1147.2700113681328,4.0,0.74565614593162,1.0173754162735202,0.9388901107323757,0.07848530554114447,312.39833901739973,324.8716723507331,637.2700113681328,"{""S006:T2"": 1}"
P00474,S006,C,1,8.0,0.028,1,1,330.0,216.0,1231.5526244866226,8.0,0.7423027428237557,2.061578057409954,1.9777203052716044,0.08385775213834976,333.42131224331126,352.13131224331124,685.5526244866226,"{""S006:T2"": 1}"
P00475,S006,A,2,22.0,0.055,3,1,360.0,210.0,1313.4766397798276,4.5,0.6984345204722866,1.3570446578747102,1.2604454895643329,0.09659916831037733,365.50165322324705,377.9749865565804,743.4766397798275,"{""S006:T2"": 1, ""S006:T3"": 1}"
P00476,S006,B,2,22.0,0.055,3,1,360.0,210.0,1207.2700113681328,4.0,0.7077311499098513,1.169075400360595,1.0779583204147127,0.09111707994588217,312.39833901739973,324.8716723507331,637.2700113681328,"{""S006:T2"": 1, ""S006:T3"": 1}"
P00477,S006,C,2,22.0,0.055,3,1,360.0,252.0,1297.5526244866226,8.0,0.7325294684358975,2.13976425251282,2.0432747259697326,0.09648952654308744,333.42131224331126,352.13131224331124,685.5526244866226,"{""S006:T2"": 1, ""S006:T3"": 1}"
P00478,S006,C,3,36.0,0.082,3,1,390.0,288.0,1363.5526244866226,8.0,0.7174821622342102,2.260142702126318,2.151021401178493,0.10912130094782511,333.42131224331126,352.13131224331124,685.5526244866226,"{""S006:T2"": 1, ""S006:T3"": 2}"
P00479,S006,C,4,50.0,0.109,1,1,420.0,324.0,1429.5526244866226,8.0,0.6952652335055189,2.437878131955849,2.316125056603286,0.1217530753525628,333.42131224331126,352.13131224331124,685.5526244866226,"{""S006:T2"": 1, ""S006:T3"": 3}"
P00480,S006,A,1,6.0,0.035,1,1,330.0,180.0,1253.4766397798276,4.5,0.7237765573523063,1.2430054919146216,1.1608426372096587,0.08216285470496285,365.50165322324705,377.9749865565804,743.4766397798275,"{""S006:T1"": 1}"
P00481,S006,B,1,6.0,0.035,1,1,330.0,180.0,1147.2700113681328,4.0,0.7487083316086494,1.0051666735654023,0.9284859072249347,0.07668076634046767,312.39833901739973,324.8716723507331,637.2700113681328,"{""S006:T1"": 1}"
P00482,S006,C,1,6.0,0.035,1,1,330.0,216.0,1231.5526244866226,8.0,0.7432806383342663,2.0537548933258694,1.9717016803881964,0.08205321293767294,333.42131224331126,352.13131224331124,685.5526244866226,"{""S006:T1"": 1}"
P00483,S006,B,2,20.0,0.062,3,1,360.0,210.0,1207.2700113681328,4.0,0.7154630437770715,1.1381478248917143,1.048835284146509,0.08931254074520534,312.39833901739973,324.8716723507331,637.2700113681328,"{""S006:T1"": 1, ""S006:T3"": 1}"
P00484,S006,C,2,20.0,0.062,3,1,360.0,252.0,1297.5526244866226,8.0,0.7342286234804862,2.1261710121561106,2.0314860248137,0.09468498734241063,333.42131224331126,352.13131224331124,685.5526244866226,"{""S006:T1"": 1, ""S006:T3"": 1}"
P00485,S006,C,3,34.0,0.089,3,1,390.0,288.0,1363.5526244866226,8.0,0.7200047527019151,2.239961978384679,2.1326452166375307,0.10731676174714833,333.42131224331126,352.13131224331124,685.5526244866226,"{""S006:T1"": 1, ""S006:T3"": 2}"
P00486,S006,C,4,48.0,0.116,1,1,420.0,324.0,1429.5526244866226,8.0,0.6990100879499825,2.4079192964001397,2.2879707602482537,0.119948536151886,333.42131224331126,352.13131224331124,685.5526244866226,"{""S006:T1"": 1, ""S006:T3"": 3}"
P00487,S006,B,2,14.0,0.063,1,1,360.0,210.0,1207.2700113681328,4.0,0.7334323090871047,1.0662707636515811,0.9823718405084063,0.08389892314317492,312.39833901739973,324.8716723507331,637.2700113681328,"{""S006:T1"": 1, ""S006:T2"": 1}"
P00488,S006,C,2,14.0,0.063,1,1,360.0,252.0,1297.5526244866226,8.0,0.7387199066790788,2.090240746567369,2.0009693768269887,0.08927136974038018,333.42131224331126,352.13131224331124,685.5526244866226,"{""S006:T1"": 1, ""S006:T2"": 1}"
P00489,S006,C,3,28.0,0.09,3,1,390.0,288.0,1363.5526244866226,8.0,0.7267920036622029,2.1856639707023775,2.08376082655726,0.1019031441451179,333.42131224331126,352.13131224331124,685.5526244866226,"{""S006:T1"": 1, ""S006:T2"": 1, ""S006:T3"": 1}"
P00490,S006,C,4,42.0,0.117,3,1,420.0,324.0,1429.5526244866226,8.0,0.7090239234194302,2.327808612644558,2.213273694094702,0.11453491854985556,333.42131224331126,352.13131224331124,685.5526244866226,"{""S006:T1"": 1, ""S006:T2"": 1, ""S006:T3"": 2}"
P00491,S006,C,5,56.0,0.14400000000000002,1,1,450.0,360.0,1495.5526244866226,8.0,0.6825654763530549,2.539476189175561,2.412309496220968,0.12716669295459324,333.42131224331126,352.13131224331124,685.5526244866226,"{""S006:T1"": 1, ""S006:T2"": 1, ""S006:T3"": 3}"
P00492,S006,A,1,3.0,0.012,1,1,330.0,180.0,1253.4766397798276,4.5,0.7263787272745523,1.2312957272645146,1.151839681360567,0.07945604590394761,365.50165322324705,377.9749865565804,743.4766397798275,"{""S006:T0"": 1}"
P00493,S006,B,1,3.0,0.012,1,1,330.0,180.0,1147.2700113681328,4.0,0.7523574998015208,0.9905700007939169,0.9165960432544644,0.07397395753945245,312.39833901739973,324.8716723507331,637.2700113681328,"{""S006:T0"": 1}"
P00494,S006,C,1,3.0,0.012,1,1,330.0,216.0,1231.5526244866226,8.0,0.7445084163178187,2.0439326694574502,1.9645862653207924,0.07934640413665774,333.42131224331126,352.13131224331124,685.5526244866226,"{""S006:T0"": 1}"
P00495,S006,A,2,17.0,0.039,3,1,360.0,210.0,1313.4766397798276,4.5,0.7085416141349616,1.3115627363926725,1.2194749160839873,0.09208782030868531,365.50165322324705,377.9749865565804,743.4766397798275,"{""S006:T0"": 1, ""S006:T3"": 1}"
P00496,S006,B,2,17.0,0.039,3,1,360.0,210.0,1207.2700113681328,4.0,0.7253057824478455,1.098776870208618,1.0121711382644278,0.08660573194419015,312.39833901739973,324.8716723507331,637.2700113681328,"{""S006:T0"": 1, ""S006:T3"": 1}"
P00497,S006,C,2,17.0,0.039,3,1,360.0,252.0,1297.5526244866226,8.0,0.7365867070301795,2.1073063437585646,2.015328165217169,0.09197817854139541,333.42131224331126,352.13131224331124,685.5526244866226,"{""S006:T0"": 1, ""S006:T3"": 1}"
P00498,S006,C,3,31.0,0.066,3,1,390.0,288.0,1363.5526244866226,8.0,0.7235385081669381,2.211691934664495,2.107081981718362,0.1046099529461331,333.42131224331126,352.13131224331124,685.5526244866226,"{""S006:T0"": 1, ""S006:T3"": 2}"
P00499,S006,C,4,45.0,0.093,1,1,420.0,324.0,1429.5526244866226,8.0,0.7042320129830739,2.366143896135409,2.2489021687845385,0.11724172735087078,333.42131224331126,352.13131224331124,685.5526244866226,"{""S006:T0"": 1, ""S006:T3"": 3}"
P00500,S006,A,2,11.0,0.04,1,1,360.0,210.0,1313.4766397798276,4.5,0.7179425084846458,1.2692587118190937,1.1825845091124387,0.08667420270665488,365.50165322324705,377.9749865565804,743.4766397798275,"{""S006:T0"": 1, ""S006:T2"": 1}"
P00501,S006,B,2,11.0,0.04,1,1,360.0,210.0,1207.2700113681328,4.0,0.7401497361058773,1.0394010555764905,0.9582089412343309,0.0811921143421597,312.39833901739973,324.8716723507331,637.2700113681328,"{""S006:T0"": 1, ""S006:T2"": 1}"
P00502,S006,C,2,11.0,0.04,1,1,360.0,252.0,1297.5526244866226,8.0,0.7406278310343575,2.0749773517251398,1.988412790785775,0.08656456093936499,333.42131224331126,352.13131224331124,685.5526244866226,"{""S006:T0"": 1, ""S006:T2"": 1}"
P00503,S006,B,3,25.0,0.067,3,1,390.0,240.0,1267.2700113681328,4.0,0.6939127945294623,1.224348821882151,1.1305249331352536,0.09382388874689739,312.39833901739973,324.8716723507331,637.2700113681328,"{""S006:T0"": 1, ""S006:T2"": 1, ""S006:T3"": 1}"
P00504,S006,C,3,25.0,0.067,3,1,390.0,288.0,1363.5526244866226,8.0,0.7297839831147297,2.161728135082163,2.06253179973806,0.09919633534410265,333.42131224331126,352.13131224331124,685.5526244866226,"{""S006:T0"": 1, ""S006:T2"": 1, ""S006:T3"": 1}"
P00505,S006,C,4,39.0,0.094,3,1,420.0,324.0,1429.5526244866226,8.0,0.7134285951542906,2.2925712387656754,2.180743129016835,0.11182810974884037,333.42131224331126,352.13131224331124,685.5526244866226,"{""S006:T0"": 1, ""S006:T2"": 1, ""S006:T3"": 2}"
P00506,S006,C,5,53.0,0.121,1,1,450.0,360.0,1495.5526244866226,8.0,0.6892092232970286,2.4863262136237707,2.3618663294701925,0.12445988415357805,333.42131224331126,352.13131224331124,685.5526244866226,"{""S006:T0"": 1, ""S006:T2"": 1, ""S006:T3"": 3}"
P00507,S006,A,2,9.0,0.047,1,1,360.0,210.0,1313.4766397798276,4.5,0.7204898275239358,1.257795776142289,1.172926112636311,0.08486966350597806,365.50165322324705,377.9749865565804,743.4766397798275,"{""S006:T0"": 1, ""S006:T1"": 1}"
P00508,S006,B,2,9.0,0.047,1,1,360.0,210.0,1207.2700113681328,4.0,0.7439469460667254,1.0242122157330984,0.9448246405916154,0.07938757514148288,312.39833901739973,324.8716723507331,637.2700113681328,"{""S006:T0"": 1, ""S006:T1"": 1}"
P00509,S006,C,2,9.0,0.047,1,1,360.0,252.0,1297.5526244866226,8.0,0.7417712321681301,2.065830142654959,1.9810701209162707,0.08476002173868817,333.42131224331126,352.13131224331124,685.5526244866226,"{""S006:T0"": 1, ""S006:T1"": 1}"
P00510,S006,C,3,23.0,0.074,3,1,390.0,288.0,1363.5526244866226,8.0,0.7316409168761036,2.146872664991172,2.049480868847746,0.09739179614342586,333.42131224331126,352.13131224331124,685.5526244866226,"{""S006:T0"": 1, ""S006:T1"": 1, ""S006:T3"": 1}"
P00511,S006,C,4,37.0,0.101,3,1,420.0,324.0,1429.5526244866226,8.0,0.7161679954446625,2.2706560364426998,2.1606324658945364,0.11002357054816353,333.42131224331126,352.13131224331124,685.5526244866226,"{""S006:T0"": 1, ""S006:T1"": 1, ""S006:T3"": 2}"
P00512,S006,C,5,51.0,0.128,1,1,450.0,360.0,1495.5526244866226,8.0,0.6933074240719019,2.453540607424784,2.3308852624718828,0.12265534495290124,333.42131224331126,352.13131224331124,685.5526244866226,"{""S006:T0"": 1, ""S006:T1"": 1, ""S006:T3"": 3}"
P00513,S006,C,3,17.0,0.075,1,1,390.0,288.0,1363.5526244866226,8.0,0.7365867070301795,2.1073063437585646,2.015328165217169,0.09197817854139541,333.42131224331126,352.13131224331124,685.5526244866226,"{""S006:T0"": 1, ""S006:T1"": 1, ""S006:T2"": 1}"
P00514,S006,C,4,31.0,0.10200000000000001,3,1,420.0,324.0,1429.5526244866226,8.0,0.7235385081669381,2.211691934664495,2.107081981718362,0.1046099529461331,333.42131224331126,352.13131224331124,685.5526244866226,"{""S006:T0"": 1, ""S006:T1"": 1, ""S006:T2"": 1, ""S006:T3"": 1}"
P00515,S006,C,5,45.0,0.129,3,1,450.0,360.0,1495.5526244866226,8.0,0.7042320129830739,2.366143896135409,2.2489021687845385,0.11724172735087078,333.42131224331126,352.13131224331124,685.5526244866226,"{""S006:T0"": 1, ""S006:T1"": 1, ""S006:T2"": 1, ""S006:T3"": 2}"
P00516,S006,C,6,59.0,0.156,1,1,480.0,396.0,1561.5526244866226,8.0,0.6752524199103676,2.59798064071706,2.4681071389614515,0.12987350175560847,333.42131224331126,352.13131224331124,685.5526244866226,"{""S006:T0"": 1, ""S006:T1"": 1, ""S006:T2"": 1, ""S006:T3"": 3}"
P00517,S007,A,1,14.0,0.027,2,2,330.0,180.0,1667.4668858917819,4.5,0.5838566837505814,1.8726449231223836,1.707169037137327,0.16547588598505658,571.3734429458909,586.093442945891,1157.4668858917819,"{""S007:T3"": 1}"
P00518,S007,B,1,14.0,0.027,2,2,330.0,180.0,1516.3096400610816,4.0,0.6116852768627741,1.5532588925489035,1.3981483454806254,0.155110547068278,495.79482003054085,510.5148200305408,1006.3096400610816,"{""S007:T3"": 1}"
P00519,S007,C,1,14.0,0.027,2,2,330.0,216.0,1643.6006984106912,8.0,0.6233596205829661,3.013123035336271,2.84785445612955,0.165268579206721,537.7603492053455,559.8403492053455,1097.6006984106912,"{""S007:T3"": 1}"
P00520,S007,B,2,28.0,0.054,1,1,360.0,210.0,1576.3096400610816,4.0,0.5302211019747363,1.879115592101055,1.7036439038826203,0.17547168821843465,495.79482003054085,510.5148200305408,1006.3096400610816,"{""S007:T3"": 2}"
P00521,S007,C,2,28.0,0.054,1,1,360.0,252.0,1709.6006984106912,8.0,0.6060854919678033,3.151316064257574,2.965686343900696,0.18562972035687764,537.7603492053455,559.8403492053455,1097.6006984106912,"{""S007:T3"": 2}"
P00522,S007,A,1,8.0,0.028,1,1,330.0,180.0,1667.4668858917819,4.5,0.5955756943925745,1.8199093752334146,1.663159692598425,0.15674968263498942,571.3734429458909,586.093442945891,1157.4668858917819,"{""S007:T2"": 1}"
P00523,S007,B,1,8.0,0.028,1,1,330.0,180.0,1516.3096400610816,4.0,0.6293380337238497,1.4826478651046011,1.3362635213863903,0.14638434371821085,495.79482003054085,510.5148200305408,1006.3096400610816,"{""S007:T2"": 1}"
P00524,S007,C,1,8.0,0.028,1,1,330.0,216.0,1643.6006984106912,8.0,0.6285865145248668,2.971307883801065,2.8147655079444114,0.15654237585665387,537.7603492053455,559.8403492053455,1097.6006984106912,"{""S007:T2"": 1}"
P00525,S007,A,2,22.0,0.055,2,1,360.0,210.0,1727.4668858917819,4.5,0.5619946695683915,1.971023986942238,1.7939131631570917,0.17711082378514612,571.3734429458909,586.093442945891,1157.4668858917819,"{""S007:T2"": 1, ""S007:T3"": 1}"
P00526,S007,B,2,22.0,0.055,2,1,360.0,210.0,1576.3096400610816,4.0,0.5747659790953641,1.7009360836185439,1.5341905987501763,0.16674548486836752,495.79482003054085,510.5148200305408,1006.3096400610816,"{""S007:T2"": 1, ""S007:T3"": 1}"
P00527,S007,C,2,22.0,0.055,2,1,360.0,252.0,1709.6006984106912,8.0,0.6143789339606207,3.0849685283150348,2.9080650113082243,0.17690351700681056,537.7603492053455,559.8403492053455,1097.6006984106912,"{""S007:T2"": 1, ""S007:T3"": 1}"
P00528,S007,C,3,36.0,0.082,1,1,390.0,288.0,1775.6006984106912,8.0,0.5926651540628298,3.258678767497362,3.0614141093403946,0.1972646581569672,537.7603492053455,559.8403492053455,1097.6006984106912,"{""S007:T2"": 1, ""S007:T3"": 2}"
P00529,S007,A,1,6.0,0.035,1,1,330.0,180.0,1667.4668858917819,4.5,0.5986676429808686,1.8059956065860916,1.6521546584011246,0.15384094818496705,571.3734429458909,586.093442945891,1157.4668858917819,"{""S007:T1"": 1}"
P00530,S007,B,1,6.0,0.035,1,1,330.0,180.0,1516.3096400610816,4.0,0.6337671302272124,1.4649314790911503,1.321455869822962,0.14347560926818848,495.79482003054085,510.5148200305408,1006.3096400610816,"{""S007:T1"": 1}"
P00531,S007,C,1,6.0,0.035,1,1,330.0,216.0,1643.6006984106912,8.0,0.6300208478359924,2.9598332173120605,2.806199575905429,0.1536336414066315,537.7603492053455,559.8403492053455,1097.6006984106912,"{""S007:T1"": 1}"
P00532,S007,B,2,20.0,0.062,2,1,360.0,210.0,1576.3096400610816,4.0,0.5858554113225818,1.656578354709673,1.492741604291328,0.16383675041834514,495.79482003054085,510.5148200305408,1006.3096400610816,"{""S007:T1"": 1, ""S007:T3"": 1}"
P00533,S007,C,2,20.0,0.062,2,1,360.0,252.0,1709.6006984106912,8.0,0.6168397908167529,3.0652816734659765,2.8912868909091882,0.17399478255678813,537.7603492053455,559.8403492053455,1097.6006984106912,"{""S007:T1"": 1, ""S007:T3"": 1}"
P00534,S007,C,3,34.0,0.089,1,1,390.0,288.0,1775.6006984106912,8.0,0.5962979550107677,3.2296163599138583,3.0352604362069133,0.1943559237069448,537.7603492053455,559.8403492053455,1097.6006984106912,"{""S007:T1"": 1, ""S007:T3"": 2}"
P00535,S007,B,2,14.0,0.063,1,1,360.0,210.0,1576.3096400610816,4.0,0.6116852768627741,1.5532588925489035,1.3981483454806254,0.155110547068278,495.79482003054085,510.5148200305408,1006.3096400610816,"{""S007:T1"": 1, ""S007:T2"": 1}"
P00536,S007,C,2,14.0,0.063,1,1,360.0,252.0,1709.6006984106912,8.0,0.6233596205829661,3.013123035336271,2.84785445612955,0.165268579206721,537.7603492053455,559.8403492053455,1097.6006984106912,"{""S007:T1"": 1, ""S007:T2"": 1}"
P00537,S007,C,3,28.0,0.09,2,1,390.0,288.0,1775.6006984106912,8.0,0.6060854919678033,3.151316064257574,2.965686343900696,0.18562972035687764,537.7603492053455,559.8403492053455,1097.6006984106912,"{""S007:T1"": 1, ""S007:T2"": 1, ""S007:T3"": 1}"
P00538,S007,C,4,42.0,0.117,1,1,420.0,324.0,1841.6006984106912,8.0,0.580499404694018,3.3560047624478564,3.150013900940822,0.20599086150703436,537.7603492053455,559.8403492053455,1097.6006984106912,"{""S007:T1"": 1, ""S007:T2"": 1, ""S007:T3"": 2}"
P00539,S007,A,1,3.0,0.012,1,1,330.0,180.0,1667.4668858917819,4.5,0.6024846307947561,1.7888191614235975,1.639341314913664,0.14947784650993348,571.3734429458909,586.093442945891,1157.4668858917819,"{""S007:T0"": 1}"
P00540,S007,B,1,3.0,0.012,1,1,330.0,180.0,1516.3096400610816,4.0,0.6390884304210142,1.4436462783159434,1.3045337707227884,0.1391125075931549,495.79482003054085,510.5148200305408,1006.3096400610816,"{""S007:T0"": 1}"
P00541,S007,C,1,3.0,0.012,1,1,330.0,216.0,1643.6006984106912,8.0,0.6318321011516617,2.945343190786707,2.796072651055109,0.14927053973159793,537.7603492053455,559.8403492053455,1097.6006984106912,"{""S007:T0"": 1}"
P00542,S007,A,2,17.0,0.039,2,1,360.0,210.0,1727.4668858917819,4.5,0.5765686003814016,1.905441298283693,1.735602310623603,0.16983898766009015,571.3734429458909,586.093442945891,1157.4668858917819,"{""S007:T0"": 1, ""S007:T3"": 1}"
P00543,S007,B,2,17.0,0.039,2,1,360.0,210.0,1576.3096400610816,4.0,0.599991632668659,1.6000334693253644,1.440559820582053,0.15947364874331157,495.79482003054085,510.5148200305408,1006.3096400610816,"{""S007:T0"": 1, ""S007:T3"": 1}"
P00544,S007,C,2,17.0,0.039,2,1,360.0,252.0,1709.6006984106912,8.0,0.6202597372891493,3.0379221016868057,2.8682904208050513,0.16963168088175457,537.7603492053455,559.8403492053455,1097.6006984106912,"{""S007:T0"": 1, ""S007:T3"": 1}"
P00545,S007,C,3,31.0,0.066,1,1,390.0,288.0,1775.6006984106912,8.0,0.6013911617248213,3.18887070620143,2.9988778841695187,0.1899928220319112,537.7603492053455,559.8403492053455,1097.6006984106912,"{""S007:T0"": 1, ""S007:T3"": 2}"
P00546,S007,A,2,11.0,0.04,1,1,360.0,210.0,1727.4668858917819,4.5,0.5901752693379239,1.8442112879793424,1.6830985036693193,0.161112784310023,571.3734429458909,586.093442945891,1157.4668858917819,"{""S007:T0"": 1, ""S007:T2"": 1}"
P00547,S007,B,2,11.0,0.04,1,1,360.0,210.0,1576.3096400610816,4.0,0.6213734377747333,1.5145062489010668,1.3637588035078223,0.15074744539324444,495.79482003054085,510.5148200305408,1006.3096400610816,"{""S007:T0"": 1, ""S007:T2"": 1}"
P00548,S007,C,2,11.0,0.04,1,1,360.0,252.0,1709.6006984106912,8.0,0.6261388836532935,2.990888930773652,2.8299834532419643,0.16090547753168744,537.7603492053455,559.8403492053455,1097.6006984106912,"{""S007:T0"": 1, ""S007:T2"": 1}"
P00549,S007,B,3,25.0,0.067,2,1,390.0,240.0,1636.3096400610816,4.0,0.5549715113545852,1.7801139545816593,1.6090053680382583,0.17110858654340108,495.79482003054085,510.5148200305408,1006.3096400610816,"{""S007:T0"": 1, ""S007:T2"": 1, ""S007:T3"": 1}"
P00550,S007,C,3,25.0,0.067,2,1,390.0,288.0,1775.6006984106912,8.0,0.6104076227976982,3.1167390176184138,2.93547239893657,0.18126661868184407,537.7603492053455,559.8403492053455,1097.6006984106912,"{""S007:T0"": 1, ""S007:T2"": 1, ""S007:T3"": 1}"
P00551,S007,C,4,39.0,0.094,1,1,420.0,324.0,1841.6006984106912,8.0,0.5868321320167802,3.305342943865759,3.1037151840337582,0.20162775983200076,537.7603492053455,559.8403492053455,1097.6006984106912,"{""S007:T0"": 1, ""S007:T2"": 1, ""S007:T3"": 2}"
P00552,S007,A,2,9.0,0.047,1,1,360.0,210.0,1727.4668858917819,4.5,0.5938763639050948,1.8275563624270736,1.669352312567073,0.1582040498600006,571.3734429458909,586.093442945891,1157.4668858917819,"{""S007:T0"": 1, ""S007:T1"": 1}"
P00553,S007,B,2,9.0,0.047,1,1,360.0,210.0,1576.3096400610816,4.0,0.6268628807037679,1.492548477184928,1.344709766241706,0.14783871094322204,495.79482003054085,510.5148200305408,1006.3096400610816,"{""S007:T0"": 1, ""S007:T1"": 1}"
P00554,S007,C,2,9.0,0.047,1,1,360.0,252.0,1709.6006984106912,8.0,0.6278087707575855,2.977529833939316,2.819533090857651,0.15799674308166506,537.7603492053455,559.8403492053455,1097.6006984106912,"{""S007:T0"": 1, ""S007:T1"": 1}"
P00555,S007,C,3,23.0,0.074,2,1,390.0,288.0,1775.6006984106912,8.0,0.613093036224702,3.0952557102023843,2.9168978259705627,0.1783578842318217,537.7603492053455,559.8403492053455,1097.6006984106912,"{""S007:T0"": 1, ""S007:T1"": 1, ""S007:T3"": 1}"
P00556,S007,C,4,37.0,0.101,1,1,420.0,324.0,1841.6006984106912,8.0,0.5907735048133258,3.2738119614933936,3.075092936111415,0.19871902538197836,537.7603492053455,559.8403492053455,1097.6006984106912,"{""S007:T0"": 1, ""S007:T1"": 1, ""S007:T3"": 2}"
P00557,S007,C,3,17.0,0.075,1,1,390.0,288.0,1775.6006984106912,8.0,0.6202597372891493,3.0379221016868057,2.8682904208050513,0.16963168088175457,537.7603492053455,559.8403492053455,1097.6006984106912,"{""S007:T0"": 1, ""S007:T1"": 1, ""S007:T2"": 1}"
P00558,S007,C,4,31.0,0.10200000000000001,2,1,420.0,324.0,1841.6006984106912,8.0,0.6013911617248213,3.18887070620143,2.9988778841695187,0.1899928220319112,537.7603492053455,559.8403492053455,1097.6006984106912,"{""S007:T0"": 1, ""S007:T1"": 1, ""S007:T2"": 1, ""S007:T3"": 1}"
P00559,S007,C,5,45.0,0.129,1,1,450.0,360.0,1907.6006984106912,8.0,0.5736155447680221,3.411075641855823,3.200721678673755,0.21035396318206787,537.7603492053455,559.8403492053455,1097.6006984106912,"{""S007:T0"": 1, ""S007:T1"": 1, ""S007:T2"": 1, ""S007:T3"": 2}"
P00560,S008,A,1,14.0,0.027,2,2,330.0,180.0,2111.145428801986,4.5,0.3007787323743427,3.1464957043154578,3.041514181691336,0.1049815226241218,795.7993810676595,805.3460477343262,1601.1454288019859,"{""S008:T3"": 1}"
P00561,S008,B,1,14.0,0.027,2,2,330.0,180.0,1841.8417471757034,4.0,0.35265753539048494,2.5893698584380602,2.490958966792417,0.09841089164564347,661.1475402545183,670.694206921185,1331.8417471757034,"{""S008:T3"": 1}"
P00562,S008,C,1,14.0,0.027,2,2,330.0,216.0,1935.7115246008334,8.0,0.3526719978564765,5.178624017148188,5.073773907143636,0.10485011000455222,687.6957623004168,702.0157623004167,1389.7115246008334,"{""S008:T3"": 1}"
P00563,S008,B,2,28.0,0.054,1,1,360.0,210.0,1901.8417471757034,4.0,0.2133406650527212,3.146637339789115,3.0352337592180465,0.11140358057106865,661.1475402545183,670.694206921185,1331.8417471757034,"{""S008:T3"": 2}"
P00564,S008,C,2,28.0,0.054,1,1,360.0,252.0,2001.7115246008334,8.0,0.32480656203295344,5.4015475037363725,5.283704704806395,0.11784279892997745,687.6957623004168,702.0157623004167,1389.7115246008334,"{""S008:T3"": 2}"
P00565,S008,A,1,8.0,0.028,1,1,330.0,180.0,2111.145428801986,4.5,0.31944004484483457,3.0625197981982444,2.9631065708278763,0.0994132273703681,795.7993810676595,805.3460477343262,1601.1454288019859,"{""S008:T2"": 1}"
P00566,S008,B,1,8.0,0.028,1,1,330.0,180.0,1841.8417471757034,4.0,0.3816133076455426,2.4735467694178297,2.38070417302594,0.09284259639188977,661.1475402545183,670.694206921185,1331.8417471757034,"{""S008:T2"": 1}"
P00567,S008,C,1,8.0,0.028,1,1,330.0,216.0,1935.7115246008334,8.0,0.360736996401809,5.114104028785528,5.014822214034729,0.09928181475079857,687.6957623004168,702.0157623004167,1389.7115246008334,"{""S008:T2"": 1}"
P00568,S008,A,2,22.0,0.055,2,1,360.0,210.0,2171.145428801986,4.5,0.26478565736103876,3.3084645418753253,3.196058625579532,0.11240591629579334,795.7993810676595,805.3460477343262,1601.1454288019859,"{""S008:T2"": 1, ""S008:T3"": 1}"
P00569,S008,B,2,22.0,0.055,2,1,360.0,210.0,1901.8417471757034,4.0,0.2902077825617504,2.8391688697529984,2.7333335844356834,0.10583528531731501,661.1475402545183,670.694206921185,1331.8417471757034,"{""S008:T2"": 1, ""S008:T3"": 1}"
P00570,S008,C,2,22.0,0.055,2,1,360.0,252.0,2001.7115246008334,8.0,0.3383349617897682,5.2933203056818545,5.181045802005631,0.11227450367622376,687.6957623004168,702.0157623004167,1389.7115246008334,"{""S008:T2"": 1, ""S008:T3"": 1}"
P00571,S008,C,3,36.0,0.082,1,1,390.0,288.0,2067.7115246008334,8.0,0.30255978648284865,5.579521708137211,5.4542545155355615,0.12526719260164898,687.6957623004168,702.0157623004167,1389.7115246008334,"{""S008:T2"": 1, ""S008:T3"": 2}"
P00572,S008,A,1,6.0,0.035,1,1,330.0,180.0,2111.145428801986,4.5,0.32420955774184756,3.0410569901616857,2.9434998612092356,0.09755712895245024,795.7993810676595,805.3460477343262,1601.1454288019859,"{""S008:T1"": 1}"
P00573,S008,B,1,6.0,0.035,1,1,330.0,180.0,1841.8417471757034,4.0,0.3886727075830987,2.4453091696676053,2.3543226716936334,0.0909864979739719,661.1475402545183,670.694206921185,1331.8417471757034,"{""S008:T1"": 1}"
P00574,S008,C,1,6.0,0.035,1,1,330.0,216.0,1935.7115246008334,8.0,0.36287665545791525,5.096986756336678,4.9995610400037975,0.09742571633288068,687.6957623004168,702.0157623004167,1389.7115246008334,"{""S008:T1"": 1}"
P00575,S008,B,2,20.0,0.062,2,1,360.0,210.0,1901.8417471757034,4.0,0.30913332177330566,2.7634667129067774,2.6594875260073803,0.10397918689939711,661.1475402545183,670.694206921185,1331.8417471757034,"{""S008:T1"": 1, ""S008:T3"": 1}"
P00576,S008,C,2,20.0,0.062,2,1,360.0,252.0,2001.7115246008334,8.0,0.3423034883171432,5.2615720934628545,5.151153688204548,0.11041840525830589,687.6957623004168,702.0157623004167,1389.7115246008334,"{""S008:T1"": 1, ""S008:T3"": 1}"
P00577,S008,C,3,34.0,0.089,1,1,390.0,288.0,2067.7115246008334,8.0,0.3086162635867836,5.531069891305731,5.407658797122,0.1234110941837311,687.6957623004168,702.0157623004167,1389.7115246008334,"{""S008:T1"": 1, ""S008:T3"": 2}"
P00578,S008,B,2,14.0,0.063,1,1,360.0,210.0,1901.8417471757034,4.0,0.35265753539048494,2.5893698584380602,2.490958966792417,0.09841089164564347,661.1475402545183,670.694206921185,1331.8417471757034,"{""S008:T1"": 1, ""S008:T2"": 1}"
P00579,S008,C,2,14.0,0.063,1,1,360.0,252.0,2001.7115246008334,8.0,0.3526719978564765,5.178624017148188,5.073773907143636,0.10485011000455222,687.6957623004168,702.0157623004167,1389.7115246008334,"{""S008:T1"": 1, ""S008:T2"": 1}"
P00580,S008,C,3,28.0,0.09,2,1,390.0,288.0,2067.7115246008334,8.0,0.32480656203295344,5.4015475037363725,5.283704704806395,0.11784279892997745,687.6957623004168,702.0157623004167,1389.7115246008334,"{""S008:T1"": 1, ""S008:T2"": 1, ""S008:T3"": 1}"
P00581,S008,C,4,42.0,0.117,1,1,420.0,324.0,2133.7115246008334,8.0,0.2821324343998457,5.742940524801234,5.612105036945832,0.13083548785540264,687.6957623004168,702.0157623004167,1389.7115246008334,"{""S008:T1"": 1, ""S008:T2"": 1, ""S008:T3"": 2}"
P00582,S008,A,1,3.0,0.012,1,1,330.0,180.0,2111.145428801986,4.5,0.3299012386740725,3.0154444259666735,2.9206714446411,0.0947729813255734,795.7993810676595,805.3460477343262,1601.1454288019859,"{""S008:T0"": 1}"
P00583,S008,B,1,3.0,0.012,1,1,330.0,180.0,1841.8417471757034,4.0,0.39690590151374516,2.4123763939450193,2.324174043597924,0.08820235034709509,661.1475402545183,670.694206921185,1331.8417471757034,"{""S008:T0"": 1}"
P00584,S008,C,1,3.0,0.012,1,1,330.0,216.0,1935.7115246008334,8.0,0.36547995625876994,5.07616034992984,4.981518781223836,0.09464156870600386,687.6957623004168,702.0157623004167,1389.7115246008334,"{""S008:T0"": 1}"
P00585,S008,A,2,17.0,0.039,2,1,360.0,210.0,2171.145428801986,4.5,0.2889029032249437,3.199936935487753,3.0921712652367543,0.10776567025099862,795.7993810676595,805.3460477343262,1601.1454288019859,"{""S008:T0"": 1, ""S008:T3"": 1}"
P00586,S008,B,2,17.0,0.039,2,1,360.0,210.0,1901.8417471757034,4.0,0.33307129192230145,2.667714832310794,2.5665197930382737,0.1011950392725203,661.1475402545183,670.694206921185,1331.8417471757034,"{""S008:T0"": 1, ""S008:T3"": 1}"
P00587,S008,C,2,17.0,0.039,2,1,360.0,252.0,2001.7115246008334,8.0,0.3477728574121959,5.217817140702433,5.110182883071004,0.10763425763142905,687.6957623004168,702.0157623004167,1389.7115246008334,"{""S008:T0"": 1, ""S008:T3"": 1}"
P00588,S008,C,3,31.0,0.066,1,1,390.0,288.0,2067.7115246008334,8.0,0.3170667345199967,5.463466123840027,5.342839177283173,0.12062694655685427,687.6957623004168,702.0157623004167,1389.7115246008334,"{""S008:T0"": 1, ""S008:T3"": 2}"
P00589,S008,A,2,11.0,0.04,1,1,360.0,210.0,2171.145428801986,4.5,0.31092729188117496,3.100827186534713,2.9986298115374677,0.10219737499724495,795.7993810676595,805.3460477343262,1601.1454288019859,"{""S008:T0"": 1, ""S008:T2"": 1}"
P00590,S008,B,2,11.0,0.04,1,1,360.0,210.0,1901.8417471757034,4.0,0.3686707842042838,2.525316863182865,2.429690119164098,0.09562674401876663,661.1475402545183,670.694206921185,1331.8417471757034,"{""S008:T0"": 1, ""S008:T2"": 1}"
P00591,S008,C,2,11.0,0.04,1,1,360.0,252.0,2001.7115246008334,8.0,0.3569999172116518,5.1440006623067855,5.04193469992911,0.1020659623776754,687.6957623004168,702.0157623004167,1389.7115246008334,"{""S008:T0"": 1, ""S008:T2"": 1}"
P00592,S008,B,3,25.0,0.067,2,1,390.0,240.0,1961.8417471757034,4.0,0.2561890082986832,2.9752439668052673,2.8666245338610756,0.10861943294419184,661.1475402545183,670.694206921185,1331.8417471757034,"{""S008:T0"": 1, ""S008:T2"": 1, ""S008:T3"": 1}"
P00593,S008,C,3,25.0,0.067,2,1,390.0,288.0,2067.7115246008334,8.0,0.3318832743132091,5.344933805494327,5.229875154191227,0.11505865130310061,687.6957623004168,702.0157623004167,1389.7115246008334,"{""S008:T0"": 1, ""S008:T2"": 1, ""S008:T3"": 1}"
P00594,S008,C,4,39.0,0.094,1,1,420.0,324.0,2133.7115246008334,8.0,0.2927912510960582,5.6576699912315345,5.529618651003009,0.12805134022852582,687.6957623004168,702.0157623004167,1389.7115246008334,"{""S008:T0"": 1, ""S008:T2"": 1, ""S008:T3"": 2}"
P00595,S008,A,2,9.0,0.047,1,1,360.0,210.0,2171.145428801986,4.5,0.3167820670417195,3.074480698312262,2.974139421732935,0.10034127657932707,795.7993810676595,805.3460477343262,1601.1454288019859,"{""S008:T0"": 1, ""S008:T1"": 1}"
P00596,S008,B,2,9.0,0.047,1,1,360.0,210.0,1901.8417471757034,4.0,0.37761931088970724,2.489522756441171,2.395752110840322,0.09377064560084875,661.1475402545183,670.694206921185,1331.8417471757034,"{""S008:T0"": 1, ""S008:T1"": 1}"
P00597,S008,C,2,9.0,0.047,1,1,360.0,252.0,2001.7115246008334,8.0,0.35955924191707644,5.1235260646633884,5.023316200703631,0.1002098639597575,687.6957623004168,702.0157623004167,1389.7115246008334,"{""S008:T0"": 1, ""S008:T1"": 1}"
P00598,S008,C,3,23.0,0.074,2,1,390.0,288.0,2067.7115246008334,8.0,0.3362518736980691,5.309985010415447,5.196782457530265,0.11320255288518272,687.6957623004168,702.0157623004167,1389.7115246008334,"{""S008:T0"": 1, ""S008:T1"": 1, ""S008:T3"": 1}"
P00599,S008,C,4,37.0,0.101,1,1,420.0,324.0,2133.7115246008334,8.0,0.2993974837503778,5.604820129996978,5.47862488818637,0.12619524181060793,687.6957623004168,702.0157623004167,1389.7115246008334,"{""S008:T0"": 1, ""S008:T1"": 1, ""S008:T3"": 2}"
P00600,S008,C,3,17.0,0.075,1,1,390.0,288.0,2067.7115246008334,8.0,0.3477728574121959,5.217817140702433,5.110182883071004,0.10763425763142905,687.6957623004168,702.0157623004167,1389.7115246008334,"{""S008:T0"": 1, ""S008:T1"": 1, ""S008:T2"": 1}"
P00601,S008,C,4,31.0,0.10200000000000001,2,1,420.0,324.0,2133.7115246008334,8.0,0.3170667345199967,5.463466123840027,5.342839177283173,0.12062694655685427,687.6957623004168,702.0157623004167,1389.7115246008334,"{""S008:T0"": 1, ""S008:T1"": 1, ""S008:T2"": 1, ""S008:T3"": 1}"
P00602,S008,C,5,45.0,0.129,1,1,450.0,360.0,2199.7115246008334,8.0,0.27049171281181383,5.836066297505489,5.70244666202321,0.1336196354822795,687.6957623004168,702.0157623004167,1389.7115246008334,"{""S008:T0"": 1, ""S008:T1"": 1, ""S008:T2"": 1, ""S008:T3"": 2}"
P00603,S009,A,1,14.0,0.027,1,1,330.0,180.0,1628.6396458883246,4.5,0.507281974910227,2.2172311129039786,2.1478554419745994,0.06937567092937894,555.9098229441622,562.7298229441623,1118.6396458883246,"{""S009:T2"": 1}"
P00604,S009,B,1,14.0,0.027,1,1,330.0,180.0,1438.4628643343576,4.0,0.5439721760240914,1.824111295903634,1.7590645490876347,0.06504674681599935,460.8214321671787,467.6414321671788,928.4628643343575,"{""S009:T2"": 1}"
P00605,S009,C,1,14.0,0.027,1,1,330.0,216.0,1512.589168452196,8.0,0.5434643736830962,3.65228501053523,3.582995918088119,0.06928909244711136,478.17958422609803,488.409584226098,966.589168452196,"{""S009:T2"": 1}"
P00606,S009,A,1,8.0,0.028,1,1,330.0,180.0,1628.6396458883246,4.5,0.5204216961266173,2.158102367430222,2.092485582218871,0.0656167852113512,555.9098229441622,562.7298229441623,1118.6396458883246,"{""S009:T1"": 1}"
P00607,S009,B,1,8.0,0.028,1,1,330.0,180.0,1438.4628643343576,4.0,0.5643768205682612,1.7424927177269551,1.6812048566289834,0.06128786109797161,460.8214321671787,467.6414321671788,928.4628643343575,"{""S009:T1"": 1}"
P00608,S009,C,1,8.0,0.028,1,1,330.0,216.0,1512.589168452196,8.0,0.5491380452011898,3.606895638390481,3.5413654316613976,0.0655302067290836,478.17958422609803,488.409584226098,966.589168452196,"{""S009:T1"": 1}"
P00609,S009,A,2,22.0,0.055,1,1,360.0,210.0,1688.6396458883246,4.5,0.48191575490579774,2.3313791029239104,2.2569915843704944,0.07438751855341594,555.9098229441622,562.7298229441623,1118.6396458883246,"{""S009:T1"": 1, ""S009:T2"": 1}"
P00610,S009,B,2,22.0,0.055,1,1,360.0,210.0,1498.4628643343576,4.0,0.4999292080221618,2.000283167911353,1.9302245734713166,0.07005859444003636,460.8214321671787,467.6414321671788,928.4628643343575,"{""S009:T1"": 1, ""S009:T2"": 1}"
P00611,S009,C,2,22.0,0.055,1,1,360.0,252.0,1578.589168452196,8.0,0.5333687389884618,3.733050088092306,3.6587491480211574,0.07430094007114836,478.17958422609803,488.409584226098,966.589168452196,"{""S009:T1"": 1, ""S009:T2"": 1}"
P00612,S009,A,1,3.0,0.012,1,1,330.0,180.0,1628.6396458883246,4.5,0.5277770800434516,2.1250031398044675,2.0625187593581393,0.06248438044632806,555.9098229441622,562.7298229441623,1118.6396458883246,"{""S009:T0"": 1}"
P00613,S009,B,1,3.0,0.012,1,1,330.0,180.0,1438.4628643343576,4.0,0.5751400286137265,1.699439885545094,1.6412844292121456,0.058155456332948476,460.8214321671787,467.6414321671788,928.4628643343575,"{""S009:T0"": 1}"
P00614,S009,C,1,3.0,0.012,1,1,330.0,216.0,1512.589168452196,8.0,0.5524693716422626,3.5802450268618995,3.517847224897839,0.06239780196406047,478.17958422609803,488.409584226098,966.589168452196,"{""S009:T0"": 1}"
P00615,S009,A,2,17.0,0.039,1,1,360.0,210.0,1688.6396458883246,4.5,0.4989147649661857,2.2548835576521644,2.1836284438637716,0.07125511378839282,555.9098229441622,562.7298229441623,1118.6396458883246,"{""S009:T0"": 1, ""S009:T2"": 1}"
P00616,S009,B,2,17.0,0.039,1,1,360.0,210.0,1498.4628643343576,4.0,0.5301624357166992,1.879350257133203,1.8124240674581897,0.06692618967501324,460.8214321671787,467.6414321671788,928.4628643343575,"{""S009:T0"": 1, ""S009:T2"": 1}"
P00617,S009,C,2,17.0,0.039,1,1,360.0,252.0,1578.589168452196,8.0,0.5400155335586263,3.679875731530989,3.608707196224864,0.07116853530612523,478.17958422609803,488.409584226098,966.589168452196,"{""S009:T0"": 1, ""S009:T2"": 1}"
P00618,S009,A,2,11.0,0.04,1,1,360.0,210.0,1688.6396458883246,4.5,0.5144294221703144,2.185067600233585,2.11757137216322,0.06749622807036507,555.9098229441622,562.7298229441623,1118.6396458883246,"{""S009:T0"": 1, ""S009:T1"": 1}"
P00619,S009,B,2,11.0,0.04,1,1,360.0,210.0,1498.4628643343576,4.0,0.5552587401915325,1.7789650392338696,1.715797735276884,0.06316730395698547,460.8214321671787,467.6414321671788,928.4628643343575,"{""S009:T0"": 1, ""S009:T1"": 1}"
P00620,S009,C,2,11.0,0.04,1,1,360.0,252.0,1578.589168452196,8.0,0.5465098290947178,3.6279213672422577,3.56051171765416,0.06740964958809748,478.17958422609803,488.409584226098,966.589168452196,"{""S009:T0"": 1, ""S009:T1"": 1}"
P00621,S009,B,3,25.0,0.067,1,1,390.0,240.0,1558.4628643343576,4.0,0.4759275080665595,2.096289967733762,2.0243519304347117,0.07193803729905023,460.8214321671787,467.6414321671788,928.4628643343575,"{""S009:T0"": 1, ""S009:T1"": 1, ""S009:T2"": 1}"
P00622,S009,C,3,25.0,0.067,1,1,390.0,288.0,1644.589168452196,8.0,0.5288235217330635,3.7694118261354923,3.69323144320533,0.07618038293016223,478.17958422609803,488.409584226098,966.589168452196,"{""S009:T0"": 1, ""S009:T1"": 1, ""S009:T2"": 1}"
P00623,S010,A,1,14.0,0.027,1,1,330.0,180.0,1594.8926699889435,4.5,0.5730152180541015,1.9214315187565434,1.8012695157242828,0.12016200303226049,534.9830016611384,549.9096683278051,1084.8926699889435,"{""S010:T2"": 1}"
P00624,S010,B,1,14.0,0.027,1,1,330.0,180.0,1435.4035197802173,4.0,0.6030100446393257,1.587959821442697,1.4752153643775388,0.11274445706515841,455.23842655677527,470.16509322344194,925.4035197802173,"{""S010:T2"": 1}"
P00625,S010,C,1,14.0,0.027,1,1,330.0,216.0,1536.7323649950608,8.0,0.6093944937555753,3.1248440499553976,3.004830397842479,0.12001365211291844,484.1711824975305,506.56118249753047,990.732364995061,"{""S010:T2"": 1}"
P00626,S010,A,1,8.0,0.028,1,1,330.0,180.0,1594.8926699889435,4.5,0.5848880845358249,1.8680036195887881,1.7548343420534556,0.11316927753533258,534.9830016611384,549.9096683278051,1084.8926699889435,"{""S010:T1"": 1}"
P00627,S010,B,1,8.0,0.028,1,1,330.0,180.0,1435.4035197802173,4.0,0.6210822168870429,1.5156711324518282,1.4099194008835976,0.10575173156823053,455.23842655677527,470.16509322344194,925.4035197802173,"{""S010:T1"": 1}"
P00628,S010,C,1,8.0,0.028,1,1,330.0,216.0,1536.7323649950608,8.0,0.6146326890199696,3.0829384878402437,2.969917561224253,0.11302092661599054,484.1711824975305,506.56118249753047,990.732364995061,"{""S010:T1"": 1}"
P00629,S010,A,2,22.0,0.055,1,1,360.0,210.0,1654.8926699889435,4.5,0.5506042928591426,2.0222806821338586,1.892795045105694,0.12948563702816435,534.9830016611384,549.9096683278051,1084.8926699889435,"{""S010:T1"": 1, ""S010:T2"": 1}"
P00630,S010,B,2,22.0,0.055,1,1,360.0,210.0,1495.4035197802173,4.0,0.5647938842505025,1.74082446299799,1.6187563719369278,0.12206809106106228,455.23842655677527,470.16509322344194,925.4035197802173,"{""S010:T1"": 1, ""S010:T2"": 1}"
P00631,S010,C,2,22.0,0.055,1,1,360.0,252.0,1602.7323649950608,8.0,0.6002878635585926,3.1976970915312593,3.068359805422437,0.1293372861088223,484.1711824975305,506.56118249753047,990.732364995061,"{""S010:T1"": 1, ""S010:T2"": 1}"
P00632,S010,A,1,3.0,0.012,1,1,330.0,180.0,1594.8926699889435,4.5,0.591767759279018,1.8370450832444192,1.7297030769565265,0.10734200628789266,534.9830016611384,549.9096683278051,1084.8926699889435,"{""S010:T0"": 1}"
P00633,S010,B,1,3.0,0.012,1,1,330.0,180.0,1435.4035197802173,4.0,0.6309087144682416,1.4763651421270336,1.3764406818062431,0.09992446032079061,455.23842655677527,470.16509322344194,925.4035197802173,"{""S010:T0"": 1}"
P00634,S010,C,1,3.0,0.012,1,1,330.0,216.0,1536.7323649950608,8.0,0.6178265006294419,3.057387994964465,2.9501943395959143,0.10719365536855065,484.1711824975305,506.56118249753047,990.732364995061,"{""S010:T0"": 1}"
P00635,S010,A,2,17.0,0.039,1,1,360.0,210.0,1654.8926699889435,4.5,0.5655714624373955,1.95492841903172,1.8312700532509956,0.12365836578072444,534.9830016611384,549.9096683278051,1084.8926699889435,"{""S010:T0"": 1, ""S010:T2"": 1}"
P00636,S010,B,2,17.0,0.039,1,1,360.0,210.0,1495.4035197802173,4.0,0.5909486468438867,1.636205412624453,1.5199645928108305,0.11624081981362237,455.23842655677527,470.16509322344194,925.4035197802173,"{""S010:T0"": 1, ""S010:T2"": 1}"
P00637,S010,C,2,17.0,0.039,1,1,360.0,252.0,1602.7323649950608,8.0,0.6062621470539189,3.1499028235686493,3.026392808707267,0.12351001486138238,484.1711824975305,506.56118249753047,990.732364995061,"{""S010:T0"": 1, ""S010:T2"": 1}"
P00638,S010,A,2,11.0,0.04,1,1,360.0,210.0,1654.8926699889435,4.5,0.5794360364208944,1.8925378361059755,1.775872195822179,0.11666564028379653,534.9830016611384,549.9096683278051,1084.8926699889435,"{""S010:T0"": 1, ""S010:T1"": 1}"
P00639,S010,B,2,11.0,0.04,1,1,360.0,210.0,1495.4035197802173,4.0,0.6129554153619564,1.5481783385521743,1.4389302442354799,0.1092480943166945,455.23842655677527,470.16509322344194,925.4035197802173,"{""S010:T0"": 1, ""S010:T1"": 1}"
P00640,S010,C,2,11.0,0.04,1,1,360.0,252.0,1602.7323649950608,8.0,0.6121885473988802,3.102491620808959,2.9859743314445044,0.1165172893644545,484.1711824975305,506.56118249753047,990.732364995061,"{""S010:T0"": 1, ""S010:T1"": 1}"
P00641,S010,B,3,25.0,0.067,1,1,390.0,240.0,1555.4035197802173,4.0,0.5441851392448922,1.8232594430204312,1.697694989210905,0.12556445380952624,455.23842655677527,470.16509322344194,925.4035197802173,"{""S010:T0"": 1, ""S010:T1"": 1, ""S010:T2"": 1}"
P00642,S010,C,3,25.0,0.067,1,1,390.0,288.0,1668.7323649950608,8.0,0.5962360552092458,3.230111558326034,3.0972779094687475,0.13283364885728624,484.1711824975305,506.56118249753047,990.732364995061,"{""S010:T0"": 1, ""S010:T1"": 1, ""S010:T2"": 1}"
P00643,S011,A,1,14.0,0.027,1,1,330.0,180.0,1162.0283099395829,4.5,0.7483291212046407,1.132518954579117,1.057157905077062,0.07536104950205486,323.2008216364581,328.82748830312477,652.0283099395829,"{""S011:T2"": 1}"
P00644,S011,B,1,14.0,0.027,1,1,330.0,180.0,1068.4247628605203,4.0,0.7658973268112952,0.9364106927548195,0.8657980221886845,0.07061267056613499,276.3990480969269,282.02571476359356,558.4247628605204,"{""S011:T2"": 1}"
P00645,S011,C,1,14.0,0.027,1,1,330.0,216.0,1146.2453479842184,8.0,0.7701513655703726,1.8387890754370197,1.7635229935136834,0.07526608192333646,295.90267399210916,304.3426739921092,600.2453479842184,"{""S011:T2"": 1}"
P00646,S011,A,1,8.0,0.028,1,1,330.0,180.0,1162.0283099395829,4.5,0.7552313295432613,1.1014590170553242,1.029905286581488,0.07155373047383627,323.2008216364581,328.82748830312477,652.0283099395829,"{""S011:T1"": 1}"
P00647,S011,B,1,8.0,0.028,1,1,330.0,180.0,1068.4247628605203,4.0,0.7764296418003844,0.8942814327984621,0.8274760812605457,0.06680535153791639,276.3990480969269,282.02571476359356,558.4247628605204,"{""S011:T1"": 1}"
P00648,S011,C,1,8.0,0.028,1,1,330.0,216.0,1146.2453479842184,8.0,0.773188556044905,1.8144915516407596,1.7430327887456416,0.07145876289511788,295.90267399210916,304.3426739921092,600.2453479842184,"{""S011:T1"": 1}"
P00649,S011,A,2,22.0,0.055,1,1,360.0,210.0,1222.0283099395829,4.5,0.7352641447475106,1.1913113486362026,1.1108738737631896,0.08043747487301298,323.2008216364581,328.82748830312477,652.0283099395829,"{""S011:T1"": 1, ""S011:T2"": 1}"
P00650,S011,B,2,22.0,0.055,1,1,360.0,210.0,1128.4247628605203,4.0,0.743567309050322,1.025730763798712,0.9500416678616189,0.07568909593709311,276.3990480969269,282.02571476359356,558.4247628605204,"{""S011:T1"": 1, ""S011:T2"": 1}"
P00651,S011,C,2,22.0,0.055,1,1,360.0,252.0,1212.2453479842184,8.0,0.7648561678617936,1.8811506571056515,1.800808149811357,0.08034250729429458,295.90267399210916,304.3426739921092,600.2453479842184,"{""S011:T1"": 1, ""S011:T2"": 1}"
P00652,S011,A,1,3.0,0.012,1,1,330.0,180.0,1162.0283099395829,4.5,0.759214041822137,1.0835368118003834,1.015155847183396,0.06838096461698745,323.2008216364581,328.82748830312477,652.0283099395829,"{""S011:T0"": 1}"
P00653,S011,B,1,3.0,0.012,1,1,330.0,180.0,1068.4247628605203,4.0,0.7821349649882949,0.8714601400468203,0.8078275543657527,0.06363258568106758,276.3990480969269,282.02571476359356,558.4247628605204,"{""S011:T0"": 1}"
P00654,S011,C,1,3.0,0.012,1,1,330.0,216.0,1146.2453479842184,8.0,0.7750320868050545,1.799743305559564,1.731457308521295,0.06828599703826906,295.90267399210916,304.3426739921092,600.2453479842184,"{""S011:T0"": 1}"
P00655,S011,A,2,17.0,0.039,1,1,360.0,210.0,1222.0283099395829,4.5,0.7439933755359807,1.152029810088087,1.0747651010719228,0.07726470901616415,323.2008216364581,328.82748830312477,652.0283099395829,"{""S011:T0"": 1, ""S011:T2"": 1}"
P00656,S011,B,2,17.0,0.039,1,1,360.0,210.0,1128.4247628605203,4.0,0.7588556259452484,0.9645774962190065,0.8920611661387622,0.07251633008024429,276.3990480969269,282.02571476359356,558.4247628605204,"{""S011:T0"": 1, ""S011:T2"": 1}"
P00657,S011,C,2,17.0,0.039,1,1,360.0,252.0,1212.2453479842184,8.0,0.7683315464982965,1.8533476280136278,1.7761778865761821,0.07716974143744577,295.90267399210916,304.3426739921092,600.2453479842184,"{""S011:T0"": 1, ""S011:T2"": 1}"
P00658,S011,A,2,11.0,0.04,1,1,360.0,210.0,1222.0283099395829,4.5,0.752064509075257,1.1157097091613435,1.042252319173398,0.07345738998794557,323.2008216364581,328.82748830312477,652.0283099395829,"{""S011:T0"": 1, ""S011:T1"": 1}"
P00659,S011,B,2,11.0,0.04,1,1,360.0,210.0,1128.4247628605203,4.0,0.7716971398155597,0.9132114407377612,0.8445024296857355,0.0687090110520257,276.3990480969269,282.02571476359356,558.4247628605204,"{""S011:T0"": 1, ""S011:T1"": 1}"
P00660,S011,C,2,11.0,0.04,1,1,360.0,252.0,1212.2453479842184,8.0,0.7717726417937815,1.8258188656497483,1.7524564432405212,0.07336242240922718,295.90267399210916,304.3426739921092,600.2453479842184,"{""S011:T0"": 1, ""S011:T1"": 1}"
P00661,S011,B,3,25.0,0.067,1,1,390.0,240.0,1188.4247628605203,4.0,0.7315092041471272,1.073963183411491,0.9963704279602887,0.0775927554512024,276.3990480969269,282.02571476359356,558.4247628605204,"{""S011:T0"": 1, ""S011:T1"": 1, ""S011:T2"": 1}"
P00662,S011,C,3,25.0,0.067,1,1,390.0,288.0,1278.2453479842184,8.0,0.7624967204105184,1.9000262367158527,1.817780069907449,0.08224616680840387,295.90267399210916,304.3426739921092,600.2453479842184,"{""S011:T0"": 1, ""S011:T1"": 1, ""S011:T2"": 1}"
P00663,S012,A,1,14.0,0.027,1,1,330.0,180.0,2049.1981528997,4.5,0.3536261674655051,2.908682246405227,2.7825164373795688,0.12616580902565852,764.5290764498499,774.66907644985,1539.1981528996998,"{""S012:T2"": 1}"
P00664,S012,B,1,14.0,0.027,1,1,330.0,180.0,1802.8268141491872,4.0,0.4007304489791236,2.3970782040835057,2.278843318127695,0.11823488595581055,641.3434070745935,651.4834070745935,1292.8268141491872,"{""S012:T2"": 1}"
P00665,S012,C,1,14.0,0.027,1,1,330.0,216.0,1908.6771457735363,8.0,0.4040340153367633,4.7677278773058935,4.641720686741632,0.12600719056426157,673.7335728867681,688.943572886768,1362.6771457735363,"{""S012:T2"": 1}"
P00666,S012,A,1,8.0,0.028,1,1,330.0,180.0,2049.1981528997,4.5,0.37100758860211047,2.8304658512905028,2.710785564856753,0.11968028643374974,764.5290764498499,774.66907644985,1539.1981528996998,"{""S012:T1"": 1}"
P00667,S012,B,1,8.0,0.028,1,1,330.0,180.0,1802.8268141491872,4.0,0.4275683630401159,2.2897265478395363,2.1779771844756346,0.11174936336390179,641.3434070745935,651.4834070745935,1292.8268141491872,"{""S012:T1"": 1}"
P00668,S012,C,1,8.0,0.028,1,1,330.0,216.0,1908.6771457735363,8.0,0.4115861691756314,4.707310646594949,4.587788978622596,0.1195216679723528,673.7335728867681,688.943572886768,1362.6771457735363,"{""S012:T1"": 1}"
P00669,S012,A,2,22.0,0.055,1,1,360.0,210.0,2109.1981528997,4.5,0.3202857903630765,3.058713943366156,2.923900770884619,0.13481317248153687,764.5290764498499,774.66907644985,1539.1981528996998,"{""S012:T1"": 1, ""S012:T2"": 1}"
P00670,S012,B,2,22.0,0.055,1,1,360.0,210.0,1862.8268141491872,4.0,0.34313475861548237,2.6274609655380705,2.5005787161263817,0.1268822494116889,641.3434070745935,651.4834070745935,1292.8268141491872,"{""S012:T1"": 1, ""S012:T2"": 1}"
P00671,S012,C,2,22.0,0.055,1,1,360.0,252.0,1974.6771457735363,8.0,0.390685939760512,4.874512481915904,4.7398579278957635,0.13465455402013993,673.7335728867681,688.943572886768,1362.6771457735363,"{""S012:T1"": 1, ""S012:T2"": 1}"
P00672,S012,A,1,3.0,0.012,1,1,330.0,180.0,2049.1981528997,4.5,0.3808356327360717,2.7862396526876774,2.6719639684138516,0.11427568427382574,764.5290764498499,774.66907644985,1539.1981528996998,"{""S012:T0"": 1}"
P00673,S012,B,1,3.0,0.012,1,1,330.0,180.0,1802.8268141491872,4.0,0.44184860127657266,2.2326055948937094,2.1262608336897317,0.10634476120397783,641.3434070745935,651.4834070745935,1292.8268141491872,"{""S012:T0"": 1}"
P00674,S012,C,1,3.0,0.012,1,1,330.0,216.0,1908.6771457735363,8.0,0.4160701825985367,4.671438539211707,4.557321473399278,0.11411706581242884,673.7335728867681,688.943572886768,1362.6771457735363,"{""S012:T0"": 1}"
P00675,S012,A,2,17.0,0.039,1,1,360.0,210.0,2109.1981528997,4.5,0.34260701617769684,2.9582684272003643,2.8288598568787515,0.1294085703216129,764.5290764498499,774.66907644985,1539.1981528996998,"{""S012:T0"": 1, ""S012:T2"": 1}"
P00676,S012,B,2,17.0,0.039,1,1,360.0,210.0,1862.8268141491872,4.0,0.3826381327534135,2.469447468986346,2.347969821734581,0.12147764725176495,641.3434070745935,651.4834070745935,1292.8268141491872,"{""S012:T0"": 1, ""S012:T2"": 1}"
P00677,S012,C,2,17.0,0.039,1,1,360.0,252.0,1974.6771457735363,8.0,0.3994650953920219,4.804279236863825,4.675029285003609,0.12924995186021596,673.7335728867681,688.943572886768,1362.6771457735363,"{""S012:T0"": 1, ""S012:T2"": 1}"
P00678,S012,A,2,11.0,0.04,1,1,360.0,210.0,2109.1981528997,4.5,0.36306513339657254,2.8662068997154235,2.7432838519857192,0.12292304772970412,764.5290764498499,774.66907644985,1539.1981528996998,"{""S012:T0"": 1, ""S012:T1"": 1}"
P00679,S012,B,2,11.0,0.04,1,1,360.0,210.0,1862.8268141491872,4.0,0.41555402609576053,2.337783895616958,2.2227917709571017,0.11499212465985617,641.3434070745935,651.4834070745935,1292.8268141491872,"{""S012:T0"": 1, ""S012:T1"": 1}"
P00680,S012,C,2,11.0,0.04,1,1,360.0,252.0,1974.6771457735363,8.0,0.4080803560742856,4.735357151405715,4.612592722137408,0.12276442926830719,673.7335728867681,688.943572886768,1362.6771457735363,"{""S012:T0"": 1, ""S012:T1"": 1}"
P00681,S012,B,3,25.0,0.067,1,1,390.0,240.0,1922.8268141491872,4.0,0.3118389023860828,2.7526443904556688,2.6225193797480255,0.13012501070764332,641.3434070745935,651.4834070745935,1292.8268141491872,"{""S012:T0"": 1, ""S012:T1"": 1, ""S012:T2"": 1}"
P00682,S012,C,3,25.0,0.067,1,1,390.0,288.0,2040.6771457735363,8.0,0.38469667870306956,4.9224265703754435,4.784529255059349,0.1378973153160943,673.7335728867681,688.943572886768,1362.6771457735363,"{""S012:T0"": 1, ""S012:T1"": 1, ""S012:T2"": 1}"
P00683,S013,A,1,14.0,0.027,1,1,330.0,180.0,1552.162817229484,4.5,0.572316445034984,1.9245759973425716,1.8256880149418893,0.09888798240068225,513.6147419480754,528.5480752814087,1042.162817229484,"{""S013:T2"": 1}"
P00684,S013,B,1,14.0,0.027,1,1,330.0,180.0,1390.5115887445247,4.0,0.6029835441846223,1.588065823261511,1.495213784883961,0.09285203837754992,432.7891277055957,447.72246103892905,880.5115887445247,"{""S013:T2"": 1}"
P00685,S013,C,1,14.0,0.027,1,1,330.0,216.0,1479.672196654681,8.0,0.6069585051152676,3.144331959077859,3.0455646955576396,0.09876726352021961,455.6360983273405,478.0360983273405,933.672196654681,"{""S013:T2"": 1}"
P00686,S013,A,1,8.0,0.028,1,1,330.0,180.0,1552.162817229484,4.5,0.5841452364250724,1.871346436087174,1.7786233534337046,0.09272308265346953,513.6147419480754,528.5480752814087,1042.162817229484,"{""S013:T1"": 1}"
P00687,S013,B,1,8.0,0.028,1,1,330.0,180.0,1390.5115887445247,4.0,0.6210700524527538,1.5157197901889847,1.4290326515586476,0.0866871386303372,432.7891277055957,447.72246103892905,880.5115887445247,"{""S013:T1"": 1}"
P00688,S013,C,1,8.0,0.028,1,1,330.0,216.0,1479.672196654681,8.0,0.6121523831489482,3.1027809348084148,3.010178571035408,0.09260236377300687,455.6360983273405,478.0360983273405,933.672196654681,"{""S013:T1"": 1}"
P00689,S013,A,2,22.0,0.055,1,1,360.0,210.0,1612.162817229484,4.5,0.5498750804421189,2.025562138010465,1.9184542892801661,0.10710784873029922,513.6147419480754,528.5480752814087,1042.162817229484,"{""S013:T1"": 1, ""S013:T2"": 1}"
P00690,S013,B,2,22.0,0.055,1,1,360.0,210.0,1450.5115887445247,4.0,0.5645568554825986,1.7417725780696054,1.6407006733624385,0.1010719047071669,432.7891277055957,447.72246103892905,880.5115887445247,"{""S013:T1"": 1, ""S013:T2"": 1}"
P00691,S013,C,2,22.0,0.055,1,1,360.0,252.0,1545.672196654681,8.0,0.5978821931366738,3.21694245490661,3.1099553250567737,0.10698712984983658,455.6360983273405,478.0360983273405,933.672196654681,"{""S013:T1"": 1, ""S013:T2"": 1}"
P00692,S013,A,1,3.0,0.012,1,1,330.0,180.0,1552.162817229484,4.5,0.590947318161595,1.840737068272823,1.753151402075364,0.0875856661974589,513.6147419480754,528.5480752814087,1042.162817229484,"{""S013:T0"": 1}"
P00693,S013,B,1,3.0,0.012,1,1,330.0,180.0,1390.5115887445247,4.0,0.6308375479902868,1.476649808038853,1.3951000858645264,0.08154972217432659,432.7891277055957,447.72246103892905,880.5115887445247,"{""S013:T0"": 1}"
P00694,S013,C,1,3.0,0.012,1,1,330.0,216.0,1479.672196654681,8.0,0.6152933845787434,3.0776529233700525,2.9901879760530563,0.08746494731699626,455.6360983273405,478.0360983273405,933.672196654681,"{""S013:T0"": 1}"
P00695,S013,A,2,17.0,0.039,1,1,360.0,210.0,1612.162817229484,4.5,0.5648742932922138,1.9580656801850378,1.856095247910749,0.10197043227428862,513.6147419480754,528.5480752814087,1042.162817229484,"{""S013:T0"": 1, ""S013:T2"": 1}"
P00696,S013,B,2,17.0,0.039,1,1,360.0,210.0,1450.5115887445247,4.0,0.5908739664315465,1.6365041342738138,1.5405696460226574,0.09593448825115627,432.7891277055957,447.72246103892905,880.5115887445247,"{""S013:T0"": 1, ""S013:T2"": 1}"
P00697,S013,C,2,17.0,0.039,1,1,360.0,252.0,1545.672196654681,8.0,0.6038413592850593,3.169269125719526,3.0674194123257,0.10184971339382595,455.6360983273405,478.0360983273405,933.672196654681,"{""S013:T0"": 1, ""S013:T2"": 1}"
P00698,S013,A,2,11.0,0.04,1,1,360.0,210.0,1612.162817229484,4.5,0.5787217923124033,1.8957519345941856,1.7999464020671097,0.09580553252707588,513.6147419480754,528.5480752814087,1042.162817229484,"{""S013:T0"": 1, ""S013:T1"": 1}"
P00699,S013,B,2,11.0,0.04,1,1,360.0,210.0,1450.5115887445247,4.0,0.6129484094266637,1.5482063622933453,1.4584367737894017,0.08976958850394358,432.7891277055957,447.72246103892905,880.5115887445247,"{""S013:T0"": 1, ""S013:T1"": 1}"
P00700,S013,C,2,11.0,0.04,1,1,360.0,252.0,1545.672196654681,8.0,0.6097327718944627,3.1221378248442977,3.0264530111976846,0.09568481364661323,455.6360983273405,478.0360983273405,933.672196654681,"{""S013:T0"": 1, ""S013:T1"": 1}"
P00701,S013,B,3,25.0,0.067,1,1,390.0,240.0,1510.5115887445247,4.0,0.5437840603570343,1.8248637585718628,1.7207094039910895,0.10415435458077327,432.7891277055957,447.72246103892905,880.5115887445247,"{""S013:T0"": 1, ""S013:T1"": 1, ""S013:T2"": 1}"
P00702,S013,C,3,25.0,0.067,1,1,390.0,288.0,1611.672196654681,8.0,0.5938331211867297,3.2493350305061623,3.1392654507827196,0.11006957972344293,455.6360983273405,478.0360983273405,933.672196654681,"{""S013:T0"": 1, ""S013:T1"": 1, ""S013:T2"": 1}"
P00703,S014,A,1,14.0,0.027,1,1,330.0,180.0,1930.3988852767495,4.5,0.4996222220771407,2.2517000006528667,2.040273693366286,0.21142630728658043,702.7561093050415,717.642775971708,1420.3988852767495,"{""S014:T2"": 1}"
P00704,S014,B,1,14.0,0.027,1,1,330.0,180.0,1749.7476752786915,4.0,0.5327404929929928,1.869038028028029,1.6709565524285281,0.19808147559950082,612.4305043060124,627.317170972679,1239.7476752786915,"{""S014:T2"": 1}"
P00705,S014,C,1,14.0,0.027,1,1,330.0,216.0,1903.2801378437955,8.0,0.5481637141003739,3.6146902871970084,3.4035308765441696,0.21115941065283883,667.4750689218978,689.8050689218977,1357.2801378437955,"{""S014:T2"": 1}"
P00706,S014,A,1,8.0,0.028,1,1,330.0,180.0,1930.3988852767495,4.5,0.5136530619761455,2.1885612211073457,1.9876771982496795,0.20088402285766604,702.7561093050415,717.642775971708,1420.3988852767495,"{""S014:T1"": 1}"
P00707,S014,B,1,8.0,0.028,1,1,330.0,180.0,1749.7476752786915,4.0,0.5538660284610135,1.784535886155946,1.5969966949853593,0.1875391911705865,612.4305043060124,627.317170972679,1239.7476752786915,"{""S014:T1"": 1}"
P00708,S014,C,1,8.0,0.028,1,1,330.0,216.0,1903.2801378437955,8.0,0.5544246620660496,3.5646027034716035,3.363985577247679,0.20061712622392444,667.4750689218978,689.8050689218977,1357.2801378437955,"{""S014:T1"": 1}"
P00709,S014,A,2,22.0,0.055,1,1,360.0,210.0,1990.3988852767495,4.5,0.47346086378807206,2.3694261129536756,2.1439434264285424,0.22548268652513292,702.7561093050415,717.642775971708,1420.3988852767495,"{""S014:T1"": 1, ""S014:T2"": 1}"
P00710,S014,B,2,22.0,0.055,1,1,360.0,210.0,1809.7476752786915,4.0,0.48857965722008545,2.045681371119658,1.8335435162816047,0.21213785483805336,612.4305043060124,627.317170972679,1239.7476752786915,"{""S014:T1"": 1, ""S014:T2"": 1}"
P00711,S014,C,2,22.0,0.055,1,1,360.0,252.0,1969.2801378437955,8.0,0.5374118037732498,3.700705569814001,3.4754897799226097,0.22521578989139138,667.4750689218978,689.8050689218977,1357.2801378437955,"{""S014:T1"": 1, ""S014:T2"": 1}"
P00712,S014,A,1,3.0,0.012,1,1,330.0,180.0,1930.3988852767495,4.5,0.5219310802309185,2.151310138960867,1.959211353127296,0.1920987858335707,702.7561093050415,717.642775971708,1420.3988852767495,"{""S014:T0"": 1}"
P00713,S014,B,1,3.0,0.012,1,1,330.0,180.0,1749.7476752786915,4.0,0.5655425611406903,1.7378297554372384,1.5590758012907473,0.17875395414649115,612.4305043060124,627.317170972679,1239.7476752786915,"{""S014:T0"": 1}"
P00714,S014,C,1,3.0,0.012,1,1,330.0,216.0,1903.2801378437955,8.0,0.5583153450945485,3.533477239243612,3.341645350043783,0.1918318891998291,667.4750689218978,689.8050689218977,1357.2801378437955,"{""S014:T0"": 1}"
P00715,S014,A,2,17.0,0.039,1,1,360.0,210.0,1990.3988852767495,4.5,0.4908994783962308,2.2909523472169613,2.0742548977159236,0.2166974495010376,702.7561093050415,717.642775971708,1420.3988852767495,"{""S014:T0"": 1, ""S014:T2"": 1}"
P00716,S014,B,2,17.0,0.039,1,1,360.0,210.0,1809.7476752786915,4.0,0.518750995519831,1.9249960179206762,1.7216434001067182,0.20335261781395808,612.4305043060124,627.317170972679,1239.7476752786915,"{""S014:T0"": 1, ""S014:T2"": 1}"
P00717,S014,C,2,17.0,0.039,1,1,360.0,252.0,1969.2801378437955,8.0,0.5444518898168613,3.6443848814651094,3.4279543285978136,0.21643055286729607,667.4750689218978,689.8050689218977,1357.2801378437955,"{""S014:T0"": 1, ""S014:T2"": 1}"
P00718,S014,A,2,11.0,0.04,1,1,360.0,210.0,1990.3988852767495,4.5,0.5071862985276652,2.2176616566255065,2.011506491553383,0.20615516507212323,702.7561093050415,717.642775971708,1420.3988852767495,"{""S014:T0"": 1, ""S014:T1"": 1}"
P00719,S014,B,2,11.0,0.04,1,1,360.0,210.0,1809.7476752786915,4.0,0.5443331951318564,1.8226672194725744,1.6298568860875307,0.19281033338504366,612.4305043060124,627.317170972679,1239.7476752786915,"{""S014:T0"": 1, ""S014:T1"": 1}"
P00720,S014,C,2,11.0,0.04,1,1,360.0,252.0,1969.2801378437955,8.0,0.5514923583980055,3.588061132815956,3.3821728643775746,0.20588826843838165,667.4750689218978,689.8050689218977,1357.2801378437955,"{""S014:T0"": 1, ""S014:T1"": 1}"
P00721,S014,B,3,25.0,0.067,1,1,390.0,240.0,1869.7476752786915,4.0,0.46490869480858643,2.1403652207656543,1.9229562237131437,0.21740899705251063,612.4305043060124,627.317170972679,1239.7476752786915,"{""S014:T0"": 1, ""S014:T1"": 1, ""S014:T2"": 1}"
P00722,S014,C,3,25.0,0.067,1,1,390.0,288.0,2035.2801378437955,8.0,0.5326585176787947,3.7387318585696425,3.508244926463794,0.23048693210584853,667.4750689218978,689.8050689218977,1357.2801378437955,"{""S014:T0"": 1, ""S014:T1"": 1, ""S014:T2"": 1}"
P00723,S015,A,1,14.0,0.027,1,1,330.0,180.0,1908.6530565810067,4.5,0.46012465155491367,2.4294390680028886,2.2624749672855557,0.16696410071733264,687.7665282905034,710.8865282905033,1398.6530565810067,"{""S015:T2"": 1}"
P00724,S015,B,1,14.0,0.027,1,1,330.0,180.0,1708.3275601736595,4.0,0.4975861811256247,2.0096552754975012,1.8529363896535886,0.15671888584391278,587.6037800868298,610.7237800868297,1198.3275601736595,"{""S015:T2"": 1}"
P00725,S015,C,1,14.0,0.027,1,1,330.0,216.0,1834.5606452973575,8.0,0.5073799512603258,3.940960389917394,3.7742011934975297,0.16675919641986425,626.9403226486787,661.6203226486788,1288.5606452973575,"{""S015:T2"": 1}"
P00726,S015,A,1,8.0,0.028,1,1,330.0,180.0,1908.6530565810067,4.5,0.47532674180577916,2.3610296618739937,2.204150315080713,0.1568793467932807,687.7665282905034,710.8865282905033,1398.6530565810067,"{""S015:T1"": 1}"
P00727,S015,B,1,8.0,0.028,1,1,330.0,180.0,1708.3275601736595,4.0,0.5206110312713985,1.917555874914406,1.7709217429945452,0.14663413191986086,587.6037800868298,610.7237800868297,1198.3275601736595,"{""S015:T1"": 1}"
P00728,S015,C,1,8.0,0.028,1,1,330.0,216.0,1834.5606452973575,8.0,0.5141220557770656,3.8870235537834756,3.7303491112876634,0.1566744424958123,626.9403226486787,661.6203226486788,1288.5606452973575,"{""S015:T1"": 1}"
P00729,S015,A,2,22.0,0.055,1,1,360.0,210.0,1968.6530565810067,4.5,0.43158987565505613,2.5578455595522476,2.3774351202695123,0.18041043928273523,687.7665282905034,710.8865282905033,1398.6530565810067,"{""S015:T1"": 1, ""S015:T2"": 1}"
P00730,S015,B,2,22.0,0.055,1,1,360.0,210.0,1768.3275601736595,4.0,0.449151117259334,2.203395530962664,2.0332303065533486,0.17016522440931534,587.6037800868298,610.7237800868297,1198.3275601736595,"{""S015:T1"": 1, ""S015:T2"": 1}"
P00731,S015,C,2,22.0,0.055,1,1,360.0,252.0,1900.5606452973575,8.0,0.4957246872488926,4.034202502008859,3.8539969670235923,0.1802055349852668,626.9403226486787,661.6203226486788,1288.5606452973575,"{""S015:T1"": 1, ""S015:T2"": 1}"
P00732,S015,A,1,3.0,0.012,1,1,330.0,180.0,1908.6530565810067,4.5,0.4842089536010342,2.321059708795346,2.1725843236054416,0.1484753851899041,687.7665282905034,710.8865282905033,1398.6530565810067,"{""S015:T0"": 1}"
P00733,S015,B,1,3.0,0.012,1,1,330.0,180.0,1708.3275601736595,4.0,0.5332247133027956,1.8671011467888177,1.7288709764723333,0.13823017031648424,587.6037800868298,610.7237800868297,1198.3275601736595,"{""S015:T0"": 1}"
P00734,S015,C,1,3.0,0.012,1,1,330.0,216.0,1834.5606452973575,8.0,0.5182692068928573,3.853846344857142,3.705575863964706,0.14827048089243572,626.9403226486787,661.6203226486788,1288.5606452973575,"{""S015:T0"": 1}"
P00735,S015,A,2,17.0,0.039,1,1,360.0,210.0,1968.6530565810067,4.5,0.45063034219933296,2.4721634601030016,2.300156982423643,0.1720064776793586,687.7665282905034,710.8865282905033,1398.6530565810067,"{""S015:T0"": 1, ""S015:T2"": 1}"
P00736,S015,B,2,17.0,0.039,1,1,360.0,210.0,1768.3275601736595,4.0,0.4822738294646085,2.070904682141566,1.9091434193356271,0.16176126280593875,587.6037800868298,610.7237800868297,1198.3275601736595,"{""S015:T0"": 1, ""S015:T2"": 1}"
P00737,S015,C,2,17.0,0.039,1,1,360.0,252.0,1900.5606452973575,8.0,0.5033642352459231,3.9730861180326156,3.8012845446507253,0.17180157338189023,626.9403226486787,661.6203226486788,1288.5606452973575,"{""S015:T0"": 1, ""S015:T2"": 1}"
P00738,S015,A,2,11.0,0.04,1,1,360.0,210.0,1968.6530565810067,4.5,0.46833410603407044,2.392496522846683,2.230574799091376,0.16192172375530667,687.7665282905034,710.8865282905033,1398.6530565810067,"{""S015:T0"": 1, ""S015:T1"": 1}"
P00739,S015,B,2,11.0,0.04,1,1,360.0,210.0,1768.3275601736595,4.0,0.5102407082686913,1.959037166925235,1.8073606580433483,0.1516765088818868,587.6037800868298,610.7237800868297,1198.3275601736595,"{""S015:T0"": 1, ""S015:T1"": 1}"
P00740,S015,C,2,11.0,0.04,1,1,360.0,252.0,1900.5606452973575,8.0,0.5109707560832353,3.912233951334118,3.75051713187628,0.16171681945783828,626.9403226486787,661.6203226486788,1288.5606452973575,"{""S015:T0"": 1, ""S015:T1"": 1}"
P00741,S015,B,3,25.0,0.067,1,1,390.0,240.0,1828.3275601736595,4.0,0.4231029157263819,2.3075883370944723,2.132380735723131,0.1752076013713413,587.6037800868298,610.7237800868297,1198.3275601736595,"{""S015:T0"": 1, ""S015:T1"": 1, ""S015:T2"": 1}"
P00742,S015,C,3,25.0,0.067,1,1,390.0,288.0,1966.5606452973575,8.0,0.4905540863363006,4.075567309309595,3.8903193973623025,0.1852479119472928,626.9403226486787,661.6203226486788,1288.5606452973575,"{""S015:T0"": 1, ""S015:T1"": 1, ""S015:T2"": 1}"
