route_id,time_s,direct_margin_dB,phase
Q3-T001,480.0,45.92517525248826,爬升
Q3-T001,490.59545952690974,65.70268977304471,爬升
Q3-T001,501.19091905381947,51.58147388640762,爬升
Q3-T001,511.78637858072915,46.46040845685677,爬升
Q3-T001,522.3818381076389,43.26039317144625,爬升
Q3-T001,532.9772976345486,40.92710782789834,爬升
Q3-T001,543.5727571614583,39.08973610815727,爬升
Q3-T001,554.168216688368,37.57398639129073,爬升
Q3-T001,564.7636762152778,36.283859693523496,爬升
Q3-T001,575.3591357421875,35.16080841557533,爬升
Q3-T001,575.3591357421875,35.16080841557533,巡航
Q3-T001,585.4740527337775,33.45049303047492,巡航
Q3-T001,595.5889697253674,30.4913867144069,巡航
Q3-T001,605.7038867169574,27.882443201847508,巡航
Q3-T001,615.8188037085474,25.754641619664454,巡航
Q3-T001,625.9337207001373,23.999500293604584,巡航
Q3-T001,636.0486376917273,22.518646736147517,巡航
Q3-T001,646.1635546833173,21.242874967419084,巡航
Q3-T001,656.2784716749072,20.1245290675829,巡航
Q3-T001,666.3933886664972,19.13015691872839,巡航
Q3-T001,676.5083056580872,8.235637327797619,巡航
Q3-T001,686.6232226496771,7.4231109815068095,巡航
Q3-T001,696.7381396412671,6.679033801227121,巡航
Q3-T001,706.8530566328571,5.99291422497474,巡航
Q3-T001,716.967973624447,5.356472680202032,巡航
Q3-T001,727.082890616037,4.763067693765379,巡航
Q3-T001,737.197807607627,4.207294667416903,巡航
Q3-T001,747.3127245992171,3.6846992403839636,巡航
Q3-T001,757.427641590807,3.191568465773358,巡航
Q3-T001,767.542558582397,2.7247759615016633,巡航
Q3-T001,777.6574755739869,2.2816652335986305,巡航
Q3-T001,787.7723925655769,1.8599604785582073,巡航
Q3-T001,787.7723925655769,1.8599604785582073,下降
Q3-T001,800.596852404444,1.8644530335272407,下降
Q3-T001,813.4213122433113,1.8683888800624544,下降
Q3-T001,813.4213122433113,1.8683888800624544,物资投送
Q3-T001,823.5751583971575,1.8683888800624544,物资投送
Q3-T001,833.7290045510035,1.8683888800624544,物资投送
Q3-T001,843.8828507048497,1.8683888800624544,物资投送
Q3-T001,854.0366968586959,1.8683888800624544,物资投送
Q3-T001,864.190543012542,1.8683888800624544,物资投送
Q3-T001,874.3443891663882,1.8683888800624544,物资投送
Q3-T001,884.4982353202344,1.8683888800624544,物资投送
Q3-T001,894.6520814740804,1.8683888800624544,物资投送
Q3-T001,904.8059276279266,1.8683888800624544,物资投送
Q3-T001,914.9597737817728,1.8683888800624544,物资投送
Q3-T001,925.1136199356189,1.8683888800624544,物资投送
Q3-T001,935.2674660894651,1.8683888800624544,物资投送
Q3-T001,945.4213122433113,1.8683888800624544,物资投送
Q3-T001,955.5751583971573,1.8683888800624544,物资投送
Q3-T001,965.7290045510035,1.8683888800624544,物资投送
Q3-T001,975.8828507048497,1.8683888800624544,物资投送
Q3-T001,986.0366968586959,1.8683888800624544,物资投送
Q3-T001,996.190543012542,1.8683888800624544,物资投送
Q3-T001,1006.3443891663882,1.8683888800624544,物资投送
Q3-T001,1016.4982353202342,1.8683888800624544,物资投送
Q3-T001,1026.6520814740804,1.8683888800624544,物资投送
Q3-T001,1036.8059276279266,1.8683888800624544,物资投送
Q3-T001,1046.9597737817728,1.8683888800624544,物资投送
Q3-T001,1057.1136199356188,1.8683888800624544,物资投送
Q3-T001,1067.267466089465,1.8683888800624544,物资投送
Q3-T001,1077.4213122433111,1.8683888800624544,物资投送
Q3-T001,1087.5751583971573,1.8683888800624544,物资投送
Q3-T001,1097.7290045510035,1.8683888800624544,物资投送
Q3-T001,1107.8828507048497,1.8683888800624544,物资投送
Q3-T001,1118.036696858696,1.8683888800624544,物资投送
Q3-T001,1128.190543012542,1.8683888800624544,物资投送
Q3-T001,1138.344389166388,1.8683888800624544,物资投送
Q3-T001,1148.4982353202342,1.8683888800624544,物资投送
Q3-T001,1158.6520814740804,1.8683888800624544,物资投送
Q3-T001,1168.8059276279266,1.8683888800624544,物资投送
Q3-T001,1178.9597737817726,1.8683888800624544,物资投送
Q3-T001,1189.1136199356188,1.8683888800624544,物资投送
Q3-T001,1199.267466089465,1.8683888800624544,物资投送
Q3-T001,1209.4213122433111,1.8683888800624544,物资投送
Q3-T001,1209.4213122433111,1.8683888800624544,爬升
Q3-T001,1219.6808801144048,1.8644530335272407,爬升
Q3-T001,1229.9404479854986,1.8599604785582073,爬升
Q3-T001,1229.9404479854986,1.8599604785582073,巡航
Q3-T001,1240.0553649770886,2.2816652335986305,巡航
Q3-T001,1250.1702819686786,2.7247759615016776,巡航
Q3-T001,1260.2851989602684,3.191568465773358,巡航
Q3-T001,1270.4001159518584,3.684699240383978,巡航
Q3-T001,1280.5150329434484,4.207294667416903,巡航
Q3-T001,1290.6299499350384,4.763067693765379,巡航
Q3-T001,1300.7448669266284,5.356472680202032,巡航
Q3-T001,1310.8597839182185,5.992914224974754,巡航
Q3-T001,1320.9747009098082,6.679033801227121,巡航
Q3-T001,1331.0896179013982,7.423110981506795,巡航
Q3-T001,1341.2045348929882,8.235637327797619,巡航
Q3-T001,1351.3194518845783,19.130156918728403,巡航
Q3-T001,1361.4343688761683,20.1245290675829,巡航
Q3-T001,1371.549285867758,21.242874967419084,巡航
Q3-T001,1381.664202859348,22.518646736147517,巡航
Q3-T001,1391.779119850938,23.99950029360457,巡航
Q3-T001,1401.894036842528,25.75464161966447,巡航
Q3-T001,1412.008953834118,27.882443201847522,巡航
Q3-T001,1422.1238708257079,30.491386714406858,巡航
Q3-T001,1432.2387878172979,33.45049303047492,巡航
Q3-T001,1442.3537048088879,35.16080841557533,巡航
Q3-T001,1442.3537048088879,35.16080841557533,下降
Q3-T001,1453.1899702341364,36.06857046488885,下降
Q3-T001,1464.026235659385,37.08239503907504,下降
Q3-T001,1474.8625010846335,38.23038652062942,下降
Q3-T001,1485.6987665098823,39.553550798216364,下降
Q3-T001,1496.5350319351307,41.11514359847337,下降
Q3-T001,1507.3712973603795,43.02040010962624,下降
Q3-T001,1518.207562785628,45.46454474519413,下降
Q3-T001,1529.0438282108767,48.878129843619135,下降
Q3-T001,1539.8800936361251,54.58187464359612,下降
Q3-T001,1550.7163590613736,77.4782924208007,下降
Q3-T001,1561.5526244866223,45.92517525248826,下降
Q3-T003,390.0,45.92517525248826,爬升
Q3-T003,400.3166086154514,61.157630927576356,爬升
Q3-T003,410.6332172309028,49.50156691100689,爬升
Q3-T003,420.9498258463542,44.697246336774896,爬升
Q3-T003,431.2664344618056,41.62188638778976,爬升
Q3-T003,441.58304307725695,39.355255817877534,爬升
Q3-T003,451.89965169270835,37.559379771700435,爬升
Q3-T003,462.21626030815975,36.07194999671199,爬升
Q3-T003,472.53286892361115,34.80238318121856,爬升
Q3-T003,482.84947753906255,33.69493697939956,爬升
Q3-T003,493.16608615451395,32.71285605610147,爬升
Q3-T003,503.4826947699653,31.83062157285397,爬升
Q3-T003,513.7993033854167,31.029791679401228,爬升
Q3-T003,524.1159120008681,30.29660470691462,爬升
Q3-T003,534.4325206163195,29.620518300330517,爬升
Q3-T003,544.7491292317709,28.993277511644692,爬升
Q3-T003,544.7491292317709,28.993277511644692,巡航
Q3-T003,554.7853075649964,28.521176489672825,巡航
Q3-T003,564.8214858982218,27.351727700384146,巡航
Q3-T003,574.8576642314473,25.910828016046366,巡航
Q3-T003,584.8938425646727,24.464164062667976,巡航
Q3-T003,594.9300208978982,23.115221511269596,巡航
Q3-T003,604.9661992311236,21.888706624215047,巡航
Q3-T003,615.0023775643491,20.780204119325788,巡航
Q3-T003,625.0385558975745,19.776746128088647,巡航
Q3-T003,635.0747342308,18.864259113161708,巡航
Q3-T003,645.1109125640255,18.02995785070931,巡航
Q3-T003,655.1470908972509,17.262906846525766,巡航
Q3-T003,665.1832692304764,16.55395780485469,巡航
Q3-T003,675.2194475637018,15.895506875655258,巡航
Q3-T003,685.2556258969273,15.281229296134782,巡航
Q3-T003,695.2918042301528,14.705842297922231,巡航
Q3-T003,705.3279825633782,14.164907946706023,巡航
Q3-T003,715.3641608966036,13.654674003360313,巡航
Q3-T003,725.4003392298291,13.171946990290735,巡航
Q3-T003,735.4365175630546,12.713991261014286,巡航
Q3-T003,745.47269589628,12.278448628899696,巡航
Q3-T003,755.5088742295055,1.8632741155094976,巡航
Q3-T003,765.5450525627309,1.4666843153513298,巡航
Q3-T003,775.5812308959564,1.0871156535497022,巡航
Q3-T003,785.6174092291819,0.7231904311915258,巡航
Q3-T003,795.6535875624073,0.37368903211046245,巡航
Q3-T003,805.6897658956327,0.03752703212137476,巡航
Q3-T003,815.7259442288582,-0.286263767776191,巡航
Q3-T003,825.7621225620837,-0.5985511484161634,巡航
Q3-T003,835.7983008953092,-0.9001157197818657,巡航
Q3-T003,845.8344792285346,-1.1916620825192297,巡航
Q3-T003,855.87065756176,-1.4738282800775124,巡航
Q3-T003,865.9068358949855,-1.7471938422194455,巡航
Q3-T003,875.943014228211,-2.0122866615476482,巡航
Q3-T003,885.9791925614364,-2.26958889829487,巡航
Q3-T003,896.0153708946618,-2.519542071991168,巡航
Q3-T003,906.0515492278873,-2.7625514695378683,巡航
Q3-T003,906.0515492278873,-2.7625514695378683,下降
Q3-T003,916.7603220143457,-2.7591617134994095,下降
Q3-T003,927.469094800804,-2.7559801766803957,下降
Q3-T003,938.1778675872623,-2.7530073188914344,下降
Q3-T003,948.8866403737206,-2.750243570495428,下降
Q3-T003,959.5954131601791,-2.74768933220129,下降
Q3-T003,970.3041859466374,-2.7453449748713723,下降
Q3-T003,981.0129587330957,-2.743210839342879,下降
Q3-T003,991.721731519554,-2.741287236263304,下降
Q3-T003,1002.4305043060124,-2.739574445940306,下降
Q3-T003,1002.4305043060124,-2.739574445940306,物资投送
Q3-T003,1012.4305043060124,-2.739574445940306,物资投送
Q3-T003,1022.4305043060124,-2.739574445940306,物资投送
Q3-T003,1032.4305043060124,-2.739574445940306,物资投送
Q3-T003,1042.4305043060124,-2.739574445940306,物资投送
Q3-T003,1052.4305043060124,-2.739574445940306,物资投送
Q3-T003,1062.4305043060124,-2.739574445940306,物资投送
Q3-T003,1072.4305043060124,-2.739574445940306,物资投送
Q3-T003,1082.4305043060124,-2.739574445940306,物资投送
Q3-T003,1092.4305043060124,-2.739574445940306,物资投送
Q3-T003,1102.4305043060124,-2.739574445940306,物资投送
Q3-T003,1112.4305043060124,-2.739574445940306,物资投送
Q3-T003,1122.4305043060124,-2.739574445940306,物资投送
Q3-T003,1132.4305043060124,-2.739574445940306,物资投送
Q3-T003,1142.4305043060124,-2.739574445940306,物资投送
Q3-T003,1152.4305043060124,-2.739574445940306,物资投送
Q3-T003,1162.4305043060124,-2.739574445940306,物资投送
Q3-T003,1172.4305043060124,-2.739574445940306,物资投送
Q3-T003,1182.4305043060124,-2.739574445940306,物资投送
Q3-T003,1192.4305043060124,-2.739574445940306,物资投送
Q3-T003,1202.4305043060124,-2.739574445940306,物资投送
Q3-T003,1212.4305043060124,-2.739574445940306,物资投送
Q3-T003,1222.4305043060124,-2.739574445940306,物资投送
Q3-T003,1232.4305043060124,-2.739574445940306,物资投送
Q3-T003,1242.4305043060124,-2.739574445940306,物资投送
Q3-T003,1242.4305043060124,-2.739574445940306,爬升
Q3-T003,1252.469978793317,-2.7415161632816876,爬升
Q3-T003,1262.5094532806218,-2.743724647425182,爬升
Q3-T003,1272.5489277679264,-2.746199491152325,爬升
Q3-T003,1282.5884022552311,-2.748940238705032,爬升
Q3-T003,1292.6278767425358,-2.7519463860643754,爬升
Q3-T003,1302.6673512298405,-2.7552173812581486,爬升
Q3-T003,1312.7068257171452,-2.758752624696868,爬升
Q3-T003,1322.7463002044499,-2.7625514695378683,爬升
Q3-T003,1322.7463002044499,-2.7625514695378683,巡航
Q3-T003,1332.7824785376754,-2.519542071991168,巡航
Q3-T003,1342.818656870901,-2.269588898294856,巡航
Q3-T003,1352.8548352041262,-2.0122866615476482,巡航
Q3-T003,1362.8910135373517,-1.7471938422194455,巡航
Q3-T003,1372.9271918705772,-1.4738282800775124,巡航
Q3-T003,1382.9633702038027,-1.1916620825192297,巡航
Q3-T003,1392.9995485370282,-0.9001157197818657,巡航
Q3-T003,1403.0357268702535,-0.5985511484161634,巡航
Q3-T003,1413.071905203479,-0.286263767776191,巡航
Q3-T003,1423.1080835367045,0.03752703212137476,巡航
Q3-T003,1433.14426186993,0.37368903211046245,巡航
Q3-T003,1443.1804402031553,0.7231904311915258,巡航
Q3-T003,1453.2166185363808,1.0871156535497022,巡航
Q3-T003,1463.2527968696063,1.4666843153513298,巡航
Q3-T003,1473.2889752028318,1.8632741155094976,巡航
Q3-T003,1483.3251535360573,12.278448628899696,巡航
Q3-T003,1493.3613318692826,12.713991261014286,巡航
Q3-T003,1503.397510202508,13.171946990290735,巡航
Q3-T003,1513.4336885357336,13.654674003360313,巡航
Q3-T003,1523.4698668689591,14.164907946706023,巡航
Q3-T003,1533.5060452021844,14.705842297922231,巡航
Q3-T003,1543.54222353541,15.281229296134782,巡航
Q3-T003,1553.5784018686354,15.895506875655258,巡航
Q3-T003,1563.614580201861,16.55395780485469,巡航
Q3-T003,1573.6507585350864,17.262906846525766,巡航
Q3-T003,1583.6869368683117,18.02995785070931,巡航
Q3-T003,1593.7231152015372,18.864259113161708,巡航
Q3-T003,1603.7592935347627,19.776746128088647,巡航
Q3-T003,1613.7954718679882,20.780204119325788,巡航
Q3-T003,1623.8316502012135,21.888706624215033,巡航
Q3-T003,1633.867828534439,23.115221511269596,巡航
Q3-T003,1643.9040068676645,24.46416406266799,巡航
Q3-T003,1653.94018520089,25.91082801604638,巡航
Q3-T003,1663.9763635341155,27.35172770038416,巡航
Q3-T003,1674.0125418673408,28.521176489672825,巡航
Q3-T003,1684.0487202005663,28.993277511644692,巡航
Q3-T003,1684.0487202005663,28.993277511644692,下降
Q3-T003,1694.3653288160176,29.51278195719148,下降
Q3-T003,1704.6819374314691,30.065345815615558,下降
Q3-T003,1714.9985460469204,30.655464333417413,下降
Q3-T003,1725.315154662372,31.28861693477259,下降
Q3-T003,1735.6317632778232,31.971577296042753,下降
Q3-T003,1745.9483718932747,32.71285605610147,下降
Q3-T003,1756.264980508726,33.523350668348826,下降
Q3-T003,1766.5815891241775,34.41733081875947,下降
Q3-T003,1776.8981977396288,35.41399154248265,下降
Q3-T003,1787.21480635508,36.54001822350817,下降
Q3-T003,1797.5314149705316,37.83407478360678,下降
Q3-T003,1807.848023585983,39.35525581787752,下降
Q3-T003,1818.1646322014344,41.200623982373344,下降
Q3-T003,1828.4812408168857,43.546849889615316,下降
Q3-T003,1838.7978494323372,46.771387107065806,下降
Q3-T003,1849.1144580477885,51.95669571249341,下降
Q3-T003,1859.43106666324,66.68992164935023,下降
Q3-T003,1869.7476752786913,45.92517525248826,下降
Q3-T004,330.0,45.92517525248826,爬升
Q3-T004,342.11305084228513,57.68118462668096,爬升
Q3-T004,354.2261016845703,47.51313930757455,爬升
Q3-T004,366.3391525268555,42.956271440191756,爬升
Q3-T004,378.45220336914065,39.982830377148545,爬升
Q3-T004,378.45220336914065,39.982830377148545,巡航
Q3-T004,388.6322820608572,37.083231148560515,巡航
Q3-T004,398.81236075257385,33.17163175681331,巡航
Q3-T004,408.9924394442904,30.184169308089224,巡航
Q3-T004,419.172518136007,27.88911879152498,巡航
Q3-T004,429.3525968277236,26.04854960433498,巡航
Q3-T004,439.5326755194402,24.518893396152492,巡航
Q3-T004,449.7127542111568,23.21282613309961,巡航
Q3-T004,459.89283290287335,22.074454031191948,巡航
Q3-T004,470.07291159459,21.066182727817846,巡航
Q3-T004,480.25299028630656,20.161635291538616,巡航
Q3-T004,490.43306897802313,19.341642840595867,巡航
Q3-T004,500.61314766973976,18.591860291680533,巡航
Q3-T004,510.7932263614563,17.901284479874462,巡航
Q3-T004,520.9733050531729,7.261296960022193,巡航
Q3-T004,531.1533837448894,6.665024729913085,巡航
Q3-T004,541.333462436606,6.10690072002258,巡航
Q3-T004,551.5135411283227,5.582353876945959,巡航
Q3-T004,561.6936198200392,5.0875857131547235,巡航
Q3-T004,571.8736985117558,4.619405999431933,巡航
Q3-T004,582.0537772034725,4.1751098140909875,巡航
Q3-T004,592.233855895189,3.752384088192059,巡航
Q3-T004,602.4139345869056,3.3492355637165474,巡航
Q3-T004,612.5940132786222,2.963934547359159,巡航
Q3-T004,622.7740919703388,2.59497048640047,巡航
Q3-T004,632.9541706620554,2.2410165102830177,巡航
Q3-T004,632.9541706620554,2.2410165102830177,下降
Q3-T004,644.8283853430449,2.2440675830654726,下降
Q3-T004,656.7026000240346,2.2463004537121236,下降
Q3-T004,668.5768147050242,2.24771385877267,下降
Q3-T004,668.5768147050242,2.24771385877267,物资投送
Q3-T004,678.5768147050242,2.24771385877267,物资投送
Q3-T004,688.5768147050242,2.24771385877267,物资投送
Q3-T004,698.5768147050242,2.24771385877267,物资投送
Q3-T004,708.5768147050242,2.24771385877267,物资投送
Q3-T004,718.5768147050242,2.24771385877267,物资投送
Q3-T004,728.5768147050242,2.24771385877267,物资投送
Q3-T004,738.5768147050242,2.24771385877267,物资投送
Q3-T004,748.5768147050242,2.24771385877267,物资投送
Q3-T004,758.5768147050242,2.24771385877267,物资投送
Q3-T004,768.5768147050242,2.24771385877267,物资投送
Q3-T004,778.5768147050242,2.24771385877267,物资投送
Q3-T004,788.5768147050242,2.24771385877267,物资投送
Q3-T004,798.5768147050242,2.24771385877267,物资投送
Q3-T004,808.5768147050242,2.24771385877267,物资投送
Q3-T004,818.5768147050242,2.24771385877267,物资投送
Q3-T004,828.5768147050242,2.24771385877267,物资投送
Q3-T004,838.5768147050242,2.24771385877267,物资投送
Q3-T004,848.5768147050242,2.24771385877267,物资投送
Q3-T004,848.5768147050242,2.24771385877267,爬升
Q3-T004,863.4195830562612,2.245286383447066,爬升
Q3-T004,878.2623514074982,2.2410165102830177,爬升
Q3-T004,878.2623514074982,2.2410165102830177,巡航
Q3-T004,888.4424300992148,2.59497048640047,巡航
Q3-T004,898.6225087909313,2.963934547359159,巡航
Q3-T004,908.8025874826479,3.3492355637165474,巡航
Q3-T004,918.9826661743645,3.752384088192059,巡航
Q3-T004,929.1627448660811,4.1751098140909875,巡航
Q3-T004,939.3428235577977,4.619405999431933,巡航
Q3-T004,949.5229022495142,5.0875857131547235,巡航
Q3-T004,959.7029809412309,5.582353876945959,巡航
Q3-T004,969.8830596329474,6.10690072002258,巡航
Q3-T004,980.063138324664,6.665024729913085,巡航
Q3-T004,990.2432170163806,7.261296960022193,巡航
Q3-T004,1000.4232957080972,17.901284479874462,巡航
Q3-T004,1010.6033743998138,18.591860291680533,巡航
Q3-T004,1020.7834530915303,19.341642840595867,巡航
Q3-T004,1030.963531783247,20.161635291538616,巡航
Q3-T004,1041.1436104749635,21.066182727817846,巡航
Q3-T004,1051.3236891666802,22.074454031191948,巡航
Q3-T004,1061.5037678583967,23.21282613309961,巡航
Q3-T004,1071.6838465501132,24.518893396152478,巡航
Q3-T004,1081.8639252418297,26.04854960433495,巡航
Q3-T004,1092.0440039335465,27.889118791524993,巡航
Q3-T004,1102.224082625263,30.184169308089224,巡航
Q3-T004,1112.4041613169795,33.171631756813284,巡航
Q3-T004,1122.5842400086963,37.08323114856053,巡航
Q3-T004,1132.7643187004128,39.982830377148545,巡航
Q3-T004,1132.7643187004128,39.982830377148545,下降
Q3-T004,1144.3928475090065,42.27457648271596,下降
Q3-T004,1156.0213763176002,45.39658471822298,下降
Q3-T004,1167.649905126194,50.31755926599365,下降
Q3-T004,1179.2784339347877,62.792363482346424,下降
Q3-T004,1190.9069627433814,45.92517525248826,下降
Q3-T002,390.0,45.92517525248826,爬升
Q3-T002,400.57781462492767,60.557265159947136,爬升
Q3-T002,411.15562924985534,49.182604253636185,爬升
Q3-T002,421.733443874783,44.42138005012991,爬升
Q3-T002,432.3112584997107,41.36347715212632,爬升
Q3-T002,442.8890731246383,39.10629902687201,爬升
Q3-T002,453.46688774956596,37.316349549092166,爬升
Q3-T002,464.0447023744936,35.83298315713884,爬升
Q3-T002,474.6225169994213,34.566375808679325,爬升
Q3-T002,485.20033162434896,33.461181216677716,爬升
Q3-T002,485.20033162434896,33.461181216677716,巡航
Q3-T002,495.256304634574,32.247122955998776,巡航
Q3-T002,505.312277644799,29.862592034603097,巡航
Q3-T002,515.368250655024,27.54744267649113,巡航
Q3-T002,525.424223665249,25.56502560521821,巡航
Q3-T002,535.4801966754741,23.888330901591303,巡航
Q3-T002,545.5361696856991,22.453647317669322,巡航
Q3-T002,555.592142695924,21.207050911078937,巡航
Q3-T002,565.6481157061492,20.108211852827353,巡航
Q3-T002,575.7040887163741,19.1274833525772,巡航
Q3-T002,585.7600617265991,18.24286120831971,巡航
Q3-T002,595.8160347368241,17.437733454632507,巡航
Q3-T002,605.8720077470491,16.699327158801893,巡航
Q3-T002,615.9279807572742,16.017647233571722,巡航
Q3-T002,625.9839537674992,15.384744972946336,巡航
Q3-T002,636.0399267777242,14.794206046541817,巡航
Q3-T002,646.0958997879493,14.240785858731144,巡航
Q3-T002,656.1518727981743,13.720145324348863,巡航
Q3-T002,666.2078458083993,13.228656213558509,巡航
Q3-T002,676.2638188186243,12.763255510635261,巡航
Q3-T002,686.3197918288492,12.321334870270519,巡航
Q3-T002,696.3757648390743,11.900655595685919,巡航
Q3-T002,706.4317378492993,1.4992824445061643,巡航
Q3-T002,716.4877108595243,1.115531511532481,巡航
Q3-T002,726.5436838697494,0.7479287682002393,巡航
Q3-T002,736.5996568799744,0.3951767632529908,巡航
Q3-T002,746.6556298901994,0.056127640927655875,巡航
Q3-T002,756.7116029004244,-0.27023890155669505,巡航
Q3-T002,766.7675759106494,-0.5848337587708556,巡航
Q3-T002,776.8235489208744,-0.8884734593403039,巡航
Q3-T002,786.8795219310995,-1.1818927186912873,巡航
Q3-T002,796.9354949413246,-1.4657549790322548,巡航
Q3-T002,806.9914679515496,-1.740661310492726,巡航
Q3-T002,817.0474409617746,-2.0071579690063714,巡航
Q3-T002,827.1034139719995,-2.265742846338185,巡航
Q3-T002,837.1593869822245,-2.51687100103382,巡航
Q3-T002,847.2153599924495,-2.7609594226798464,巡航
Q3-T002,857.2713330026745,-2.998391153253735,巡航
Q3-T002,867.3273060128996,-3.229518866695514,巡航
Q3-T002,877.3832790231247,-3.4546679897892716,巡航
Q3-T002,887.4392520333497,-3.6741394329793025,巡航
Q3-T002,897.4952250435747,-3.888211988082361,巡航
Q3-T002,907.5511980537997,-4.097144440403213,巡航
Q3-T002,917.6071710640247,-4.301177435052821,巡航
Q3-T002,927.6631440742497,-4.50053513095699,巡航
Q3-T002,937.7191170844746,-4.695426670846416,巡航
Q3-T002,947.7750900946997,-4.886047491224119,巡航
Q3-T002,957.8310631049249,-5.072580492738211,巡航
Q3-T002,967.8870361151498,-5.2551970884136665,巡航
Q3-T002,977.9430091253748,-5.434058144705972,巡航
Q3-T002,977.9430091253748,-5.434058144705972,下降
Q3-T002,988.6230887152186,-5.4329885193971705,下降
Q3-T002,999.3031683050624,-5.432031888421278,下降
Q3-T002,1009.9832478949061,-5.431188326517045,下降
Q3-T002,1020.6633274847499,-5.430457899621331,下降
Q3-T002,1031.3434070745936,-5.42984066485198,下降
Q3-T002,1031.3434070745936,-5.42984066485198,物资投送
Q3-T002,1041.3434070745936,-5.42984066485198,物资投送
Q3-T002,1051.3434070745936,-5.42984066485198,物资投送
Q3-T002,1061.3434070745936,-5.42984066485198,物资投送
Q3-T002,1071.3434070745936,-5.42984066485198,物资投送
Q3-T002,1081.3434070745936,-5.42984066485198,物资投送
Q3-T002,1091.3434070745936,-5.42984066485198,物资投送
Q3-T002,1101.3434070745936,-5.42984066485198,物资投送
Q3-T002,1111.3434070745936,-5.42984066485198,物资投送
Q3-T002,1121.3434070745936,-5.42984066485198,物资投送
Q3-T002,1131.3434070745936,-5.42984066485198,物资投送
Q3-T002,1141.3434070745936,-5.42984066485198,物资投送
Q3-T002,1151.3434070745936,-5.42984066485198,物资投送
Q3-T002,1161.3434070745936,-5.42984066485198,物资投送
Q3-T002,1171.3434070745936,-5.42984066485198,物资投送
Q3-T002,1181.3434070745936,-5.42984066485198,物资投送
Q3-T002,1191.3434070745936,-5.42984066485198,物资投送
Q3-T002,1201.3434070745936,-5.42984066485198,物资投送
Q3-T002,1211.3434070745936,-5.42984066485198,物资投送
Q3-T002,1221.3434070745936,-5.42984066485198,物资投送
Q3-T002,1231.3434070745936,-5.42984066485198,物资投送
Q3-T002,1241.3434070745936,-5.42984066485198,物资投送
Q3-T002,1251.3434070745936,-5.42984066485198,物资投送
Q3-T002,1261.3434070745936,-5.42984066485198,物资投送
Q3-T002,1271.3434070745936,-5.42984066485198,物资投送
Q3-T002,1271.3434070745936,-5.42984066485198,爬升
Q3-T002,1282.468489980681,-5.430629896663717,爬升
Q3-T002,1293.593572886768,-5.43159596950764,爬升
Q3-T002,1304.7186557928553,-5.4327387653647605,爬升
Q3-T002,1315.8437386989426,-5.434058144705972,爬升
Q3-T002,1315.8437386989426,-5.434058144705972,巡航
Q3-T002,1325.8997117091676,-5.2551970884136665,巡航
Q3-T002,1335.9556847193926,-5.072580492738211,巡航
Q3-T002,1346.0116577296176,-4.886047491224119,巡航
Q3-T002,1356.0676307398426,-4.695426670846416,巡航
Q3-T002,1366.1236037500678,-4.50053513095699,巡航
Q3-T002,1376.1795767602928,-4.301177435052821,巡航
Q3-T002,1386.2355497705178,-4.097144440403213,巡航
Q3-T002,1396.2915227807428,-3.888211988082361,巡航
Q3-T002,1406.3474957909677,-3.6741394329793025,巡航
Q3-T002,1416.4034688011927,-3.4546679897892716,巡航
Q3-T002,1426.4594418114177,-3.229518866695514,巡航
Q3-T002,1436.515414821643,-2.998391153253749,巡航
Q3-T002,1446.571387831868,-2.7609594226798464,巡航
Q3-T002,1456.627360842093,-2.51687100103382,巡航
Q3-T002,1466.683333852318,-2.265742846338185,巡航
Q3-T002,1476.739306862543,-2.0071579690063714,巡航
Q3-T002,1486.7952798727679,-1.740661310492726,巡航
Q3-T002,1496.8512528829929,-1.4657549790322548,巡航
Q3-T002,1506.9072258932179,-1.1818927186913015,巡航
Q3-T002,1516.9631989034428,-0.8884734593403181,巡航
Q3-T002,1527.019171913668,-0.5848337587708556,巡航
Q3-T002,1537.075144923893,-0.27023890155669505,巡航
Q3-T002,1547.131117934118,0.056127640927655875,巡航
Q3-T002,1557.187090944343,0.3951767632529908,巡航
Q3-T002,1567.243063954568,0.7479287682002393,巡航
Q3-T002,1577.299036964793,1.115531511532481,巡航
Q3-T002,1587.3550099750182,1.4992824445061643,巡航
Q3-T002,1597.4109829852432,11.900655595685933,巡航
Q3-T002,1607.4669559954682,12.321334870270519,巡航
Q3-T002,1617.5229290056932,12.763255510635261,巡航
Q3-T002,1627.5789020159182,13.228656213558509,巡航
Q3-T002,1637.6348750261432,13.720145324348863,巡航
Q3-T002,1647.6908480363682,14.240785858731144,巡航
Q3-T002,1657.7468210465931,14.794206046541817,巡航
Q3-T002,1667.8027940568181,15.384744972946336,巡航
Q3-T002,1677.8587670670431,16.017647233571708,巡航
Q3-T002,1687.914740077268,16.69932715880188,巡航
Q3-T002,1697.9707130874933,17.43773345463252,巡航
Q3-T002,1708.0266860977183,18.24286120831971,巡航
Q3-T002,1718.0826591079433,19.1274833525772,巡航
Q3-T002,1728.1386321181683,20.108211852827367,巡航
Q3-T002,1738.1946051283933,21.207050911078923,巡航
Q3-T002,1748.2505781386185,22.453647317669336,巡航
Q3-T002,1758.3065511488435,23.888330901591345,巡航
Q3-T002,1768.3625241590685,25.565025605218224,巡航
Q3-T002,1778.4184971692935,27.54744267649113,巡航
Q3-T002,1788.4744701795184,29.86259203460311,巡航
Q3-T002,1798.5304431897434,32.247122955998776,巡航
Q3-T002,1808.5864161999684,33.461181216677716,巡航
Q3-T002,1808.5864161999684,33.461181216677716,下降
Q3-T002,1818.9719069226246,34.354687968470245,下降
Q3-T002,1829.357397645281,35.35076021114335,下降
Q3-T002,1839.7428883679372,36.47603555762399,下降
Q3-T002,1850.1283790905934,37.76909947281305,下降
Q3-T002,1860.5138698132496,39.28890805664024,下降
Q3-T002,1870.899360535906,41.132254416095634,下降
Q3-T002,1881.2848512585622,43.47520550991746,下降
Q3-T002,1891.6703419812184,46.693527064522726,下降
Q3-T002,1902.0558327038746,51.86248951392635,下降
Q3-T002,1912.441323426531,66.43542035440777,下降
Q3-T002,1922.8268141491872,45.92517525248826,下降
Q3-T005,624.3974847701029,45.92517525248826,爬升
Q3-T005,634.7548707215537,66.53836117074573,爬升
Q3-T005,645.1122566730047,51.90080352151787,爬升
Q3-T005,655.4696426244556,46.725210704494856,爬升
Q3-T005,665.8270285759065,43.50436599112129,爬升
Q3-T005,676.1844145273574,41.16008510251913,爬升
Q3-T005,686.5418004788082,39.315917605389586,爬升
Q3-T005,696.8991864302592,37.7955515486551,爬升
Q3-T005,696.8991864302592,37.7955515486551,巡航
Q3-T005,706.9829059052985,35.054352210465154,巡航
Q3-T005,717.0666253803378,31.244798024446865,巡航
Q3-T005,727.150344855377,28.29262223633077,巡航
Q3-T005,737.2340643304163,26.012294463623263,巡航
Q3-T005,747.3177838054557,24.17904801764358,巡航
Q3-T005,757.401503280495,22.653516332375347,巡航
Q3-T005,767.4852227555343,21.34998820105821,巡航
Q3-T005,777.5689422305736,20.213285649963936,巡航
Q3-T005,787.6526617056129,19.206168953553757,巡航
Q3-T005,797.7363811806522,18.302452431615933,巡航
Q3-T005,807.8201006556915,17.483077485534864,巡航
Q3-T005,817.9038201307308,16.733766158945897,巡航
Q3-T005,827.98753960577,16.043558005240826,巡航
Q3-T005,838.0712590808093,15.403862795985944,巡航
Q3-T005,848.1549785558487,14.807826765524126,巡航
Q3-T005,858.238698030888,4.249896319730212,巡航
Q3-T005,868.3224175059273,3.7255100700464396,巡航
Q3-T005,878.4061369809666,3.2308766054631377,巡航
Q3-T005,888.4898564560059,2.7628109735424715,巡航
Q3-T005,898.5735759310452,2.318612251755397,巡航
Q3-T005,908.6572954060845,1.895970446416058,巡航
Q3-T005,918.7410148811239,1.4928946954601656,巡航
Q3-T005,928.8247343561632,1.1076571945408915,巡航
Q3-T005,938.9084538312025,0.7387488963213258,巡航
Q3-T005,948.9921733062417,0.3848441418083297,巡航
Q3-T005,959.075892781281,0.04477215012201441,巡航
Q3-T005,969.1596122563203,-0.28250616712065835,巡航
Q3-T005,979.2433317313596,-0.5979172154197414,巡航
Q3-T005,989.3270512063989,-0.9022904209788862,巡航
Q3-T005,999.4107706814382,-1.1963712941625033,巡航
Q3-T005,1009.4944901564775,-1.4808323675125763,巡航
Q3-T005,1019.5782096315168,-1.7562824097682608,巡航
Q3-T005,1029.661929106556,-2.023274231663777,巡航
Q3-T005,1039.7456485815953,-2.282311333866545,巡航
Q3-T005,1049.8293680566348,-2.5338535970305145,巡航
Q3-T005,1059.9130875316741,-2.778322174807414,巡航
Q3-T005,1069.9968070067134,-3.0161037200337546,巡航
Q3-T005,1080.0805264817527,-3.2475540501675653,巡航
Q3-T005,1090.164245956792,-3.473001338886263,巡航
Q3-T005,1100.2479654318313,-3.692748905448042,巡航
Q3-T005,1110.3316849068706,-3.907077661113931,巡航
Q3-T005,1120.4154043819099,-4.116248261981056,巡航
Q3-T005,1130.4991238569492,-4.320503009489968,巡航
Q3-T005,1140.5828433319884,-4.520067533263074,巡航
Q3-T005,1150.6665628070277,-4.715152285503763,巡航
Q3-T005,1160.750282282067,-4.905953871710125,巡航
Q3-T005,1170.8340017571063,-5.092656238745775,巡航
Q3-T005,1180.9177212321456,-5.275431738222849,巡航
Q3-T005,1191.0014407071849,-5.454442080570175,巡航
Q3-T005,1191.0014407071849,-5.454442080570175,下降
Q3-T005,1202.1832224759837,-5.45391161017605,下降
Q3-T005,1213.3650042447825,-5.4534601386086194,下降
Q3-T005,1224.5467860135814,-5.453087690513428,下降
Q3-T005,1235.7285677823802,-5.452794286226634,下降
Q3-T005,1235.7285677823802,-5.452794286226634,物资投送
Q3-T005,1245.8824139362264,-5.452794286226634,物资投送
Q3-T005,1256.0362600900726,-5.452794286226634,物资投送
Q3-T005,1266.1901062439188,-5.452794286226634,物资投送
Q3-T005,1276.3439523977647,-5.452794286226634,物资投送
Q3-T005,1286.497798551611,-5.452794286226634,物资投送
Q3-T005,1296.651644705457,-5.452794286226634,物资投送
Q3-T005,1306.8054908593033,-5.452794286226634,物资投送
Q3-T005,1316.9593370131495,-5.452794286226634,物资投送
Q3-T005,1327.1131831669957,-5.452794286226634,物资投送
Q3-T005,1337.2670293208416,-5.452794286226634,物资投送
Q3-T005,1347.4208754746878,-5.452794286226634,物资投送
Q3-T005,1357.574721628534,-5.452794286226634,物资投送
Q3-T005,1367.7285677823802,-5.452794286226634,物资投送
Q3-T005,1377.8824139362264,-5.452794286226634,物资投送
Q3-T005,1388.0362600900726,-5.452794286226634,物资投送
Q3-T005,1398.1901062439188,-5.452794286226634,物资投送
Q3-T005,1408.3439523977647,-5.452794286226634,物资投送
Q3-T005,1418.497798551611,-5.452794286226634,物资投送
Q3-T005,1428.651644705457,-5.452794286226634,物资投送
Q3-T005,1438.8054908593033,-5.452794286226634,物资投送
Q3-T005,1448.9593370131495,-5.452794286226634,物资投送
Q3-T005,1459.1131831669954,-5.452794286226634,物资投送
Q3-T005,1469.2670293208416,-5.452794286226634,物资投送
Q3-T005,1479.4208754746878,-5.452794286226634,物资投送
Q3-T005,1489.574721628534,-5.452794286226634,物资投送
Q3-T005,1499.7285677823802,-5.452794286226634,物资投送
Q3-T005,1509.8824139362264,-5.452794286226634,物资投送
Q3-T005,1520.0362600900726,-5.452794286226634,物资投送
Q3-T005,1530.1901062439188,-5.452794286226634,物资投送
Q3-T005,1540.3439523977647,-5.452794286226634,物资投送
Q3-T005,1550.497798551611,-5.452794286226634,物资投送
Q3-T005,1560.651644705457,-5.452794286226634,物资投送
Q3-T005,1570.8054908593033,-5.452794286226634,物资投送
Q3-T005,1580.9593370131495,-5.452794286226634,物资投送
Q3-T005,1591.1131831669954,-5.452794286226634,物资投送
Q3-T005,1601.2670293208416,-5.452794286226634,物资投送
Q3-T005,1611.4208754746878,-5.452794286226634,物资投送
Q3-T005,1621.574721628534,-5.452794286226634,物资投送
Q3-T005,1631.7285677823802,-5.452794286226634,物资投送
Q3-T005,1631.7285677823802,-5.452794286226634,爬升
Q3-T005,1643.655801669099,-5.4532030581486595,爬升
Q3-T005,1655.5830355558176,-5.4537523407004755,爬升
Q3-T005,1667.5102694425364,-5.454442080570175,爬升
Q3-T005,1667.5102694425364,-5.454442080570175,巡航
Q3-T005,1677.5939889175756,-5.275431738222849,巡航
Q3-T005,1687.677708392615,-5.092656238745775,巡航
Q3-T005,1697.7614278676542,-4.905953871710125,巡航
Q3-T005,1707.8451473426935,-4.715152285503763,巡航
Q3-T005,1717.9288668177328,-4.520067533263074,巡航
Q3-T005,1728.012586292772,-4.320503009489968,巡航
Q3-T005,1738.0963057678114,-4.116248261981056,巡航
Q3-T005,1748.1800252428507,-3.907077661113931,巡航
Q3-T005,1758.26374471789,-3.6927489054480276,巡航
Q3-T005,1768.3474641929292,-3.473001338886263,巡航
Q3-T005,1778.4311836679685,-3.2475540501675653,巡航
Q3-T005,1788.5149031430078,-3.0161037200337546,巡航
Q3-T005,1798.598622618047,-2.778322174807414,巡航
Q3-T005,1808.6823420930864,-2.5338535970305145,巡航
Q3-T005,1818.766061568126,-2.282311333866545,巡航
Q3-T005,1828.8497810431652,-2.023274231663777,巡航
Q3-T005,1838.9335005182045,-1.7562824097682608,巡航
Q3-T005,1849.0172199932438,-1.4808323675125763,巡航
Q3-T005,1859.100939468283,-1.1963712941625033,巡航
Q3-T005,1869.1846589433223,-0.9022904209788862,巡航
Q3-T005,1879.2683784183616,-0.5979172154197414,巡航
Q3-T005,1889.352097893401,-0.28250616712065835,巡航
Q3-T005,1899.4358173684402,0.04477215012201441,巡航
Q3-T005,1909.5195368434795,0.3848441418083297,巡航
Q3-T005,1919.6032563185188,0.7387488963213258,巡航
Q3-T005,1929.686975793558,1.1076571945408915,巡航
Q3-T005,1939.7706952685974,1.4928946954601656,巡航
Q3-T005,1949.8544147436367,1.895970446416058,巡航
Q3-T005,1959.938134218676,2.318612251755397,巡航
Q3-T005,1970.0218536937152,2.7628109735424715,巡航
Q3-T005,1980.1055731687545,3.2308766054631235,巡航
Q3-T005,1990.1892926437938,3.7255100700464396,巡航
Q3-T005,2000.273012118833,4.2498963197301975,巡航
Q3-T005,2010.3567315938724,14.807826765524126,巡航
Q3-T005,2020.4404510689117,15.40386279598593,巡航
Q3-T005,2030.5241705439512,16.04355800524084,巡航
Q3-T005,2040.6078900189905,16.733766158945897,巡航
Q3-T005,2050.6916094940298,17.483077485534878,巡航
Q3-T005,2060.775328969069,18.302452431615947,巡航
Q3-T005,2070.8590484441083,19.206168953553757,巡航
Q3-T005,2080.9427679191476,20.213285649963936,巡航
Q3-T005,2091.026487394187,21.349988201058224,巡航
Q3-T005,2101.110206869226,22.65351633237536,巡航
Q3-T005,2111.1939263442655,24.179048017643595,巡航
Q3-T005,2121.277645819305,26.012294463623263,巡航
Q3-T005,2131.361365294344,28.292622236330757,巡航
Q3-T005,2141.4450847693834,31.24479802444688,巡航
Q3-T005,2151.5288042444226,35.054352210465126,巡航
Q3-T005,2161.612523719462,37.7955515486551,巡航
Q3-T005,2161.612523719462,37.7955515486551,下降
Q3-T005,2171.6822045055947,38.95431817584026,下降
Q3-T005,2181.7518852917274,40.29182442452395,下降
Q3-T005,2191.8215660778606,41.87344837916065,下降
Q3-T005,2201.8912468639933,43.80864805388657,下降
Q3-T005,2211.960927650126,46.302424112662294,下降
Q3-T005,2222.0306084362587,49.8142605688393,下降
Q3-T005,2232.100289222392,55.804963044792586,下降
Q3-T005,2242.1699700085246,99.06291441847284,下降
Q3-T005,2252.2396507946573,45.92517525248826,下降
Q3-T006,2101.5526244866196,45.92517525248826,爬升
Q3-T006,2113.1811532952133,62.792363482346424,爬升
Q3-T006,2124.809682103807,50.31755926599365,爬升
Q3-T006,2136.438210912401,45.39658471822298,爬升
Q3-T006,2148.0667397209945,42.27457648271596,爬升
Q3-T006,2159.6952685295882,39.982830377148545,爬升
Q3-T006,2159.6952685295882,39.982830377148545,巡航
Q3-T006,2169.8753472213048,36.03157488270119,巡航
Q3-T006,2180.0554259130213,31.57211259657008,巡航
Q3-T006,2190.235504604738,28.41290142944753,巡航
Q3-T006,2200.4155832964548,26.048549604334937,巡航
Q3-T006,2210.5956619881713,24.174005093478513,巡航
Q3-T006,2220.775740679888,22.62535370260288,巡航
Q3-T006,2230.9558193716043,21.30764276472955,巡航
Q3-T006,2241.135898063321,20.161635291538616,巡航
Q3-T006,2251.3159767550374,19.148093167963737,巡航
Q3-T006,2261.4960554467543,18.239757399421777,巡航
Q3-T006,2271.676134138471,7.416952207631553,巡航
Q3-T006,2281.8562128301874,6.665024729913085,巡航
Q3-T006,2292.036291521904,5.972776294038525,巡航
Q3-T006,2302.2163702136204,5.331459496636228,巡航
Q3-T006,2312.396448905337,4.734113515040917,巡航
Q3-T006,2322.5765275970534,4.1751098140909875,巡航
Q3-T006,2332.75660628877,3.649833286935575,巡航
Q3-T006,2342.936684980487,3.1544532091375004,巡航
Q3-T006,2353.1167636722034,2.685755324798137,巡航
Q3-T006,2363.29684236392,2.2410165102830177,巡航
Q3-T006,2363.29684236392,2.2410165102830177,下降
Q3-T006,2374.4289186273477,2.24338146182572,下降
Q3-T006,2385.5609948907754,2.245286383447066,下降
Q3-T006,2396.693071154203,2.246730669072946,下降
Q3-T006,2407.825147417631,2.24771385877267,下降
Q3-T006,2407.825147417631,2.24771385877267,物资投送
Q3-T006,2417.9990604611094,2.24771385877267,物资投送
Q3-T006,2428.1729735045874,2.24771385877267,物资投送
Q3-T006,2438.346886548066,2.24771385877267,物资投送
Q3-T006,2448.520799591544,2.24771385877267,物资投送
Q3-T006,2458.6947126350224,2.24771385877267,物资投送
Q3-T006,2468.8686256785004,2.24771385877267,物资投送
Q3-T006,2479.042538721979,2.24771385877267,物资投送
Q3-T006,2489.216451765457,2.24771385877267,物资投送
Q3-T006,2499.3903648089354,2.24771385877267,物资投送
Q3-T006,2509.5642778524134,2.24771385877267,物资投送
Q3-T006,2519.738190895892,2.24771385877267,物资投送
Q3-T006,2529.91210393937,2.24771385877267,物资投送
Q3-T006,2540.0860169828484,2.24771385877267,物资投送
Q3-T006,2550.2599300263264,2.24771385877267,物资投送
Q3-T006,2560.433843069805,2.24771385877267,物资投送
Q3-T006,2570.607756113283,2.24771385877267,物资投送
Q3-T006,2580.7816691567614,2.24771385877267,物资投送
Q3-T006,2590.9555822002394,2.24771385877267,物资投送
Q3-T006,2601.129495243718,2.24771385877267,物资投送
Q3-T006,2611.3034082871964,2.24771385877267,物资投送
Q3-T006,2621.4773213306744,2.24771385877267,物资投送
Q3-T006,2631.6512343741524,2.24771385877267,物资投送
Q3-T006,2641.825147417631,2.24771385877267,物资投送
Q3-T006,2651.9990604611094,2.24771385877267,物资投送
Q3-T006,2662.1729735045874,2.24771385877267,物资投送
Q3-T006,2672.346886548066,2.24771385877267,物资投送
Q3-T006,2682.520799591544,2.24771385877267,物资投送
Q3-T006,2692.6947126350224,2.24771385877267,物资投送
Q3-T006,2702.8686256785004,2.24771385877267,物资投送
Q3-T006,2713.042538721979,2.24771385877267,物资投送
Q3-T006,2723.216451765457,2.24771385877267,物资投送
Q3-T006,2733.3903648089354,2.24771385877267,物资投送
Q3-T006,2743.5642778524134,2.24771385877267,物资投送
Q3-T006,2753.738190895892,2.24771385877267,物资投送
Q3-T006,2763.91210393937,2.24771385877267,物资投送
Q3-T006,2774.0860169828484,2.24771385877267,物资投送
Q3-T006,2784.2599300263264,2.24771385877267,物资投送
Q3-T006,2794.433843069805,2.24771385877267,物资投送
Q3-T006,2804.607756113283,2.24771385877267,物资投送
Q3-T006,2814.7816691567614,2.24771385877267,物资投送
Q3-T006,2824.9555822002394,2.24771385877267,物资投送
Q3-T006,2835.129495243718,2.24771385877267,物资投送
Q3-T006,2845.3034082871964,2.24771385877267,物资投送
Q3-T006,2855.4773213306744,2.24771385877267,物资投送
Q3-T006,2865.6512343741524,2.24771385877267,物资投送
Q3-T006,2875.825147417631,2.24771385877267,物资投送
Q3-T006,2875.825147417631,2.24771385877267,爬升
Q3-T006,2887.6993620986204,2.2463004537121236,爬升
Q3-T006,2899.57357677961,2.2440675830654726,爬升
Q3-T006,2911.4477914605995,2.2410165102830177,爬升
Q3-T006,2911.4477914605995,2.2410165102830177,巡航
Q3-T006,2921.627870152316,2.685755324798137,巡航
Q3-T006,2931.8079488440326,3.1544532091375004,巡航
Q3-T006,2941.988027535749,3.6498332869355607,巡航
Q3-T006,2952.168106227466,4.1751098140909875,巡航
Q3-T006,2962.3481849191826,4.734113515040917,巡航
Q3-T006,2972.528263610899,5.331459496636228,巡航
Q3-T006,2982.7083423026156,5.972776294038525,巡航
Q3-T006,2992.888420994332,6.665024729913085,巡航
Q3-T006,3003.0684996860487,7.416952207631567,巡航
Q3-T006,3013.2485783777656,18.239757399421805,巡航
Q3-T006,3023.428657069482,19.148093167963737,巡航
Q3-T006,3033.6087357611987,20.161635291538616,巡航
Q3-T006,3043.788814452915,21.30764276472955,巡航
Q3-T006,3053.9688931446317,22.62535370260288,巡航
Q3-T006,3064.148971836348,24.174005093478513,巡航
Q3-T006,3074.3290505280647,26.048549604334937,巡航
Q3-T006,3084.5091292197812,28.412901429447402,巡航
Q3-T006,3094.689207911498,31.57211259657008,巡航
Q3-T006,3104.8692866032147,36.03157488270118,巡航
Q3-T006,3115.0493652949312,39.982830377148545,巡航
Q3-T006,3115.0493652949312,39.982830377148545,下降
Q3-T006,3125.431980302604,41.55585729401568,下降
Q3-T006,3135.814595310277,43.47818475439759,下降
Q3-T006,3146.19721031795,45.950569109123165,下降
Q3-T006,3156.5798253256235,49.419852870081726,下降
Q3-T006,3166.9624403332964,55.284708980207114,下降
Q3-T006,3177.3450553409693,84.26993523705707,下降
Q3-T006,3187.7276703486423,45.92517525248826,下降
Q3-T007,2259.7476752786897,45.92517525248826,爬升
Q3-T007,2270.0122264668407,61.282405670989235,爬升
Q3-T007,2280.2767776549917,49.56655917102974,爬升
Q3-T007,2290.5413288431428,44.753288304041945,爬升
Q3-T007,2300.805880031294,41.67431808892795,爬升
Q3-T007,2311.070431219445,39.40573632409567,爬升
Q3-T007,2321.3349824075963,37.60863820816668,爬升
Q3-T007,2331.5995335957473,36.12037113678639,爬升
Q3-T007,2341.8640847838983,34.85019479391187,爬升
Q3-T007,2352.1286359720493,33.742285021646026,爬升
Q3-T007,2362.3931871602003,32.7598396645181,爬升
Q3-T007,2362.3931871602003,32.7598396645181,巡航
Q3-T007,2372.6828097543116,31.662925391142636,巡航
Q3-T007,2382.972432348423,29.436792038424485,巡航
Q3-T007,2393.2620549425346,27.213723481138686,巡航
Q3-T007,2403.551677536646,25.280012772430524,巡航
Q3-T007,2413.841300130757,23.6305210199109,巡航
Q3-T007,2424.1309227248685,22.212160629510137,巡航
Q3-T007,2434.4205453189797,20.976000988927055,巡航
Q3-T007,2444.7101679130915,19.884193362558705,巡航
Q3-T007,2454.9997905072028,18.90840846381647,巡航
Q3-T007,2465.289413101314,18.027385803467965,巡航
Q3-T007,2475.5790356954253,17.2249560738597,巡航
Q3-T007,2485.8686582895366,6.488622015266401,巡航
Q3-T007,2496.1582808836483,5.808566994690935,巡航
Q3-T007,2506.4479034777596,5.176961732690813,巡航
Q3-T007,2516.737526071871,4.587474155631966,巡航
Q3-T007,2527.027148665982,4.03491776263229,巡航
Q3-T007,2537.3167712600934,3.5149954124787257,巡航
Q3-T007,2547.6063938542047,3.0241097541812962,巡航
Q3-T007,2557.8960164483165,2.5592209022500896,巡航
Q3-T007,2568.1856390424277,2.117738108284996,巡航
Q3-T007,2578.475261636539,1.6974362510012355,巡航
Q3-T007,2588.7648842306503,1.2963906941777879,巡航
Q3-T007,2599.054506824762,0.9129259144973503,巡航
Q3-T007,2609.3441294188733,0.5455745771446914,巡航
Q3-T007,2619.6337520129846,0.19304462794737276,巡航
Q3-T007,2629.923374607096,-0.14580739876200255,巡航
Q3-T007,2640.212997201207,-0.4719982056527101,巡航
Q3-T007,2650.5026197953184,-0.7864357127509862,巡航
Q3-T007,2660.79224238943,-1.0899339738189866,巡航
Q3-T007,2671.0818649835414,-1.3832256317730156,巡航
Q3-T007,2681.3714875776527,-1.6669723827331495,巡航
Q3-T007,2681.3714875776527,-1.6669723827331495,下降
Q3-T007,2692.5763589969233,-1.6640705536667895,下降
Q3-T007,2703.7812304161944,-1.6614638135088455,下降
Q3-T007,2714.986101835465,-1.6591526950182356,下降
Q3-T007,2714.986101835465,-1.6591526950182356,物资投送
Q3-T007,2724.986101835465,-1.6591526950182356,物资投送
Q3-T007,2734.986101835465,-1.6591526950182356,物资投送
Q3-T007,2744.986101835465,-1.6591526950182356,物资投送
Q3-T007,2754.986101835465,-1.6591526950182356,物资投送
Q3-T007,2764.986101835465,-1.6591526950182356,物资投送
Q3-T007,2774.986101835465,-1.6591526950182356,物资投送
Q3-T007,2784.986101835465,-1.6591526950182356,物资投送
Q3-T007,2794.986101835465,-1.6591526950182356,物资投送
Q3-T007,2804.986101835465,-1.6591526950182356,物资投送
Q3-T007,2814.986101835465,-1.6591526950182356,物资投送
Q3-T007,2824.986101835465,-1.6591526950182356,物资投送
Q3-T007,2834.986101835465,-1.6591526950182356,物资投送
Q3-T007,2844.986101835465,-1.6591526950182356,物资投送
Q3-T007,2854.986101835465,-1.6591526950182356,物资投送
Q3-T007,2864.986101835465,-1.6591526950182356,物资投送
Q3-T007,2874.986101835465,-1.6591526950182356,物资投送
Q3-T007,2884.986101835465,-1.6591526950182356,物资投送
Q3-T007,2894.986101835465,-1.6591526950182356,物资投送
Q3-T007,2904.986101835465,-1.6591526950182356,物资投送
Q3-T007,2914.986101835465,-1.6591526950182356,物资投送
Q3-T007,2924.986101835465,-1.6591526950182356,物资投送
Q3-T007,2934.986101835465,-1.6591526950182356,物资投送
Q3-T007,2944.986101835465,-1.6591526950182356,物资投送
Q3-T007,2954.986101835465,-1.6591526950182356,物资投送
Q3-T007,2954.986101835465,-1.6591526950182356,爬升
Q3-T007,2968.9921911095535,-1.662730262779462,爬升
Q3-T007,2982.998280383642,-1.6669723827331495,爬升
Q3-T007,2982.998280383642,-1.6669723827331495,巡航
Q3-T007,2993.287902977753,-1.3832256317730156,巡航
Q3-T007,3003.5775255718645,-1.0899339738189866,巡航
Q3-T007,3013.8671481659762,-0.7864357127509862,巡航
Q3-T007,3024.1567707600875,-0.4719982056527101,巡航
Q3-T007,3034.446393354199,-0.14580739876200255,巡航
Q3-T007,3044.73601594831,0.19304462794737276,巡航
Q3-T007,3055.0256385424213,0.5455745771446914,巡航
Q3-T007,3065.315261136533,0.9129259144973787,巡航
Q3-T007,3075.6048837306444,1.2963906941777879,巡航
Q3-T007,3085.8945063247556,1.6974362510012355,巡航
Q3-T007,3096.184128918867,2.117738108284996,巡航
Q3-T007,3106.473751512978,2.5592209022500896,巡航
Q3-T007,3116.76337410709,3.0241097541812962,巡航
Q3-T007,3127.052996701201,3.5149954124787257,巡航
Q3-T007,3137.3426192953125,4.03491776263229,巡航
Q3-T007,3147.6322418894238,4.587474155631966,巡航
Q3-T007,3157.921864483535,5.176961732690813,巡航
Q3-T007,3168.211487077647,5.808566994690963,巡航
Q3-T007,3178.501109671758,6.488622015266387,巡航
Q3-T007,3188.7907322658693,17.2249560738597,巡航
Q3-T007,3199.0803548599806,18.027385803467965,巡航
Q3-T007,3209.369977454092,18.90840846381647,巡航
Q3-T007,3219.659600048203,19.884193362558705,巡航
Q3-T007,3229.949222642315,20.976000988927055,巡航
Q3-T007,3240.238845236426,22.212160629510137,巡航
Q3-T007,3250.5284678305375,23.6305210199109,巡航
Q3-T007,3260.8180904246487,25.280012772430524,巡航
Q3-T007,3271.1077130187605,27.21372348113877,巡航
Q3-T007,3281.3973356128718,29.436792038424485,巡航
Q3-T007,3291.686958206983,31.662925391142636,巡航
Q3-T007,3301.9765808010943,32.7598396645181,巡航
Q3-T007,3301.9765808010943,32.7598396645181,下降
Q3-T007,3312.2411319892453,33.570632029978384,下降
Q3-T007,3322.5056831773963,34.4649745040505,下降
Q3-T007,3332.7702343655474,35.46208568033387,下降
Q3-T007,3343.0347855536984,36.588687548371254,下降
Q3-T007,3353.2993367418494,37.883504166258746,下降
Q3-T007,3363.5638879300004,39.405736324095585,下降
Q3-T007,3373.828439118152,41.252653470107276,下降
Q3-T007,3384.092990306303,43.60138968771987,下降
Q3-T007,3394.357541494454,46.83069612741416,下降
Q3-T007,3404.622092682605,52.02857583418867,下降
Q3-T007,3414.886643870756,66.88733215297422,下降
Q3-T007,3425.151195058907,45.92517525248826,下降
Q3-T008,2312.8268141491862,45.92517525248826,爬升
Q3-T008,2322.881696509574,61.80392907709692,爬升
Q3-T008,2332.9365788699615,49.83336274351262,爬升
Q3-T008,2342.9914612303496,44.98273932171068,爬升
Q3-T008,2353.0463435907373,41.888758457999174,爬升
Q3-T008,2363.101225951125,39.61207745536839,爬升
Q3-T008,2373.1561083115125,37.80991140501793,爬升
Q3-T008,2383.2109906719006,36.31817417540593,爬升
Q3-T008,2393.2658730322883,35.045472740406154,爬升
Q3-T008,2403.320755392676,33.935643142447674,爬升
Q3-T008,2403.320755392676,33.935643142447674,巡航
Q3-T008,2413.423957172986,32.59020314469028,巡航
Q3-T008,2423.527158953296,30.039368080359395,巡航
Q3-T008,2433.630360733606,27.633032789872345,巡航
Q3-T008,2443.733562513916,25.60390566981374,巡航
Q3-T008,2453.8367642942258,23.90156451666688,巡航
Q3-T008,2463.9399660745357,22.45164055736612,巡航
Q3-T008,2474.0431678548457,21.19535753406815,巡航
Q3-T008,2484.1463696351557,20.090017670592204,巡航
Q3-T008,2494.2495714154657,19.104730742133484,巡航
Q3-T008,2504.3527731957756,18.216795828642816,巡航
Q3-T008,2514.4559749760856,17.409188414185863,巡航
Q3-T008,2524.5591767563956,16.668879602428518,巡航
Q3-T008,2534.6623785367055,15.985709073491108,巡航
Q3-T008,2544.7655803170155,15.351617780290525,巡航
Q3-T008,2554.8687820973255,14.760115521302211,巡航
Q3-T008,2564.9719838776355,4.205904188084716,巡航
Q3-T008,2575.0751856579454,3.684606101782478,巡航
Q3-T008,2585.178387438255,3.1925646456507906,巡航
Q3-T008,2595.281589218565,2.7266955562404576,巡航
Q3-T008,2605.384790998875,2.2843743336663778,巡航
Q3-T008,2615.487992779185,1.8633498250303262,巡航
Q3-T008,2625.591194559495,1.4616770607914589,巡航
Q3-T008,2635.694396339805,1.0776644515576805,巡航
Q3-T008,2645.797598120115,0.709831834294107,巡航
Q3-T008,2655.9007999004248,0.35687681308539254,巡航
Q3-T008,2666.0040016807347,0.017647511147160344,巡航
Q3-T008,2676.1072034610447,-0.30887967098216507,巡航
Q3-T008,2686.2104052413547,-0.6236183511463054,巡航
Q3-T008,2696.3136070216647,-0.9273873233526615,巡航
Q3-T008,2706.4168088019746,-1.2209231997972836,巡航
Q3-T008,2716.5200105822846,-1.5048910204772312,巡航
Q3-T008,2726.6232123625946,-1.7798932090982902,巡航
Q3-T008,2726.6232123625946,-1.7798932090982902,下降
Q3-T008,2745.6159418547822,-1.775908330041716,下降
Q3-T008,2745.6159418547822,-1.775908330041716,物资投送
Q3-T008,2755.6159418547822,-1.775908330041716,物资投送
Q3-T008,2765.6159418547822,-1.775908330041716,物资投送
Q3-T008,2775.6159418547822,-1.775908330041716,物资投送
Q3-T008,2785.6159418547822,-1.775908330041716,物资投送
Q3-T008,2795.6159418547822,-1.775908330041716,物资投送
Q3-T008,2805.6159418547822,-1.775908330041716,物资投送
Q3-T008,2815.6159418547822,-1.775908330041716,物资投送
Q3-T008,2825.6159418547822,-1.775908330041716,物资投送
Q3-T008,2835.6159418547822,-1.775908330041716,物资投送
Q3-T008,2845.6159418547822,-1.775908330041716,物资投送
Q3-T008,2855.6159418547822,-1.775908330041716,物资投送
Q3-T008,2865.6159418547822,-1.775908330041716,物资投送
Q3-T008,2875.6159418547822,-1.775908330041716,物资投送
Q3-T008,2885.6159418547822,-1.775908330041716,物资投送
Q3-T008,2895.6159418547822,-1.775908330041716,物资投送
Q3-T008,2905.6159418547822,-1.775908330041716,物资投送
Q3-T008,2915.6159418547822,-1.775908330041716,物资投送
Q3-T008,2925.6159418547822,-1.775908330041716,物资投送
Q3-T008,2935.6159418547822,-1.775908330041716,物资投送
Q3-T008,2945.6159418547822,-1.775908330041716,物资投送
Q3-T008,2955.6159418547822,-1.775908330041716,物资投送
Q3-T008,2965.6159418547822,-1.775908330041716,物资投送
Q3-T008,2975.6159418547822,-1.775908330041716,物资投送
Q3-T008,2985.6159418547822,-1.775908330041716,物资投送
Q3-T008,2985.6159418547822,-1.775908330041716,爬升
Q3-T008,3001.4432164316054,-1.7798932090982902,爬升
Q3-T008,3001.4432164316054,-1.7798932090982902,巡航
Q3-T008,3011.5464182119154,-1.5048910204772312,巡航
Q3-T008,3021.6496199922253,-1.2209231997972836,巡航
Q3-T008,3031.7528217725353,-0.9273873233526615,巡航
Q3-T008,3041.8560235528453,-0.6236183511463054,巡航
Q3-T008,3051.9592253331552,-0.30887967098216507,巡航
Q3-T008,3062.062427113465,0.017647511147160344,巡航
Q3-T008,3072.165628893775,0.35687681308539254,巡航
Q3-T008,3082.268830674085,0.709831834294107,巡航
Q3-T008,3092.372032454395,1.0776644515576805,巡航
Q3-T008,3102.475234234705,1.4616770607914589,巡航
Q3-T008,3112.578436015015,1.8633498250303404,巡航
Q3-T008,3122.681637795325,2.2843743336663778,巡航
Q3-T008,3132.784839575635,2.7266955562404576,巡航
Q3-T008,3142.888041355945,3.1925646456507906,巡航
Q3-T008,3152.9912431362545,3.684606101782478,巡航
Q3-T008,3163.0944449165645,4.205904188084716,巡航
Q3-T008,3173.1976466968745,14.760115521302211,巡航
Q3-T008,3183.3008484771844,15.351617780290525,巡航
Q3-T008,3193.4040502574944,15.985709073491108,巡航
Q3-T008,3203.5072520378044,16.668879602428518,巡航
Q3-T008,3213.6104538181144,17.409188414185863,巡航
Q3-T008,3223.7136555984243,18.216795828642816,巡航
Q3-T008,3233.8168573787343,19.104730742133484,巡航
Q3-T008,3243.9200591590443,20.090017670592204,巡航
Q3-T008,3254.0232609393543,21.19535753406815,巡航
Q3-T008,3264.1264627196642,22.45164055736612,巡航
Q3-T008,3274.229664499974,23.90156451666688,巡航
Q3-T008,3284.332866280284,25.603905669813727,巡航
Q3-T008,3294.436068060594,27.63303278987236,巡航
Q3-T008,3304.539269840904,30.039368080359395,巡航
Q3-T008,3314.642471621214,32.59020314469028,巡航
Q3-T008,3324.745673401524,33.935643142447674,巡航
Q3-T008,3324.745673401524,33.935643142447674,下降
Q3-T008,3335.604946350743,34.927887049404916,下降
Q3-T008,3346.4642192999618,36.04827745221249,下降
Q3-T008,3357.32349224918,37.33489235562055,下降
Q3-T008,3368.182765198399,38.84579350007809,下降
Q3-T008,3379.042038147618,40.67603717313169,下降
Q3-T008,3389.9013110968367,42.997813520574184,下降
Q3-T008,3400.7605840460556,46.176108214205485,下降
Q3-T008,3411.619856995274,51.2408133797112,下降
Q3-T008,3422.479129944493,64.86186268137993,下降
Q3-T008,3433.3384028937116,45.92517525248826,下降
Q3-T009,2702.2396507946546,45.92517525248826,爬升
Q3-T009,2712.4869354626235,66.95381321552873,爬升
Q3-T009,2722.734220130592,52.052549164029045,爬升
Q3-T009,2732.9815047985608,46.85045764910623,爬升
Q3-T009,2743.2287894665296,43.61955546222359,爬升
Q3-T009,2753.4760741344985,41.26997978254613,爬升
Q3-T009,2763.723358802467,39.42254480979247,爬升
Q3-T009,2773.970643470436,37.899961330008466,爬升
Q3-T009,2784.2179281384047,36.60489070978588,爬升
Q3-T009,2794.4652128063735,35.47809664075427,爬升
Q3-T009,2804.712497474342,34.48083495583843,爬升
Q3-T009,2814.959782142311,33.586371426987554,爬升
Q3-T009,2825.2070668102797,32.77547958521362,爬升
Q3-T009,2835.4543514782486,32.033868598389645,爬升
Q3-T009,2845.701636146217,31.350626264261237,爬升
Q3-T009,2855.948920814186,30.717231343301734,爬升
Q3-T009,2855.948920814186,30.717231343301734,巡航
Q3-T009,2866.0260705362325,30.02725763864875,巡航
Q3-T009,2876.103220258279,28.441569820237575,巡航
Q3-T009,2886.180369980326,26.652350018069953,巡航
Q3-T009,2896.2575197023725,24.97111771335466,巡航
Q3-T009,2906.334669424419,23.470617572934756,巡航
Q3-T009,2916.411819146466,22.144643742802856,巡航
Q3-T009,2926.4889688685125,20.968788181861086,巡航
Q3-T009,2936.566118590559,19.918168901873983,巡航
Q3-T009,2946.643268312606,18.971618438675648,巡航
Q3-T009,2956.7204180346525,18.11202726566809,巡航
Q3-T009,2966.797567756699,17.325743047524057,巡航
Q3-T009,2976.874717478746,16.60185739558716,巡航
Q3-T009,2986.9518672007925,15.931592743258932,巡航
Q3-T009,2997.029016922839,15.3078206587074,巡航
Q3-T009,3007.106166644886,14.724694774224218,巡航
Q3-T009,3017.1833163669326,14.177373322587428,巡航
Q3-T009,3027.2604660889792,13.661809059001257,巡航
Q3-T009,3037.337615811026,13.174589214122506,巡航
Q3-T009,3047.4147655330726,12.712812547790946,巡航
Q3-T009,3057.4919152551192,12.273994034858816,巡航
Q3-T009,3067.569064977166,11.855990277657966,巡航
Q3-T009,3077.6462146992126,11.45694059655878,巡航
Q3-T009,3087.7233644212592,11.075220086144355,巡航
Q3-T009,3097.800514143306,10.709401886382054,巡航
Q3-T009,3107.8776638653526,10.358226613746083,巡航
Q3-T009,3117.9548135873993,0.020577403573184938,巡航
Q3-T009,3128.031963309446,-0.30454061365260543,巡航
Q3-T009,3138.1091130314926,-0.6180173046991371,巡航
Q3-T009,3148.1862627535393,-0.9206516924221546,巡航
Q3-T009,3158.263412475586,-1.213163824729719,巡航
Q3-T009,3158.263412475586,-1.213163824729719,下降
Q3-T009,3168.4804859161377,-1.21012643260471,下降
Q3-T009,3178.6975593566895,-1.2072623965926255,下降
Q3-T009,3188.914632797241,-1.2045720612416062,下降
Q3-T009,3199.131706237793,-1.2020557506870375,下降
Q3-T009,3209.3487796783447,-1.1997137685222583,下降
Q3-T009,3219.5658531188965,-1.1975463976770868,下降
Q3-T009,3229.7829265594482,-1.1955539003044748,下降
Q3-T009,3240.0,-1.1937365176753048,下降
Q3-T009,3240.0,-1.1937365176753048,物资投送
Q3-T009,3250.0,-1.1937365176753048,物资投送
Q3-T009,3260.0,-1.1937365176753048,物资投送
Q3-T009,3270.0,-1.1937365176753048,物资投送
Q3-T009,3280.0,-1.1937365176753048,物资投送
Q3-T009,3290.0,-1.1937365176753048,物资投送
Q3-T009,3300.0,-1.1937365176753048,物资投送
Q3-T009,3310.0,-1.1937365176753048,物资投送
Q3-T009,3320.0,-1.1937365176753048,物资投送
Q3-T009,3330.0,-1.1937365176753048,物资投送
Q3-T009,3340.0,-1.1937365176753048,物资投送
Q3-T009,3350.0,-1.1937365176753048,物资投送
Q3-T009,3360.0,-1.1937365176753048,物资投送
Q3-T009,3370.0,-1.1937365176753048,物资投送
Q3-T009,3380.0,-1.1937365176753048,物资投送
Q3-T009,3390.0,-1.1937365176753048,物资投送
Q3-T009,3400.0,-1.1937365176753048,物资投送
Q3-T009,3410.0,-1.1937365176753048,物资投送
Q3-T009,3420.0,-1.1937365176753048,物资投送
Q3-T009,3430.0,-1.1937365176753048,物资投送
Q3-T009,3440.0,-1.1937365176753048,物资投送
Q3-T009,3450.0,-1.1937365176753048,物资投送
Q3-T009,3460.0,-1.1937365176753048,物资投送
Q3-T009,3470.0,-1.1937365176753048,物资投送
Q3-T009,3480.0,-1.1937365176753048,物资投送
Q3-T009,3490.0,-1.1937365176753048,物资投送
Q3-T009,3500.0,-1.1937365176753048,物资投送
Q3-T009,3510.0,-1.1937365176753048,物资投送
Q3-T009,3520.0,-1.1937365176753048,物资投送
Q3-T009,3530.0,-1.1937365176753048,物资投送
Q3-T009,3540.0,-1.1937365176753048,物资投送
Q3-T009,3550.0,-1.1937365176753048,物资投送
Q3-T009,3560.0,-1.1937365176753048,物资投送
Q3-T009,3570.0,-1.1937365176753048,物资投送
Q3-T009,3580.0,-1.1937365176753048,物资投送
Q3-T009,3590.0,-1.1937365176753048,物资投送
Q3-T009,3600.0,-1.1937365176753048,物资投送
Q3-T009,3600.0,-1.1937365176753048,爬升
Q3-T009,3610.8982116699217,-1.1961986203854735,爬升
Q3-T009,3621.796423339844,-1.1989718969417567,爬升
Q3-T009,3632.6946350097655,-1.2020557506870375,爬升
Q3-T009,3643.592846679687,-1.2054495191886616,爬升
Q3-T009,3654.4910583496094,-1.2091524747104216,爬升
Q3-T009,3665.389270019531,-1.213163824729719,爬升
Q3-T009,3665.389270019531,-1.213163824729719,巡航
Q3-T009,3675.4664197415777,-0.9206516924221546,巡航
Q3-T009,3685.5435694636244,-0.6180173046991371,巡航
Q3-T009,3695.620719185671,-0.30454061365260543,巡航
Q3-T009,3705.6978689077177,0.020577403573184938,巡航
Q3-T009,3715.7750186297644,10.358226613746083,巡航
Q3-T009,3725.852168351811,10.709401886382054,巡航
Q3-T009,3735.9293180738578,11.075220086144355,巡航
Q3-T009,3746.0064677959044,11.45694059655878,巡航
Q3-T009,3756.083617517951,11.855990277657966,巡航
Q3-T009,3766.1607672399978,12.273994034858816,巡航
Q3-T009,3776.2379169620444,12.712812547790946,巡航
Q3-T009,3786.315066684091,13.174589214122506,巡航
Q3-T009,3796.392216406138,13.661809059001257,巡航
Q3-T009,3806.4693661281844,14.177373322587428,巡航
Q3-T009,3816.546515850231,14.724694774224218,巡航
Q3-T009,3826.623665572278,15.3078206587074,巡航
Q3-T009,3836.7008152943245,15.931592743258932,巡航
Q3-T009,3846.777965016371,16.60185739558716,巡航
Q3-T009,3856.855114738418,17.325743047524057,巡航
Q3-T009,3866.9322644604645,18.11202726566809,巡航
Q3-T009,3877.009414182511,18.971618438675648,巡航
Q3-T009,3887.086563904558,19.918168901873983,巡航
Q3-T009,3897.1637136266045,20.968788181861086,巡航
Q3-T009,3907.240863348651,22.14464374280287,巡航
Q3-T009,3917.318013070698,23.470617572934756,巡航
Q3-T009,3927.3951627927445,24.97111771335466,巡航
Q3-T009,3937.472312514791,26.652350018069953,巡航
Q3-T009,3947.549462236838,28.441569820237575,巡航
Q3-T009,3957.6266119588845,30.02725763864875,巡航
Q3-T009,3967.703761680931,30.717231343301734,巡航
Q3-T009,3967.703761680931,30.717231343301734,下降
Q3-T009,3977.8162136559004,31.21338757008354,下降
Q3-T009,3987.9286656308695,31.739611479540002,下降
Q3-T009,3998.0411176058387,32.29978378874816,下降
Q3-T009,4008.153569580808,32.898588664471546,下降
Q3-T009,4018.2660215557767,33.54175206385543,下降
Q3-T009,4028.378473530746,34.236375583900696,下降
Q3-T009,4038.490925505715,34.99141577968402,下降
Q3-T009,4048.6033774806842,35.81839233764725,下降
Q3-T009,4058.7158294556534,36.73247020278157,下降
Q3-T009,4068.8282814306226,37.7541809051382,下降
Q3-T009,4078.940733405592,38.91229761695082,下降
Q3-T009,4089.053185380561,40.24893763697261,下降
Q3-T009,4099.16563735553,41.82934949537618,下降
Q3-T009,4109.278089330499,43.76273238918051,下降
Q3-T009,4119.390541305468,46.25348411001457,下降
Q3-T009,4129.502993280437,49.759285466461975,下降
Q3-T009,4139.6154452554065,55.73199051148288,下降
Q3-T009,4149.727897230376,94.9058335073529,下降
Q3-T009,4159.840349205345,45.92517525248826,下降
Q3-T010,3637.727670348657,45.92517525248826,爬升
Q3-T010,3648.6258628942296,64.7444302909356,爬升
Q3-T010,3659.524055439803,51.19166883042698,爬升
Q3-T010,3670.4222479853756,46.13494294006847,爬升
Q3-T010,3681.3204405309484,42.95973918388593,爬升
Q3-T010,3692.2186330765217,40.63960420070663,爬升
Q3-T010,3703.1168256220944,38.81037834641559,爬升
Q3-T010,3714.015018167667,37.300170078693014,爬升
Q3-T010,3724.9132107132405,36.01405729821181,爬升
Q3-T010,3735.8114032588132,34.89404750685925,爬升
Q3-T010,3735.8114032588132,34.89404750685925,巡航
Q3-T010,3745.9738063390505,33.25604152560075,巡航
Q3-T010,3756.1362094192873,30.372228027939556,巡航
Q3-T010,3766.2986124995246,27.798548338860527,巡航
Q3-T010,3776.4610155797614,25.687433877029363,巡航
Q3-T010,3786.6234186599986,23.941093026697075,巡航
Q3-T010,3796.785821740236,22.465353373640426,巡航
Q3-T010,3806.9482248204727,21.192788293486956,巡航
Q3-T010,3817.11062790071,20.076575732937485,巡航
Q3-T010,3827.273030980947,19.083690638326374,巡航
Q3-T010,3837.435434061184,18.19024719161493,巡航
Q3-T010,3847.597837141421,17.378523863796588,巡航
Q3-T010,3857.760240221658,16.63506135718569,巡航
Q3-T010,3867.9226433018953,15.94942250058476,巡航
Q3-T010,3878.0850463821325,15.313363871095888,巡航
Q3-T010,3888.2474494623693,14.720268759931642,巡航
Q3-T010,3898.4098525426066,14.164749983618805,巡航
Q3-T010,3908.572255622844,13.642365710770875,巡航
Q3-T010,3918.7346587030806,13.149412192018872,巡航
Q3-T010,3928.897061783318,12.682769918320417,巡航
Q3-T010,3939.0594648635547,12.239787614010538,巡航
Q3-T010,3949.221867943792,11.818193494462022,巡航
Q3-T010,3959.384271024029,11.416026487845997,巡航
Q3-T010,3969.546674104266,11.031582290763026,巡航
Q3-T010,3979.7090771845033,10.663370594699245,巡航
Q3-T010,3989.87148026474,10.310080829133568,巡航
Q3-T010,4000.0338833449773,9.970554471872802,巡航
Q3-T010,4010.1962864252146,9.643762476750382,巡航
Q3-T010,4020.3586895054514,9.328786727770861,巡航
Q3-T010,4030.5210925856886,-0.9751953100288517,巡航
Q3-T010,4040.683495665926,-1.2689233804320708,巡航
Q3-T010,4050.8458987461627,-1.5530651609033015,巡航
Q3-T010,4061.0083018264,-1.8282253091135203,巡航
Q3-T010,4071.170704906637,-2.094953136064589,巡航
Q3-T010,4081.333107986874,-2.3537491481446438,巡航
Q3-T010,4091.4955110671112,-2.6050706520829863,巡航
Q3-T010,4101.6579141473485,-2.8493365791140803,巡航
Q3-T010,4111.820317227585,-3.0869316551172687,巡航
Q3-T010,4121.982720307822,-3.3182100201580482,巡航
Q3-T010,4132.14512338806,-3.543498382294686,巡航
Q3-T010,4142.307526468297,-3.7630987756577525,巡航
Q3-T010,4152.469929548533,-3.977290980850114,巡航
Q3-T010,4162.632332628771,-4.186334656030397,巡航
Q3-T010,4172.794735709008,-4.390471219160659,巡航
Q3-T010,4182.957138789245,-4.589925515449224,巡航
Q3-T010,4193.119541869482,-4.784907298716533,巡航
Q3-T010,4203.281944949719,-4.975612551032384,巡航
Q3-T010,4213.444348029956,-5.162224661339025,巡航
Q3-T010,4223.606751110193,-5.344915480746323,巡航
Q3-T010,4233.7691541904305,-5.523846269653703,巡航
Q3-T010,4243.931557270667,-5.699168549725243,巡航
Q3-T010,4254.093960350904,-5.871024871953111,巡航
Q3-T010,4264.256363431142,-6.0395495105265695,巡航
Q3-T010,4274.418766511379,-6.204869090937862,巡航
Q3-T010,4274.418766511379,-6.204869090937862,下降
Q3-T010,4284.619699738918,-6.204285774288209,下降
Q3-T010,4294.820632966457,-6.203757740237194,下降
Q3-T010,4305.021566193996,-6.203285008960663,下降
Q3-T010,4315.222499421535,-6.202867598526254,下降
Q3-T010,4325.423432649074,-6.202505524891052,下降
Q3-T010,4325.423432649074,-6.202505524891052,物资投送
Q3-T010,4335.423432649074,-6.202505524891052,物资投送
Q3-T010,4345.423432649074,-6.202505524891052,物资投送
Q3-T010,4355.423432649074,-6.202505524891052,物资投送
Q3-T010,4365.423432649074,-6.202505524891052,物资投送
Q3-T010,4375.423432649074,-6.202505524891052,物资投送
Q3-T010,4385.423432649074,-6.202505524891052,物资投送
Q3-T010,4395.423432649074,-6.202505524891052,物资投送
Q3-T010,4405.423432649074,-6.202505524891052,物资投送
Q3-T010,4415.423432649074,-6.202505524891052,物资投送
Q3-T010,4425.423432649074,-6.202505524891052,物资投送
Q3-T010,4435.423432649074,-6.202505524891052,物资投送
Q3-T010,4445.423432649074,-6.202505524891052,物资投送
Q3-T010,4455.423432649074,-6.202505524891052,物资投送
Q3-T010,4465.423432649074,-6.202505524891052,物资投送
Q3-T010,4475.423432649074,-6.202505524891052,物资投送
Q3-T010,4485.423432649074,-6.202505524891052,物资投送
Q3-T010,4495.423432649074,-6.202505524891052,物资投送
Q3-T010,4505.423432649074,-6.202505524891052,物资投送
Q3-T010,4515.423432649074,-6.202505524891052,物资投送
Q3-T010,4525.423432649074,-6.202505524891052,物资投送
Q3-T010,4535.423432649074,-6.202505524891052,物资投送
Q3-T010,4545.423432649074,-6.202505524891052,物资投送
Q3-T010,4555.423432649074,-6.202505524891052,物资投送
Q3-T010,4565.423432649074,-6.202505524891052,物资投送
Q3-T010,4575.423432649074,-6.202505524891052,物资投送
Q3-T010,4585.423432649074,-6.202505524891052,物资投送
Q3-T010,4595.423432649074,-6.202505524891052,物资投送
Q3-T010,4605.423432649074,-6.202505524891052,物资投送
Q3-T010,4615.423432649074,-6.202505524891052,物资投送
Q3-T010,4625.423432649074,-6.202505524891052,物资投送
Q3-T010,4635.423432649074,-6.202505524891052,物资投送
Q3-T010,4645.423432649074,-6.202505524891052,物资投送
Q3-T010,4655.423432649074,-6.202505524891052,物资投送
Q3-T010,4665.423432649074,-6.202505524891052,物资投送
Q3-T010,4675.423432649074,-6.202505524891052,物资投送
Q3-T010,4685.423432649074,-6.202505524891052,物资投送
Q3-T010,4685.423432649074,-6.202505524891052,爬升
Q3-T010,4695.624365876613,-6.202966763897166,爬升
Q3-T010,4705.825299104152,-6.2035144605734445,爬升
Q3-T010,4716.026232331691,-6.204148582207708,爬升
Q3-T010,4726.22716555923,-6.204869090937862,爬升
Q3-T010,4726.22716555923,-6.204869090937862,巡航
Q3-T010,4736.389568639467,-6.0395495105265695,巡航
Q3-T010,4746.551971719705,-5.871024871953111,巡航
Q3-T010,4756.714374799942,-5.699168549725243,巡航
Q3-T010,4766.876777880178,-5.523846269653703,巡航
Q3-T010,4777.039180960416,-5.344915480746323,巡航
Q3-T010,4787.201584040653,-5.162224661339025,巡航
Q3-T010,4797.36398712089,-4.975612551032384,巡航
Q3-T010,4807.526390201127,-4.784907298716533,巡航
Q3-T010,4817.688793281364,-4.589925515449224,巡航
Q3-T010,4827.851196361601,-4.390471219160659,巡航
Q3-T010,4838.013599441838,-4.186334656030397,巡航
Q3-T010,4848.176002522076,-3.977290980850114,巡航
Q3-T010,4858.338405602312,-3.7630987756577525,巡航
Q3-T010,4868.500808682549,-3.543498382294686,巡航
Q3-T010,4878.663211762787,-3.3182100201580482,巡航
Q3-T010,4888.825614843024,-3.0869316551172687,巡航
Q3-T010,4898.9880179232605,-2.849336579114066,巡航
Q3-T010,4909.150421003497,-2.6050706520829863,巡航
Q3-T010,4919.312824083735,-2.3537491481446438,巡航
Q3-T010,4929.475227163972,-2.094953136064589,巡航
Q3-T010,4939.637630244209,-1.8282253091135345,巡航
Q3-T010,4949.800033324446,-1.5530651609032873,巡航
Q3-T010,4959.962436404683,-1.2689233804320708,巡航
Q3-T010,4970.12483948492,-0.975195310028866,巡航
Q3-T010,4980.287242565158,9.328786727770861,巡航
Q3-T010,4990.449645645394,9.643762476750382,巡航
Q3-T010,5000.612048725631,9.970554471872788,巡航
Q3-T010,5010.774451805868,10.31008082913354,巡航
Q3-T010,5020.936854886106,10.66337059469926,巡航
Q3-T010,5031.0992579663425,11.031582290763012,巡航
Q3-T010,5041.261661046579,11.416026487845983,巡航
Q3-T010,5051.424064126817,11.818193494462037,巡航
Q3-T010,5061.586467207054,12.239787614010524,巡航
Q3-T010,5071.748870287291,12.682769918320403,巡航
Q3-T010,5081.911273367528,13.149412192018886,巡航
Q3-T010,5092.073676447765,13.642365710770889,巡航
Q3-T010,5102.236079528002,14.16474998361879,巡航
Q3-T010,5112.39848260824,14.720268759931656,巡航
Q3-T010,5122.560885688476,15.313363871095902,巡航
Q3-T010,5132.723288768713,15.949422500584745,巡航
Q3-T010,5142.88569184895,16.63506135718565,巡航
Q3-T010,5153.048094929188,17.378523863796616,巡航
Q3-T010,5163.210498009425,18.19024719161493,巡航
Q3-T010,5173.372901089661,19.083690638326374,巡航
Q3-T010,5183.535304169899,20.076575732937528,巡航
Q3-T010,5193.697707250136,21.192788293486956,巡航
Q3-T010,5203.860110330373,22.465353373640426,巡航
Q3-T010,5214.0225134106095,23.94109302669699,巡航
Q3-T010,5224.184916490847,25.68743387702935,巡航
Q3-T010,5234.347319571084,27.798548338860527,巡航
Q3-T010,5244.509722651321,30.37222802793943,巡航
Q3-T010,5254.6721257315585,33.256041525600864,巡航
Q3-T010,5264.834528811795,34.89404750685925,巡航
Q3-T010,5264.834528811795,34.89404750685925,下降
Q3-T010,5275.05158432327,35.7202270888706,下降
Q3-T010,5285.268639834744,36.63333119010579,下降
Q3-T010,5295.485695346219,37.65382517893663,下降
Q3-T010,5305.702750857694,38.81037834641562,下降
Q3-T010,5315.919806369168,40.14493504220977,下降
Q3-T010,5326.136861880643,41.722432934311726,下降
Q3-T010,5336.353917392117,43.65145074734765,下降
Q3-T010,5346.570972903592,46.134942940068385,下降
Q3-T010,5356.788028415067,49.62628347389517,下降
Q3-T010,5367.005083926541,55.55606618306753,下降
Q3-T010,5377.222139438016,89.1937588940471,下降
Q3-T010,5387.43919494949,45.92517525248826,下降
Q3-T011,3823.905937610485,45.92517525248826,爬升
Q3-T011,3833.975618396618,61.76607505070745,爬升
Q3-T011,3844.0452991827506,49.81426056883947,爬升
Q3-T011,3854.1149799688837,44.96634435258524,爬升
Q3-T011,3864.1846607550165,41.87344837916058,爬升
Q3-T011,3874.254341541149,39.597352024527,爬升
Q3-T011,3884.324022327282,37.7955515486551,爬升
Q3-T011,3884.324022327282,37.7955515486551,巡航
Q3-T011,3894.407741802321,35.05435221046514,巡航
Q3-T011,3904.4914612773605,31.244798024446865,巡航
Q3-T011,3914.5751807524,28.292622236330757,巡航
Q3-T011,3924.658900227439,26.012294463623263,巡航
Q3-T011,3934.7426197024784,24.179048017643595,巡航
Q3-T011,3944.8263391775176,22.65351633237536,巡航
Q3-T011,3954.910058652557,21.349988201058224,巡航
Q3-T011,3964.993778127596,20.213285649963936,巡航
Q3-T011,3975.0774976026355,19.206168953553757,巡航
Q3-T011,3985.161217077675,18.302452431615947,巡航
Q3-T011,3995.244936552714,17.483077485534878,巡航
Q3-T011,4005.3286560277534,16.733766158945897,巡航
Q3-T011,4015.4123755027927,16.04355800524084,巡航
Q3-T011,4025.496094977832,15.403862795985944,巡航
Q3-T011,4035.5798144528712,14.80782676552414,巡航
Q3-T011,4045.6635339279105,4.249896319730212,巡航
Q3-T011,4055.74725340295,3.725510070046454,巡航
Q3-T011,4065.830972877989,3.2308766054631377,巡航
Q3-T011,4075.9146923530284,2.7628109735424857,巡航
Q3-T011,4085.9984118280677,2.318612251755411,巡航
Q3-T011,4096.082131303107,1.8959704464160438,巡航
Q3-T011,4106.165850778147,1.4928946954601514,巡航
Q3-T011,4116.249570253186,1.1076571945408915,巡航
Q3-T011,4126.333289728225,0.7387488963213116,巡航
Q3-T011,4136.417009203265,0.3848441418083155,巡航
Q3-T011,4146.500728678304,0.04477215012201441,巡航
Q3-T011,4156.584448153343,-0.28250616712067256,巡航
Q3-T011,4166.668167628382,-0.5979172154197556,巡航
Q3-T011,4176.751887103422,-0.9022904209788862,巡航
Q3-T011,4186.835606578461,-1.1963712941625033,巡航
Q3-T011,4196.9193260535,-1.4808323675125905,巡航
Q3-T011,4207.00304552854,-1.756282409768275,巡航
Q3-T011,4217.086765003579,-2.023274231663777,巡航
Q3-T011,4227.170484478618,-2.2823113338665593,巡航
Q3-T011,4237.254203953657,-2.5338535970305145,巡航
Q3-T011,4247.337923428697,-2.778322174807414,巡航
Q3-T011,4257.421642903736,-3.0161037200337546,巡航
Q3-T011,4267.505362378775,-3.2475540501675653,巡航
Q3-T011,4277.589081853815,-3.473001338886263,巡航
Q3-T011,4287.672801328854,-3.6927489054480276,巡航
Q3-T011,4297.756520803893,-3.907077661113931,巡航
Q3-T011,4307.8402402789325,-4.116248261981056,巡航
Q3-T011,4317.923959753972,-4.320503009489968,巡航
Q3-T011,4328.007679229011,-4.520067533263074,巡航
Q3-T011,4338.09139870405,-4.715152285503763,巡航
Q3-T011,4348.17511817909,-4.905953871710125,巡航
Q3-T011,4358.258837654129,-5.092656238745775,巡航
Q3-T011,4368.342557129168,-5.275431738222849,巡航
Q3-T011,4378.4262766042075,-5.454442080570175,巡航
Q3-T011,4378.4262766042075,-5.454442080570175,下降
Q3-T011,4390.353510490926,-5.4537523407004755,下降
Q3-T011,4402.2807443776455,-5.4532030581486595,下降
Q3-T011,4414.207978264364,-5.452794286226634,下降
Q3-T011,4414.207978264364,-5.452794286226634,物资投送
Q3-T011,4424.207978264364,-5.452794286226634,物资投送
Q3-T011,4434.207978264364,-5.452794286226634,物资投送
Q3-T011,4444.207978264364,-5.452794286226634,物资投送
Q3-T011,4454.207978264364,-5.452794286226634,物资投送
Q3-T011,4464.207978264364,-5.452794286226634,物资投送
Q3-T011,4474.207978264364,-5.452794286226634,物资投送
Q3-T011,4484.207978264364,-5.452794286226634,物资投送
Q3-T011,4494.207978264364,-5.452794286226634,物资投送
Q3-T011,4504.207978264364,-5.452794286226634,物资投送
Q3-T011,4514.207978264364,-5.452794286226634,物资投送
Q3-T011,4524.207978264364,-5.452794286226634,物资投送
Q3-T011,4534.207978264364,-5.452794286226634,物资投送
Q3-T011,4544.207978264364,-5.452794286226634,物资投送
Q3-T011,4554.207978264364,-5.452794286226634,物资投送
Q3-T011,4564.207978264364,-5.452794286226634,物资投送
Q3-T011,4574.207978264364,-5.452794286226634,物资投送
Q3-T011,4584.207978264364,-5.452794286226634,物资投送
Q3-T011,4594.207978264364,-5.452794286226634,物资投送
Q3-T011,4604.207978264364,-5.452794286226634,物资投送
Q3-T011,4614.207978264364,-5.452794286226634,物资投送
Q3-T011,4624.207978264364,-5.452794286226634,物资投送
Q3-T011,4624.207978264364,-5.452794286226634,爬升
Q3-T011,4639.1170206227625,-5.4534601386086194,爬升
Q3-T011,4654.026062981161,-5.454442080570175,爬升
Q3-T011,4654.026062981161,-5.454442080570175,巡航
Q3-T011,4664.1097824562,-5.275431738222849,巡航
Q3-T011,4674.19350193124,-5.092656238745775,巡航
Q3-T011,4684.277221406279,-4.905953871710125,巡航
Q3-T011,4694.360940881318,-4.715152285503763,巡航
Q3-T011,4704.444660356357,-4.520067533263074,巡航
Q3-T011,4714.528379831397,-4.320503009489968,巡航
Q3-T011,4724.612099306436,-4.116248261981056,巡航
Q3-T011,4734.695818781475,-3.907077661113931,巡航
Q3-T011,4744.779538256515,-3.692748905448042,巡航
Q3-T011,4754.863257731554,-3.473001338886263,巡航
Q3-T011,4764.946977206593,-3.2475540501675653,巡航
Q3-T011,4775.030696681632,-3.0161037200337546,巡航
Q3-T011,4785.114416156672,-2.778322174807414,巡航
Q3-T011,4795.198135631711,-2.5338535970305145,巡航
Q3-T011,4805.28185510675,-2.2823113338665593,巡航
Q3-T011,4815.36557458179,-2.023274231663777,巡航
Q3-T011,4825.449294056829,-1.756282409768275,巡航
Q3-T011,4835.533013531868,-1.4808323675125905,巡航
Q3-T011,4845.616733006907,-1.1963712941625033,巡航
Q3-T011,4855.700452481947,-0.9022904209789004,巡航
Q3-T011,4865.784171956986,-0.5979172154197556,巡航
Q3-T011,4875.867891432025,-0.28250616712067256,巡航
Q3-T011,4885.951610907065,0.0447721501220002,巡航
Q3-T011,4896.035330382104,0.3848441418083155,巡航
Q3-T011,4906.119049857143,0.7387488963213116,巡航
Q3-T011,4916.202769332183,1.1076571945409057,巡航
Q3-T011,4926.286488807222,1.4928946954601372,巡航
Q3-T011,4936.370208282262,1.8959704464160723,巡航
Q3-T011,4946.453927757301,2.318612251755411,巡航
Q3-T011,4956.5376472323405,2.7628109735424857,巡航
Q3-T011,4966.62136670738,3.230876605463152,巡航
Q3-T011,4976.705086182419,3.725510070046454,巡航
Q3-T011,4986.788805657458,4.249896319730226,巡航
Q3-T011,4996.872525132498,14.80782676552414,巡航
Q3-T011,5006.956244607537,15.403862795985958,巡航
Q3-T011,5017.039964082576,16.04355800524084,巡航
Q3-T011,5027.123683557616,16.73376615894591,巡航
Q3-T011,5037.207403032655,17.483077485534878,巡航
Q3-T011,5047.291122507694,18.302452431615947,巡航
Q3-T011,5057.374841982733,19.20616895355377,巡航
Q3-T011,5067.458561457773,20.21328564996395,巡航
Q3-T011,5077.542280932812,21.349988201058224,巡航
Q3-T011,5087.626000407851,22.65351633237536,巡航
Q3-T011,5097.709719882891,24.17904801764361,巡航
Q3-T011,5107.79343935793,26.012294463623277,巡航
Q3-T011,5117.877158832969,28.29262223633077,巡航
Q3-T011,5127.960878308008,31.24479802444688,巡航
Q3-T011,5138.044597783048,35.054352210465154,巡航
Q3-T011,5148.128317258087,37.7955515486551,巡航
Q3-T011,5148.128317258087,37.7955515486551,下降
Q3-T011,5158.485703209538,39.31591760538957,下降
Q3-T011,5168.843089160989,41.16008510251913,下降
Q3-T011,5179.20047511244,43.50436599112129,下降
Q3-T011,5189.55786106389,46.72521070449484,下降
Q3-T011,5199.915247015341,51.9008035215179,下降
Q3-T011,5210.272632966792,66.53836117074556,下降
Q3-T011,5220.630018918243,45.92517525248826,下降
Q3-T012,4142.306050013314,45.92517525248826,爬升
Q3-T012,4154.419100855599,57.68118462668164,爬升
Q3-T012,4166.532151697885,47.51313930757455,爬升
Q3-T012,4178.64520254017,42.956271440191614,爬升
Q3-T012,4190.758253382455,39.982830377148545,爬升
Q3-T012,4190.758253382455,39.982830377148545,巡航
Q3-T012,4200.938332074172,36.03157488270119,巡航
Q3-T012,4211.118410765888,31.572112596570094,巡航
Q3-T012,4221.298489457605,28.412901429447544,巡航
Q3-T012,4231.478568149321,26.04854960433505,巡航
Q3-T012,4241.658646841039,24.174005093478456,巡航
Q3-T012,4251.838725532755,22.625353702602837,巡航
Q3-T012,4262.018804224472,21.307642764729508,巡航
Q3-T012,4272.198882916188,20.161635291538587,巡航
Q3-T012,4282.378961607905,19.148093167963722,巡航
Q3-T012,4292.559040299621,18.23975739942179,巡航
Q3-T012,4302.739118991338,7.4169522076315815,巡航
Q3-T012,4312.919197683054,6.6650247299131,巡航
Q3-T012,4323.099276374771,5.972776294038539,巡航
Q3-T012,4333.279355066487,5.331459496636242,巡航
Q3-T012,4343.459433758204,4.734113515040946,巡航
Q3-T012,4353.639512449921,4.175109814090959,巡航
Q3-T012,4363.819591141638,3.6498332869355465,巡航
Q3-T012,4373.999669833354,3.1544532091375004,巡航
Q3-T012,4384.179748525071,2.685755324798137,巡航
Q3-T012,4394.359827216787,2.2410165102830177,巡航
Q3-T012,4394.359827216787,2.2410165102830177,下降
Q3-T012,4406.234041897777,2.2440675830654726,下降
Q3-T012,4418.1082565787665,2.2463004537121236,下降
Q3-T012,4429.9824712597565,2.24771385877267,下降
Q3-T012,4429.9824712597565,2.24771385877267,物资投送
Q3-T012,4439.9824712597565,2.24771385877267,物资投送
Q3-T012,4449.9824712597565,2.24771385877267,物资投送
Q3-T012,4459.9824712597565,2.24771385877267,物资投送
Q3-T012,4469.9824712597565,2.24771385877267,物资投送
Q3-T012,4479.9824712597565,2.24771385877267,物资投送
Q3-T012,4489.9824712597565,2.24771385877267,物资投送
Q3-T012,4499.9824712597565,2.24771385877267,物资投送
Q3-T012,4509.9824712597565,2.24771385877267,物资投送
Q3-T012,4519.9824712597565,2.24771385877267,物资投送
Q3-T012,4529.9824712597565,2.24771385877267,物资投送
Q3-T012,4539.9824712597565,2.24771385877267,物资投送
Q3-T012,4549.9824712597565,2.24771385877267,物资投送
Q3-T012,4559.9824712597565,2.24771385877267,物资投送
Q3-T012,4569.9824712597565,2.24771385877267,物资投送
Q3-T012,4579.9824712597565,2.24771385877267,物资投送
Q3-T012,4589.9824712597565,2.24771385877267,物资投送
Q3-T012,4599.9824712597565,2.24771385877267,物资投送
Q3-T012,4609.9824712597565,2.24771385877267,物资投送
Q3-T012,4619.9824712597565,2.24771385877267,物资投送
Q3-T012,4629.9824712597565,2.24771385877267,物资投送
Q3-T012,4639.9824712597565,2.24771385877267,物资投送
Q3-T012,4639.9824712597565,2.24771385877267,爬升
Q3-T012,4654.825239610993,2.245286383447066,爬升
Q3-T012,4669.66800796223,2.2410165102830177,爬升
Q3-T012,4669.66800796223,2.2410165102830177,巡航
Q3-T012,4679.848086653947,2.685755324798137,巡航
Q3-T012,4690.028165345663,3.1544532091375004,巡航
Q3-T012,4700.20824403738,3.6498332869355465,巡航
Q3-T012,4710.388322729096,4.175109814090959,巡航
Q3-T012,4720.568401420813,4.734113515040889,巡航
Q3-T012,4730.74848011253,5.331459496636242,巡航
Q3-T012,4740.928558804247,5.972776294038539,巡航
Q3-T012,4751.108637495963,6.6650247299131,巡航
Q3-T012,4761.28871618768,7.4169522076315815,巡航
Q3-T012,4771.468794879396,18.23975739942179,巡航
Q3-T012,4781.648873571113,19.148093167963722,巡航
Q3-T012,4791.828952262829,20.161635291538587,巡航
Q3-T012,4802.009030954546,21.307642764729508,巡航
Q3-T012,4812.189109646262,22.625353702602837,巡航
Q3-T012,4822.36918833798,24.174005093478613,巡航
Q3-T012,4832.549267029696,26.04854960433505,巡航
Q3-T012,4842.729345721413,28.412901429447544,巡航
Q3-T012,4852.909424413129,31.572112596570094,巡航
Q3-T012,4863.089503104846,36.03157488270119,巡航
Q3-T012,4873.269581796562,39.982830377148545,巡航
Q3-T012,4873.269581796562,39.982830377148545,下降
Q3-T012,4884.898110605156,42.27457648271596,下降
Q3-T012,4896.52663941375,45.39658471822298,下降
Q3-T012,4908.1551682223435,50.31755926599365,下降
Q3-T012,4919.783697030937,62.792363482346424,下降
Q3-T012,4931.412225839531,45.92517525248826,下降
Q3-T013,5196.613741916784,45.92517525248826,爬升
Q3-T013,5206.827956932869,67.08257915862858,爬升
Q3-T013,5217.042171948953,52.098649557754186,爬升
Q3-T013,5227.2563869650385,46.88843182224727,爬升
Q3-T013,5237.470601981123,43.6544538297544,爬升
Q3-T013,5247.684816997207,41.30326074924223,爬升
Q3-T013,5257.899032013292,39.454828302087634,爬升
Q3-T013,5268.113247029376,37.93156818025395,爬升
Q3-T013,5278.32746204546,36.63600840431461,爬升
Q3-T013,5288.541677061546,35.50884422392116,爬升
Q3-T013,5298.75589207763,34.51129272916225,爬升
Q3-T013,5308.970107093714,33.616596115594305,爬升
Q3-T013,5319.184322109799,32.80551274443512,爬升
Q3-T013,5329.398537125883,32.06374158012238,爬升
Q3-T013,5339.612752141968,31.38036330469619,爬升
Q3-T013,5349.826967158053,30.74685156480507,爬升
Q3-T013,5360.041182174137,30.156421099384502,爬升
Q3-T013,5370.255397190222,29.603583756332725,爬升
Q3-T013,5370.255397190222,29.603583756332725,巡航
Q3-T013,5380.344045756563,29.05919405903549,巡航
Q3-T013,5390.432694322904,27.7448145556738,巡航
Q3-T013,5400.521342889247,26.17558852357979,巡航
Q3-T013,5410.609991455588,24.63881442483317,巡航
Q3-T013,5420.698640021929,23.230049281041573,巡航
Q3-T013,5430.787288588272,21.963587493394385,巡航
Q3-T013,5440.875937154613,20.827721760892402,巡航
Q3-T013,5450.964585720954,19.804953609695048,巡航
Q3-T013,5461.053234287296,18.878442253315043,巡航
Q3-T013,5471.141882853637,18.033686942780193,巡航
Q3-T013,5481.230531419979,17.258661619946324,巡航
Q3-T013,5491.319179986321,16.5435054163829,巡航
Q3-T013,5501.407828552662,15.880136255397844,巡航
Q3-T013,5511.496477119004,15.261900308715667,巡航
Q3-T013,5521.585125685346,14.683283147567224,巡航
Q3-T013,5531.673774251687,14.139680334106274,巡航
Q3-T013,5541.762422818028,13.6272176907095,巡航
Q3-T013,5551.85107138437,13.142610909823162,巡航
Q3-T013,5561.939719950712,12.683055638536757,巡航
Q3-T013,5572.028368517053,12.246140987439318,巡航
Q3-T013,5582.117017083395,11.829781033488587,巡航
Q3-T013,5592.205665649737,11.432160189503364,巡航
Q3-T013,5602.294314216078,11.051689315542475,巡航
Q3-T013,5612.38296278242,10.686970204107098,巡航
Q3-T013,5622.471611348761,10.336766637752689,巡航
Q3-T013,5632.5602599151025,-1.9358561573312727e-05,巡航
Q3-T013,5642.648908481445,-0.32436713050313415,巡航
Q3-T013,5652.737557047786,-0.6371536939185631,巡航
Q3-T013,5662.8262056141275,-0.9391673612445004,巡航
Q3-T013,5672.91485418047,-1.2311191974881837,巡航
Q3-T013,5683.003502746811,-1.5136527030663132,巡航
Q3-T013,5693.0921513131525,-1.7873520395093863,巡航
Q3-T013,5703.180799879494,-2.0527490509620776,巡航
Q3-T013,5713.269448445835,-2.310329285149521,巡航
Q3-T013,5723.3580970121775,-2.560537178764932,巡航
Q3-T013,5733.446745578519,-2.803780541624505,巡航
Q3-T013,5743.53539414486,-3.040434449590535,巡航
Q3-T013,5753.6240427112025,-3.270844636791452,巡航
Q3-T013,5763.712691277544,-3.4953304620073595,巡航
Q3-T013,5773.801339843885,-3.7141875114292446,巡航
Q3-T013,5783.889988410227,-3.9276898897112744,巡航
Q3-T013,5793.978636976568,-4.136092242836909,巡航
Q3-T013,5804.06728554291,-4.339631549427537,巡航
Q3-T013,5814.155934109252,-4.538528711444755,巡航
Q3-T013,5824.244582675593,-4.732989970538441,巡航
Q3-T013,5834.333231241935,-4.923208172387177,巡航
Q3-T013,5844.421879808277,-5.10936389812052,巡航
Q3-T013,5854.510528374618,-5.29162647918389,巡航
Q3-T013,5854.510528374618,-5.29162647918389,下降
Q3-T013,5864.6607164738725,-5.290280688939873,下降
Q3-T013,5874.810904573126,-5.2890021440477994,下降
Q3-T013,5884.961092672381,-5.287790904034551,下降
Q3-T013,5895.111280771635,-5.286647025331149,下降
Q3-T013,5905.261468870889,-5.285570561264066,下降
Q3-T013,5915.411656970144,-5.284561562046889,下降
Q3-T013,5925.561845069397,-5.283620074772585,下降
Q3-T013,5935.712033168652,-5.282746143406186,下降
Q3-T013,5945.8622212679065,-5.281939808777921,下降
Q3-T013,5956.01240936716,-5.281201108576909,下降
Q3-T013,5966.162597466415,-5.280530077345318,下降
Q3-T013,5966.162597466415,-5.280530077345318,物资投送
Q3-T013,5976.3164436202605,-5.280530077345318,物资投送
Q3-T013,5986.470289774107,-5.280530077345318,物资投送
Q3-T013,5996.624135927953,-5.280530077345318,物资投送
Q3-T013,6006.7779820818,-5.280530077345318,物资投送
Q3-T013,6016.931828235645,-5.280530077345318,物资投送
Q3-T013,6027.085674389492,-5.280530077345318,物资投送
Q3-T013,6037.239520543338,-5.280530077345318,物资投送
Q3-T013,6047.393366697184,-5.280530077345318,物资投送
Q3-T013,6057.54721285103,-5.280530077345318,物资投送
Q3-T013,6067.701059004877,-5.280530077345318,物资投送
Q3-T013,6077.854905158722,-5.280530077345318,物资投送
Q3-T013,6088.008751312569,-5.280530077345318,物资投送
Q3-T013,6098.162597466415,-5.280530077345318,物资投送
Q3-T013,6108.3164436202605,-5.280530077345318,物资投送
Q3-T013,6118.470289774107,-5.280530077345318,物资投送
Q3-T013,6128.624135927953,-5.280530077345318,物资投送
Q3-T013,6138.7779820818,-5.280530077345318,物资投送
Q3-T013,6148.931828235645,-5.280530077345318,物资投送
Q3-T013,6159.085674389492,-5.280530077345318,物资投送
Q3-T013,6169.239520543338,-5.280530077345318,物资投送
Q3-T013,6179.393366697184,-5.280530077345318,物资投送
Q3-T013,6189.54721285103,-5.280530077345318,物资投送
Q3-T013,6199.701059004877,-5.280530077345318,物资投送
Q3-T013,6209.854905158722,-5.280530077345318,物资投送
Q3-T013,6220.008751312569,-5.280530077345318,物资投送
Q3-T013,6230.162597466415,-5.280530077345318,物资投送
Q3-T013,6240.3164436202605,-5.280530077345318,物资投送
Q3-T013,6250.470289774107,-5.280530077345318,物资投送
Q3-T013,6260.624135927953,-5.280530077345318,物资投送
Q3-T013,6270.7779820818,-5.280530077345318,物资投送
Q3-T013,6280.931828235645,-5.280530077345318,物资投送
Q3-T013,6291.085674389492,-5.280530077345318,物资投送
Q3-T013,6301.239520543338,-5.280530077345318,物资投送
Q3-T013,6311.393366697184,-5.280530077345318,物资投送
Q3-T013,6321.54721285103,-5.280530077345318,物资投送
Q3-T013,6331.701059004877,-5.280530077345318,物资投送
Q3-T013,6341.854905158722,-5.280530077345318,物资投送
Q3-T013,6352.008751312569,-5.280530077345318,物资投送
Q3-T013,6362.162597466415,-5.280530077345318,物资投送
Q3-T013,6362.162597466415,-5.280530077345318,爬升
Q3-T013,6373.3278043755945,-5.2814701929815016,爬升
Q3-T013,6384.493011284774,-5.2825382210289575,爬升
Q3-T013,6395.658218193954,-5.283734067089682,爬升
Q3-T013,6406.823425103134,-5.285057625532701,爬升
Q3-T013,6417.988632012313,-5.286508779525121,爬升
Q3-T013,6429.153838921493,-5.288087401066406,爬升
Q3-T013,6440.319045830673,-5.289793351025963,爬升
Q3-T013,6451.484252739852,-5.29162647918389,爬升
Q3-T013,6451.484252739852,-5.29162647918389,巡航
Q3-T013,6461.572901306194,-5.10936389812052,巡航
Q3-T013,6471.661549872535,-4.923208172387177,巡航
Q3-T013,6481.750198438877,-4.732989970538441,巡航
Q3-T013,6491.838847005219,-4.538528711444755,巡航
Q3-T013,6501.92749557156,-4.339631549427537,巡航
Q3-T013,6512.016144137902,-4.136092242836909,巡航
Q3-T013,6522.104792704244,-3.9276898897112744,巡航
Q3-T013,6532.193441270585,-3.7141875114292446,巡航
Q3-T013,6542.282089836926,-3.4953304620073595,巡航
Q3-T013,6552.370738403268,-3.270844636791452,巡航
Q3-T013,6562.45938696961,-3.040434449590535,巡航
Q3-T013,6572.548035535951,-2.803780541624505,巡航
Q3-T013,6582.636684102293,-2.560537178764932,巡航
Q3-T013,6592.725332668635,-2.310329285149521,巡航
Q3-T013,6602.813981234976,-2.0527490509620776,巡航
Q3-T013,6612.902629801318,-1.7873520395093863,巡航
Q3-T013,6622.991278367659,-1.5136527030663132,巡航
Q3-T013,6633.0799269340005,-1.2311191974881837,巡航
Q3-T013,6643.168575500343,-0.9391673612445004,巡航
Q3-T013,6653.257224066684,-0.6371536939185631,巡航
Q3-T013,6663.3458726330255,-0.32436713050313415,巡航
Q3-T013,6673.434521199368,-1.9358561573312727e-05,巡航
Q3-T013,6683.523169765709,10.336766637752689,巡航
Q3-T013,6693.6118183320505,10.686970204107098,巡航
Q3-T013,6703.700466898392,11.051689315542475,巡航
Q3-T013,6713.789115464733,11.432160189503364,巡航
Q3-T013,6723.8777640310755,11.829781033488587,巡航
Q3-T013,6733.966412597417,12.246140987439318,巡航
Q3-T013,6744.055061163758,12.683055638536757,巡航
Q3-T013,6754.1437097301,13.142610909823162,巡航
Q3-T013,6764.232358296442,13.6272176907095,巡航
Q3-T013,6774.321006862783,14.139680334106274,巡航
Q3-T013,6784.4096554291245,14.683283147567224,巡航
Q3-T013,6794.498303995466,15.261900308715667,巡航
Q3-T013,6804.586952561808,15.880136255397844,巡航
Q3-T013,6814.6756011281495,16.5435054163829,巡航
Q3-T013,6824.764249694491,17.25866161994631,巡航
Q3-T013,6834.852898260833,18.03368694278018,巡航
Q3-T013,6844.9415468271745,18.878442253315043,巡航
Q3-T013,6855.030195393516,19.804953609695048,巡航
Q3-T013,6865.118843959857,20.827721760892402,巡航
Q3-T013,6875.207492526199,21.963587493394385,巡航
Q3-T013,6885.296141092541,23.230049281041573,巡航
Q3-T013,6895.384789658882,24.63881442483317,巡航
Q3-T013,6905.473438225224,26.17558852357979,巡航
Q3-T013,6915.562086791566,27.7448145556738,巡航
Q3-T013,6925.650735357907,29.05919405903549,巡航
Q3-T013,6935.739383924249,29.603583756332725,巡航
Q3-T013,6935.739383924249,29.603583756332725,下降
Q3-T013,6946.075196738144,30.048370238131255,下降
Q3-T013,6956.411009552039,30.517168437756055,下降
Q3-T013,6966.746822365933,31.012719579398393,下降
Q3-T013,6977.082635179829,31.53826287097911,下降
Q3-T013,6987.418447993724,32.0976639449468,下降
Q3-T013,6997.754260807619,32.69558758024144,下降
Q3-T013,7008.090073621514,33.33773439068395,下降
Q3-T013,7018.425886435409,34.03117219748903,下降
Q3-T013,7028.761699249304,34.784811522125366,下降
Q3-T013,7039.097512063199,35.61010764401745,下降
Q3-T013,7049.4333248770945,36.52213254492844,下降
Q3-T013,7059.76913769099,37.5412784363036,下降
Q3-T013,7070.104950504885,38.6960998081133,下降
Q3-T013,7080.440763318779,40.02835001598528,下降
Q3-T013,7090.776576132675,41.602623755056484,下降
Q3-T013,7101.11238894657,43.52681609177695,下降
Q3-T013,7111.448201760465,46.002294370193425,下降
Q3-T013,7121.78401457436,49.47771326049825,下降
Q3-T013,7132.119827388255,55.360563626129874,下降
Q3-T013,7142.45564020215,85.40322997524258,下降
Q3-T013,7152.791453016045,45.92517525248826,下降
Q3-T014,5621.606789940195,45.92517525248826,爬升
Q3-T014,5632.180581734745,60.566203671915964,爬升
Q3-T014,5642.754373529295,49.1874288317413,爬升
Q3-T014,5653.328165323845,44.425562910321474,爬升
Q3-T014,5663.901957118394,41.36739917769178,爬升
Q3-T014,5674.475748912944,39.110079603028936,爬升
Q3-T014,5685.049540707494,37.320041360812624,爬升
Q3-T014,5695.623332502044,35.83661407556565,爬升
Q3-T014,5706.197124296594,34.56996235928037,爬升
Q3-T014,5716.770916091144,33.4647340015524,爬升
Q3-T014,5727.344707885693,32.48439710726194,爬升
Q3-T014,5737.918499680243,31.60357002133432,爬升
Q3-T014,5748.492291474793,30.80389977987059,爬升
Q3-T014,5759.066083269343,30.07168483840732,爬升
Q3-T014,5769.639875063893,29.396424967151802,爬升
Q3-T014,5769.639875063893,29.396424967151802,巡航
Q3-T014,5779.65614988426,28.882951869037115,巡航
Q3-T014,5789.672424704628,27.629671374663346,巡航
Q3-T014,5799.688699524995,26.113562403954774,巡航
Q3-T014,5809.704974345363,24.613538261341148,巡航
Q3-T014,5819.721249165729,23.228921777568075,巡航
Q3-T014,5829.737523986097,21.978475066515074,巡航
Q3-T014,5839.753798806464,20.853528608527427,巡航
Q3-T014,5849.770073626832,19.83844129109815,巡航
Q3-T014,5859.786348447199,18.917495386426936,巡航
Q3-T014,5869.802623267567,18.076881634346293,巡航
Q3-T014,5879.818898087934,17.30501143431104,巡航
Q3-T014,5889.835172908301,16.592308736557186,巡航
Q3-T014,5899.851447728668,15.930882100186224,巡航
Q3-T014,5909.8677225490355,15.31420859953478,巡航
Q3-T014,5919.883997369403,14.736865809121298,巡航
Q3-T014,5929.9002721897705,14.194315330197242,巡航
Q3-T014,5939.916547010138,13.682731296658531,巡航
Q3-T014,5949.932821830505,13.198865355402774,巡航
Q3-T014,5959.949096650873,12.739940330315846,巡航
Q3-T014,5969.96537147124,12.303566165484511,巡航
Q3-T014,5979.981646291607,11.887673114702807,巡航
Q3-T014,5989.997921111974,1.4904582996557565,巡航
Q3-T014,6000.014195932342,1.1103426723009875,巡航
Q3-T014,6010.030470752709,0.745936118184872,巡航
Q3-T014,6020.046745573077,0.3960089690387605,巡航
Q3-T014,6030.063020393444,0.05946859418996553,巡航
Q3-T014,6040.079295213812,-0.26465995689163435,巡航
Q3-T014,6050.095570034178,-0.5772500594440402,巡航
Q3-T014,6060.111844854546,-0.8790869900256979,巡航
Q3-T014,6070.128119674913,-1.1708792661799805,巡航
Q3-T014,6080.144394495281,-1.4532682381765198,巡航
Q3-T014,6090.160669315648,-1.726836242791876,巡航
Q3-T014,6100.176944136016,-1.992113567594501,巡航
Q3-T014,6110.193218956383,-2.2495844260716638,巡航
Q3-T014,6120.209493776751,-2.4996921060461688,巡航
Q3-T014,6130.225768597118,-2.7428434238243256,巡航
Q3-T014,6140.242043417485,-2.9794125926195676,巡航
Q3-T014,6150.258318237852,-3.209744594656769,巡航
Q3-T014,6160.27459305822,-3.434158130953108,巡航
Q3-T014,6170.290867878587,-3.6529482103014885,巡航
Q3-T014,6170.290867878587,-3.6529482103014885,下降
Q3-T014,6183.264101928066,-3.6497813867803472,下降
Q3-T014,6196.237335977546,-3.6468643329995416,下降
Q3-T014,6209.210570027025,-3.6441975540626004,下降
Q3-T014,6209.210570027025,-3.6441975540626004,物资投送
Q3-T014,6219.210570027025,-3.6441975540626004,物资投送
Q3-T014,6229.210570027025,-3.6441975540626004,物资投送
Q3-T014,6239.210570027025,-3.6441975540626004,物资投送
Q3-T014,6249.210570027025,-3.6441975540626004,物资投送
Q3-T014,6259.210570027025,-3.6441975540626004,物资投送
Q3-T014,6269.210570027025,-3.6441975540626004,物资投送
Q3-T014,6279.210570027025,-3.6441975540626004,物资投送
Q3-T014,6289.210570027025,-3.6441975540626004,物资投送
Q3-T014,6299.210570027025,-3.6441975540626004,物资投送
Q3-T014,6309.210570027025,-3.6441975540626004,物资投送
Q3-T014,6319.210570027025,-3.6441975540626004,物资投送
Q3-T014,6329.210570027025,-3.6441975540626004,物资投送
Q3-T014,6339.210570027025,-3.6441975540626004,物资投送
Q3-T014,6349.210570027025,-3.6441975540626004,物资投送
Q3-T014,6359.210570027025,-3.6441975540626004,物资投送
Q3-T014,6369.210570027025,-3.6441975540626004,物资投送
Q3-T014,6379.210570027025,-3.6441975540626004,物资投送
Q3-T014,6389.210570027025,-3.6441975540626004,物资投送
Q3-T014,6399.210570027025,-3.6441975540626004,物资投送
Q3-T014,6409.210570027025,-3.6441975540626004,物资投送
Q3-T014,6419.210570027025,-3.6441975540626004,物资投送
Q3-T014,6429.210570027025,-3.6441975540626004,物资投送
Q3-T014,6439.210570027025,-3.6441975540626004,物资投送
Q3-T014,6449.210570027025,-3.6441975540626004,物资投送
Q3-T014,6449.210570027025,-3.6441975540626004,爬升
Q3-T014,6460.021598401591,-3.6468643329995416,爬升
Q3-T014,6470.832626776157,-3.6497813867803472,爬升
Q3-T014,6481.643655150723,-3.6529482103014885,爬升
Q3-T014,6481.643655150723,-3.6529482103014885,巡航
Q3-T014,6491.659929971091,-3.434158130953108,巡航
Q3-T014,6501.676204791458,-3.209744594656769,巡航
Q3-T014,6511.692479611826,-2.9794125926195676,巡航
Q3-T014,6521.708754432193,-2.742843423824297,巡航
Q3-T014,6531.72502925256,-2.4996921060461688,巡航
Q3-T014,6541.741304072927,-2.2495844260716638,巡航
Q3-T014,6551.7575788932945,-1.992113567594501,巡航
Q3-T014,6561.773853713662,-1.726836242791876,巡航
Q3-T014,6571.7901285340295,-1.4532682381765198,巡航
Q3-T014,6581.806403354397,-1.1708792661799805,巡航
Q3-T014,6591.822678174764,-0.8790869900256979,巡航
Q3-T014,6601.838952995131,-0.5772500594440686,巡航
Q3-T014,6611.855227815498,-0.26465995689163435,巡航
Q3-T014,6621.871502635866,0.05946859418996553,巡航
Q3-T014,6631.887777456233,0.3960089690387605,巡航
Q3-T014,6641.904052276601,0.745936118184872,巡航
Q3-T014,6651.920327096968,1.1103426723009875,巡航
Q3-T014,6661.936601917336,1.4904582996557565,巡航
Q3-T014,6671.952876737703,11.887673114702807,巡航
Q3-T014,6681.969151558071,12.30356616548454,巡航
Q3-T014,6691.985426378437,12.739940330315846,巡航
Q3-T014,6702.001701198805,13.198865355402774,巡航
Q3-T014,6712.017976019172,13.682731296658531,巡航
Q3-T014,6722.03425083954,14.194315330197242,巡航
Q3-T014,6732.050525659907,14.736865809121298,巡航
Q3-T014,6742.066800480275,15.314208599534766,巡航
Q3-T014,6752.083075300642,15.930882100186224,巡航
Q3-T014,6762.099350121009,16.59230873655713,巡航
Q3-T014,6772.115624941376,17.30501143431104,巡航
Q3-T014,6782.131899761744,18.076881634346293,巡航
Q3-T014,6792.148174582111,18.917495386426936,巡航
Q3-T014,6802.164449402479,19.838441291098164,巡航
Q3-T014,6812.180724222846,20.853528608527427,巡航
Q3-T014,6822.1969990432135,21.978475066515074,巡航
Q3-T014,6832.213273863581,23.228921777568075,巡航
Q3-T014,6842.229548683948,24.613538261341276,巡航
Q3-T014,6852.245823504315,26.113562403954774,巡航
Q3-T014,6862.2620983246825,27.629671374663346,巡航
Q3-T014,6872.27837314505,28.882951869037115,巡航
Q3-T014,6882.294647965417,29.396424967151802,巡航
Q3-T014,6882.294647965417,29.396424967151802,下降
Q3-T014,6892.744042209443,29.94864253733006,下降
Q3-T014,6903.193436453469,30.538366094928435,下降
Q3-T014,6913.642830697495,31.171064026960323,下降
Q3-T014,6924.092224941521,31.853495362605514,下降
Q3-T014,6934.541619185546,32.594150876149996,下降
Q3-T014,6944.9910134295715,33.40390038881823,下降
Q3-T014,6955.440407673597,34.29697397878671,下降
Q3-T014,6965.889801917623,35.292507821728435,下降
Q3-T014,6976.339196161649,36.41709587576146,下降
Q3-T014,6986.788590405675,37.70925193142257,下降
Q3-T014,6997.237984649701,39.227805617872306,下降
Q3-T014,7007.687378893726,41.06930403510978,下降
Q3-T014,7018.136773137751,43.40926367531132,下降
Q3-T014,7028.586167381777,46.621913320104014,下降
Q3-T014,7039.035561625803,51.77599656566379,下降
Q3-T014,7049.484955869829,66.20580113364713,下降
Q3-T014,7059.934350113855,45.92517525248826,下降
Q3-T015,5867.439194949489,45.92517525248826,爬升
Q3-T015,5878.26076159988,64.977168721718,爬升
Q3-T015,5889.082328250271,51.2886925434418,爬升
Q3-T015,5899.903894900661,46.21617711838644,爬升
Q3-T015,5910.725461551052,43.034860771067926,爬升
Q3-T015,5921.547028201443,40.711480714857345,爬升
Q3-T015,5932.368594851833,38.880242874316565,爬升
Q3-T015,5943.190161502223,37.368665085376264,爬升
Q3-T015,5954.0117281526145,36.081559889107524,爬升
Q3-T015,5964.833294803006,34.96079787941095,爬升
Q3-T015,5975.654861453396,33.968262608738186,爬升
Q3-T015,5975.654861453396,33.968262608738186,巡航
Q3-T015,5985.739412625012,32.61840197859283,巡航
Q3-T015,5995.823963796629,30.062165754159793,巡航
Q3-T015,6005.908514968245,27.65295832688122,巡航
Q3-T015,6015.993066139861,25.622383865549423,巡航
Q3-T015,6026.077617311477,23.919254838292446,巡航
Q3-T015,6036.162168483094,22.468864952070618,巡航
Q3-T015,6046.24671965471,21.212286665306365,巡航
Q3-T015,6056.3312708263265,20.106749027155175,巡航
Q3-T015,6066.415821997943,19.121323598991083,巡航
Q3-T015,6076.50037316956,18.233288126860145,巡航
Q3-T015,6086.584924341176,17.425605494354272,巡航
Q3-T015,6096.669475512792,16.685239001655802,巡航
Q3-T015,6106.754026684408,16.00202329841818,巡航
Q3-T015,6116.838577856025,15.36789598179709,巡航
Q3-T015,6126.923129027641,14.776364544738541,巡航
Q3-T015,6137.007680199257,14.222129253759107,巡航
Q3-T015,6147.092231370873,13.700811258644393,巡航
Q3-T015,6157.17678254249,13.208753081457672,巡航
Q3-T015,6167.2613337141065,12.742869814380867,巡航
Q3-T015,6177.345884885723,12.300536467768723,巡航
Q3-T015,6187.430436057339,11.879501511188607,巡航
Q3-T015,6197.514987228956,11.477819680343856,巡航
Q3-T015,6207.599538400572,11.093799153038802,巡航
Q3-T015,6217.684089572188,10.72595958041731,巡航
Q3-T015,6227.768640743804,10.372998416805842,巡航
Q3-T015,6237.853191915421,10.033763663651825,巡航
Q3-T015,6247.937743087037,9.707231621672094,巡航
Q3-T015,6258.022294258653,9.392488590572157,巡航
Q3-T015,6268.1068454302695,9.088715707763399,巡航
Q3-T015,6278.1913966018865,8.79517630363243,巡航
Q3-T015,6288.275947773503,8.51120528981896,巡航
Q3-T015,6298.360498945119,8.236200201648657,巡航
Q3-T015,6308.445050116735,7.969613595513124,巡航
Q3-T015,6318.529601288352,7.710946563110724,巡航
Q3-T015,6328.614152459968,7.459743171758447,巡航
Q3-T015,6338.698703631584,7.215585676865231,巡航
Q3-T015,6348.7832548032,-3.0219096183699747,巡航
Q3-T015,6358.867805974817,-3.2530959580578553,巡航
Q3-T015,6368.952357146433,-3.4782992672927833,巡航
Q3-T015,6379.036908318049,-3.6978208935630903,巡航
Q3-T015,6389.121459489666,-3.9119400132800024,巡航
Q3-T015,6399.206010661283,-4.120915751265031,巡航
Q3-T015,6409.290561832899,-4.324989053259856,巡航
Q3-T015,6419.375113004515,-4.52438434515679,巡航
Q3-T015,6429.459664176131,-4.719311007411221,巡航
Q3-T015,6439.544215347748,-4.909964688768284,巡航
Q3-T015,6449.628766519364,-5.096528479843187,巡航
Q3-T015,6459.71331769098,-5.279173964099456,巡航
Q3-T015,6469.797868862597,-5.458062161262063,巡航
Q3-T015,6479.882420034213,-5.63334437609646,巡航
Q3-T015,6489.966971205829,-5.805162963709037,巡航
Q3-T015,6489.966971205829,-5.805162963709037,下降
Q3-T015,6500.588169097065,-5.804419903649773,下降
Q3-T015,6511.2093669883,-5.803742523544543,下降
Q3-T015,6521.830564879536,-5.8031308541496145,下降
Q3-T015,6532.451762770771,-5.802584923247281,下降
Q3-T015,6543.072960662006,-5.8021047556416505,下降
Q3-T015,6553.694158553242,-5.801690373154969,下降
Q3-T015,6564.315356444477,-5.80134179462425,下降
Q3-T015,6574.936554335713,-5.801059035898405,下降
Q3-T015,6574.936554335713,-5.801059035898405,物资投送
Q3-T015,6585.090400489558,-5.801059035898405,物资投送
Q3-T015,6595.244246643405,-5.801059035898405,物资投送
Q3-T015,6605.398092797251,-5.801059035898405,物资投送
Q3-T015,6615.551938951097,-5.801059035898405,物资投送
Q3-T015,6625.705785104943,-5.801059035898405,物资投送
Q3-T015,6635.85963125879,-5.801059035898405,物资投送
Q3-T015,6646.013477412635,-5.801059035898405,物资投送
Q3-T015,6656.167323566482,-5.801059035898405,物资投送
Q3-T015,6666.321169720328,-5.801059035898405,物资投送
Q3-T015,6676.4750158741745,-5.801059035898405,物资投送
Q3-T015,6686.62886202802,-5.801059035898405,物资投送
Q3-T015,6696.782708181867,-5.801059035898405,物资投送
Q3-T015,6706.936554335713,-5.801059035898405,物资投送
Q3-T015,6717.090400489558,-5.801059035898405,物资投送
Q3-T015,6727.244246643405,-5.801059035898405,物资投送
Q3-T015,6737.398092797251,-5.801059035898405,物资投送
Q3-T015,6747.551938951097,-5.801059035898405,物资投送
Q3-T015,6757.705785104943,-5.801059035898405,物资投送
Q3-T015,6767.85963125879,-5.801059035898405,物资投送
Q3-T015,6778.013477412635,-5.801059035898405,物资投送
Q3-T015,6788.167323566482,-5.801059035898405,物资投送
Q3-T015,6798.321169720328,-5.801059035898405,物资投送
Q3-T015,6808.4750158741745,-5.801059035898405,物资投送
Q3-T015,6818.62886202802,-5.801059035898405,物资投送
Q3-T015,6828.782708181867,-5.801059035898405,物资投送
Q3-T015,6838.936554335713,-5.801059035898405,物资投送
Q3-T015,6849.090400489558,-5.801059035898405,物资投送
Q3-T015,6859.244246643405,-5.801059035898405,物资投送
Q3-T015,6869.398092797251,-5.801059035898405,物资投送
Q3-T015,6879.551938951097,-5.801059035898405,物资投送
Q3-T015,6889.705785104943,-5.801059035898405,物资投送
Q3-T015,6899.85963125879,-5.801059035898405,物资投送
Q3-T015,6910.013477412635,-5.801059035898405,物资投送
Q3-T015,6920.167323566482,-5.801059035898405,物资投送
Q3-T015,6930.321169720328,-5.801059035898405,物资投送
Q3-T015,6940.4750158741745,-5.801059035898405,物资投送
Q3-T015,6950.62886202802,-5.801059035898405,物资投送
Q3-T015,6960.782708181867,-5.801059035898405,物资投送
Q3-T015,6970.936554335713,-5.801059035898405,物资投送
Q3-T015,6970.936554335713,-5.801059035898405,爬升
Q3-T015,6982.265832086364,-5.801450674877316,爬升
Q3-T015,6993.595109837014,-5.801959317696756,爬升
Q3-T015,7004.9243875876655,-5.802584923247281,爬升
Q3-T015,7016.253665338317,-5.80332744098169,爬升
Q3-T015,7027.582943088967,-5.804186810928712,爬升
Q3-T015,7038.912220839618,-5.805162963709037,爬升
Q3-T015,7038.912220839618,-5.805162963709037,巡航
Q3-T015,7048.9967720112345,-5.63334437609646,巡航
Q3-T015,7059.0813231828515,-5.458062161262035,巡航
Q3-T015,7069.165874354468,-5.279173964099456,巡航
Q3-T015,7079.250425526084,-5.096528479843187,巡航
Q3-T015,7089.3349766977,-4.909964688768284,巡航
Q3-T015,7099.419527869317,-4.719311007411221,巡航
Q3-T015,7109.504079040933,-4.52438434515679,巡航
Q3-T015,7119.588630212549,-4.324989053259856,巡航
Q3-T015,7129.673181384165,-4.120915751265031,巡航
Q3-T015,7139.757732555782,-3.911940013279988,巡航
Q3-T015,7149.842283727398,-3.6978208935630903,巡航
Q3-T015,7159.9268348990145,-3.4782992672927833,巡航
Q3-T015,7170.011386070631,-3.2530959580578553,巡航
Q3-T015,7180.095937242248,-3.0219096183699747,巡航
Q3-T015,7190.180488413864,7.215585676865231,巡航
Q3-T015,7200.26503958548,7.459743171758447,巡航
Q3-T015,7210.349590757096,7.710946563110724,巡航
Q3-T015,7220.434141928713,7.969613595513124,巡航
Q3-T015,7230.518693100329,8.236200201648657,巡航
Q3-T015,7240.603244271945,8.51120528981896,巡航
Q3-T015,7250.687795443561,8.79517630363243,巡航
Q3-T015,7260.772346615178,9.088715707763399,巡航
Q3-T015,7270.856897786794,9.392488590572157,巡航
Q3-T015,7280.941448958411,9.707231621672094,巡航
Q3-T015,7291.026000130027,10.033763663651825,巡航
Q3-T015,7301.110551301644,10.372998416805842,巡航
Q3-T015,7311.19510247326,10.72595958041731,巡航
Q3-T015,7321.279653644876,11.093799153038802,巡航
Q3-T015,7331.364204816492,11.477819680343856,巡航
Q3-T015,7341.448755988109,11.879501511188607,巡航
Q3-T015,7351.533307159725,12.300536467768723,巡航
Q3-T015,7361.617858331341,12.742869814380867,巡航
Q3-T015,7371.702409502957,13.208753081457658,巡航
Q3-T015,7381.786960674574,13.700811258644393,巡航
Q3-T015,7391.8715118461905,14.222129253759107,巡航
Q3-T015,7401.956063017807,14.776364544738541,巡航
Q3-T015,7412.040614189423,15.36789598179709,巡航
Q3-T015,7422.12516536104,16.00202329841818,巡航
Q3-T015,7432.209716532656,16.685239001655802,巡航
Q3-T015,7442.294267704272,17.425605494354272,巡航
Q3-T015,7452.378818875888,18.233288126860145,巡航
Q3-T015,7462.463370047505,19.121323598991083,巡航
Q3-T015,7472.547921219121,20.106749027155175,巡航
Q3-T015,7482.632472390737,21.21228666530638,巡航
Q3-T015,7492.717023562354,22.468864952070746,巡航
Q3-T015,7502.8015747339705,23.919254838292446,巡航
Q3-T015,7512.886125905587,25.622383865549423,巡航
Q3-T015,7522.970677077203,27.652958326881205,巡航
Q3-T015,7533.05522824882,30.06216575416002,巡航
Q3-T015,7543.139779420436,32.618401978592814,巡航
Q3-T015,7553.224330592052,33.968262608738186,巡航
Q3-T015,7553.224330592052,33.968262608738186,下降
Q3-T015,7563.629683140504,34.72147909641052,下降
Q3-T015,7574.035035688957,35.546268114964136,下降
Q3-T015,7584.440388237409,36.45767366841699,下降
Q3-T015,7594.845740785862,37.47604606378181,下降
Q3-T015,7605.251093334315,38.62987406277972,下降
Q3-T015,7615.656445882767,39.96080173328801,下降
Q3-T015,7626.061798431219,41.53322767267343,下降
Q3-T015,7636.467150979672,43.45465648750607,下降
Q3-T015,7646.872503528124,45.92555057450889,下降
Q3-T015,7657.277856076577,49.391881517856575,下降
Q3-T015,7667.68320862503,55.2480948429714,下降
Q3-T015,7678.088561173482,83.76851709704299,下降
Q3-T015,7688.493913721934,45.92517525248826,下降
Q3-T016,6164.98589033812,45.92517525248826,爬升
Q3-T016,6176.021151161688,59.596516060246024,爬升
Q3-T016,6187.056411985255,48.650761645249275,爬升
Q3-T016,6198.091672808823,43.958411530026,爬升
Q3-T016,6209.12693363239,40.92866172632843,爬升
Q3-T016,6220.162194455958,38.686789494765065,爬升
Q3-T016,6220.162194455958,38.686789494765065,巡航
Q3-T016,6230.171498748273,35.538918688487996,巡航
Q3-T016,6240.180803040586,31.479020403872497,巡航
Q3-T016,6250.190107332901,28.442215904915557,巡航
Q3-T016,6260.199411625214,26.1268598974478,巡航
Q3-T016,6270.208715917529,24.276251973178063,巡航
Q3-T016,6280.2180202098425,22.74095908977783,巡航
Q3-T016,6290.227324502157,21.431428078393736,巡航
Q3-T016,6300.236628794471,20.290781070918257,巡航
Q3-T016,6310.245933086785,19.28093772479923,巡航
Q3-T016,6320.255237379099,18.375259576472203,巡航
Q3-T016,6330.264541671413,17.554427152791234,巡航
Q3-T016,6340.273845963727,16.804003804332012,巡航
Q3-T016,6350.283150256041,6.112928140452269,巡航
Q3-T016,6360.292454548355,5.472543278977511,巡航
Q3-T016,6370.301758840669,4.8759500256817745,巡航
Q3-T016,6380.311063132983,4.317562970053061,巡航
Q3-T016,6390.320367425297,3.792797908073794,巡航
Q3-T016,6400.329671717611,3.297846725817209,巡航
Q3-T016,6410.338976009925,2.8295120173755492,巡航
Q3-T016,6420.34828030224,2.3850834229376403,巡航
Q3-T016,6430.357584594553,1.9622436923898192,巡航
Q3-T016,6440.366888886868,1.5589963105352211,巡航
Q3-T016,6450.376193179181,1.173609016402267,巡航
Q3-T016,6460.385497471496,0.804569211192657,巡航
Q3-T016,6470.3948017638095,0.450548377755311,巡航
Q3-T016,6480.404106056124,0.1103734141410655,巡航
Q3-T016,6490.4134103484375,-0.21699666867228018,巡航
Q3-T016,6500.422714640752,-0.5324898445386168,巡航
Q3-T016,6510.432018933066,-0.8369368430529818,巡航
Q3-T016,6520.44132322538,-1.1310842649454997,巡航
Q3-T016,6530.450627517694,-1.415605560538225,巡航
Q3-T016,6540.459931810008,-1.691110275526725,巡航
Q3-T016,6550.469236102322,-1.958151881925744,巡航
Q3-T016,6560.478540394636,-2.217234446069284,巡航
Q3-T016,6570.48784468695,-2.4688183347817017,巡航
Q3-T016,6580.497148979264,-2.7133251214248446,巡航
Q3-T016,6590.506453271578,-2.9511418226937565,巡航
Q3-T016,6600.515757563892,-3.182624572738618,巡航
Q3-T016,6600.515757563892,-3.182624572738618,下降
Q3-T016,6613.161540034595,-3.1815307994452553,下降
Q3-T016,6625.8073225052985,-3.1807034065250974,下降
Q3-T016,6625.8073225052985,-3.1807034065250974,物资投送
Q3-T016,6635.8073225052985,-3.1807034065250974,物资投送
Q3-T016,6645.8073225052985,-3.1807034065250974,物资投送
Q3-T016,6655.8073225052985,-3.1807034065250974,物资投送
Q3-T016,6665.8073225052985,-3.1807034065250974,物资投送
Q3-T016,6675.8073225052985,-3.1807034065250974,物资投送
Q3-T016,6685.8073225052985,-3.1807034065250974,物资投送
Q3-T016,6695.8073225052985,-3.1807034065250974,物资投送
Q3-T016,6705.8073225052985,-3.1807034065250974,物资投送
Q3-T016,6715.8073225052985,-3.1807034065250974,物资投送
Q3-T016,6725.8073225052985,-3.1807034065250974,物资投送
Q3-T016,6735.8073225052985,-3.1807034065250974,物资投送
Q3-T016,6745.8073225052985,-3.1807034065250974,物资投送
Q3-T016,6755.8073225052985,-3.1807034065250974,物资投送
Q3-T016,6765.8073225052985,-3.1807034065250974,物资投送
Q3-T016,6775.8073225052985,-3.1807034065250974,物资投送
Q3-T016,6785.8073225052985,-3.1807034065250974,物资投送
Q3-T016,6795.8073225052985,-3.1807034065250974,物资投送
Q3-T016,6805.8073225052985,-3.1807034065250974,物资投送
Q3-T016,6815.8073225052985,-3.1807034065250974,物资投送
Q3-T016,6825.8073225052985,-3.1807034065250974,物资投送
Q3-T016,6835.8073225052985,-3.1807034065250974,物资投送
Q3-T016,6845.8073225052985,-3.1807034065250974,物资投送
Q3-T016,6855.8073225052985,-3.1807034065250974,物资投送
Q3-T016,6865.8073225052985,-3.1807034065250974,物资投送
Q3-T016,6865.8073225052985,-3.1807034065250974,爬升
Q3-T016,6876.3454745642175,-3.1815307994452553,爬升
Q3-T016,6886.883626623137,-3.182624572738618,爬升
Q3-T016,6886.883626623137,-3.182624572738618,巡航
Q3-T016,6896.892930915452,-2.9511418226937565,巡航
Q3-T016,6906.902235207765,-2.7133251214248446,巡航
Q3-T016,6916.91153950008,-2.4688183347817017,巡航
Q3-T016,6926.9208437923935,-2.217234446069284,巡航
Q3-T016,6936.930148084708,-1.958151881925744,巡航
Q3-T016,6946.939452377022,-1.691110275526725,巡航
Q3-T016,6956.948756669336,-1.415605560538225,巡航
Q3-T016,6966.95806096165,-1.1310842649454997,巡航
Q3-T016,6976.967365253964,-0.8369368430529818,巡航
Q3-T016,6986.976669546278,-0.5324898445386168,巡航
Q3-T016,6996.985973838592,-0.21699666867228018,巡航
Q3-T016,7006.995278130906,0.1103734141410655,巡航
Q3-T016,7017.00458242322,0.450548377755311,巡航
Q3-T016,7027.013886715534,0.804569211192657,巡航
Q3-T016,7037.023191007848,1.173609016402267,巡航
Q3-T016,7047.032495300162,1.5589963105352211,巡航
Q3-T016,7057.041799592476,1.9622436923898192,巡航
Q3-T016,7067.05110388479,2.3850834229376403,巡航
Q3-T016,7077.060408177104,2.8295120173755492,巡航
Q3-T016,7087.069712469418,3.297846725817166,巡航
Q3-T016,7097.079016761732,3.792797908073794,巡航
Q3-T016,7107.088321054047,4.317562970053061,巡航
Q3-T016,7117.0976253463605,4.8759500256817745,巡航
Q3-T016,7127.106929638675,5.472543278977511,巡航
Q3-T016,7137.1162339309885,6.112928140452269,巡航
Q3-T016,7147.125538223303,16.804003804332012,巡航
Q3-T016,7157.134842515617,17.554427152791234,巡航
Q3-T016,7167.144146807931,18.375259576472203,巡航
Q3-T016,7177.153451100245,19.28093772479923,巡航
Q3-T016,7187.162755392559,20.290781070918257,巡航
Q3-T016,7197.172059684873,21.431428078393736,巡航
Q3-T016,7207.181363977187,22.74095908977783,巡航
Q3-T016,7217.190668269501,24.276251973178063,巡航
Q3-T016,7227.199972561815,26.1268598974478,巡航
Q3-T016,7237.209276854129,28.442215904915557,巡航
Q3-T016,7247.218581146443,31.47902040387251,巡航
Q3-T016,7257.227885438757,35.53891868848801,巡航
Q3-T016,7267.237189731071,38.686789494765065,巡航
Q3-T016,7267.237189731071,38.686789494765065,下降
Q3-T016,7278.272450554639,40.51249670393854,下降
Q3-T016,7289.3077113782065,42.82696128604411,下降
Q3-T016,7300.3429722017745,45.991499761200515,下降
Q3-T016,7311.3782330253425,51.02077101907966,下降
Q3-T016,7322.41349384891,64.34305466321658,下降
Q3-T016,7333.448754672478,45.92517525248826,下降
Q3-T017,7419.934350113863,45.92517525248826,爬升
Q3-T017,7430.270162927758,61.112049858219024,爬升
Q3-T017,7440.605975741653,49.47771326049792,爬升
Q3-T017,7450.941788555549,44.67666318485098,爬升
Q3-T017,7461.277601369443,41.60262375505661,爬升
Q3-T017,7471.613414183338,39.33670718159725,爬升
Q3-T017,7481.949226997233,37.541278436303585,爬升
Q3-T017,7492.285039811129,36.0541551774287,爬升
Q3-T017,7502.620852625024,34.784811522125366,爬升
Q3-T017,7512.956665438919,33.67753505706102,爬升
Q3-T017,7523.292478252814,32.695587580241394,爬升
Q3-T017,7533.628291066709,31.813460767653964,爬升
Q3-T017,7543.964103880604,31.012719579398436,爬升
Q3-T017,7554.299916694499,30.27960695200305,爬升
Q3-T017,7564.635729508394,29.603583756332725,爬升
Q3-T017,7564.635729508394,29.603583756332725,巡航
Q3-T017,7574.724378074736,29.05919405903549,巡航
Q3-T017,7584.813026641077,27.7448145556738,巡航
Q3-T017,7594.901675207419,26.17558852357979,巡航
Q3-T017,7604.990323773761,24.63881442483317,巡航
Q3-T017,7615.078972340102,23.230049281041573,巡航
Q3-T017,7625.167620906444,21.963587493394385,巡航
Q3-T017,7635.256269472786,20.827721760892402,巡航
Q3-T017,7645.344918039127,19.804953609695048,巡航
Q3-T017,7655.4335666054685,18.878442253315043,巡航
Q3-T017,7665.52221517181,18.033686942780193,巡航
Q3-T017,7675.610863738152,17.258661619946324,巡航
Q3-T017,7685.6995123044935,16.5435054163829,巡航
Q3-T017,7695.788160870835,15.880136255397844,巡航
Q3-T017,7705.876809437177,15.261900308715667,巡航
Q3-T017,7715.9654580035185,14.683283147567224,巡航
Q3-T017,7726.05410656986,14.139680334106274,巡航
Q3-T017,7736.142755136201,13.6272176907095,巡航
Q3-T017,7746.231403702543,13.142610909823162,巡航
Q3-T017,7756.320052268885,12.683055638536757,巡航
Q3-T017,7766.408700835226,12.246140987439318,巡航
Q3-T017,7776.497349401568,11.829781033488587,巡航
Q3-T017,7786.58599796791,11.432160189503364,巡航
Q3-T017,7796.674646534251,11.051689315542475,巡航
Q3-T017,7806.763295100593,10.686970204107098,巡航
Q3-T017,7816.851943666934,10.336766637752689,巡航
Q3-T017,7826.940592233275,-1.9358561573312727e-05,巡航
Q3-T017,7837.029240799618,-0.32436713050313415,巡航
Q3-T017,7847.117889365959,-0.6371536939185631,巡航
Q3-T017,7857.2065379323,-0.9391673612445004,巡航
Q3-T017,7867.295186498643,-1.2311191974881837,巡航
Q3-T017,7877.383835064984,-1.5136527030663132,巡航
Q3-T017,7887.472483631325,-1.7873520395093863,巡航
Q3-T017,7897.561132197667,-2.0527490509620776,巡航
Q3-T017,7907.649780764008,-2.310329285149521,巡航
Q3-T017,7917.73842933035,-2.560537178764932,巡航
Q3-T017,7927.827077896692,-2.803780541624505,巡航
Q3-T017,7937.915726463033,-3.040434449590535,巡航
Q3-T017,7948.004375029375,-3.270844636791452,巡航
Q3-T017,7958.093023595717,-3.4953304620073595,巡航
Q3-T017,7968.181672162058,-3.7141875114292446,巡航
Q3-T017,7978.270320728399,-3.9276898897112744,巡航
Q3-T017,7988.358969294741,-4.136092242836909,巡航
Q3-T017,7998.447617861083,-4.339631549427537,巡航
Q3-T017,8008.536266427424,-4.538528711444755,巡航
Q3-T017,8018.624914993766,-4.732989970538441,巡航
Q3-T017,8028.713563560108,-4.923208172387177,巡航
Q3-T017,8038.802212126449,-5.10936389812052,巡航
Q3-T017,8048.890860692791,-5.29162647918389,巡航
Q3-T017,8048.890860692791,-5.29162647918389,下降
Q3-T017,8060.05606760197,-5.289793351025963,下降
Q3-T017,8071.22127451115,-5.288087401066406,下降
Q3-T017,8082.38648142033,-5.286508779525121,下降
Q3-T017,8093.5516883295095,-5.285057625532701,下降
Q3-T017,8104.716895238689,-5.283734067089682,下降
Q3-T017,8115.882102147869,-5.2825382210289575,下降
Q3-T017,8127.047309057049,-5.2814701929815016,下降
Q3-T017,8138.212515966228,-5.280530077345318,下降
Q3-T017,8138.212515966228,-5.280530077345318,物资投送
Q3-T017,8148.212515966228,-5.280530077345318,物资投送
Q3-T017,8158.212515966228,-5.280530077345318,物资投送
Q3-T017,8168.212515966228,-5.280530077345318,物资投送
Q3-T017,8178.212515966228,-5.280530077345318,物资投送
Q3-T017,8188.212515966228,-5.280530077345318,物资投送
Q3-T017,8198.212515966228,-5.280530077345318,物资投送
Q3-T017,8208.212515966228,-5.280530077345318,物资投送
Q3-T017,8218.212515966228,-5.280530077345318,物资投送
Q3-T017,8228.212515966228,-5.280530077345318,物资投送
Q3-T017,8238.212515966228,-5.280530077345318,物资投送
Q3-T017,8248.212515966228,-5.280530077345318,物资投送
Q3-T017,8258.212515966228,-5.280530077345318,物资投送
Q3-T017,8268.212515966228,-5.280530077345318,物资投送
Q3-T017,8278.212515966228,-5.280530077345318,物资投送
Q3-T017,8288.212515966228,-5.280530077345318,物资投送
Q3-T017,8298.212515966228,-5.280530077345318,物资投送
Q3-T017,8308.212515966228,-5.280530077345318,物资投送
Q3-T017,8318.212515966228,-5.280530077345318,物资投送
Q3-T017,8328.212515966228,-5.280530077345318,物资投送
Q3-T017,8338.212515966228,-5.280530077345318,物资投送
Q3-T017,8348.212515966228,-5.280530077345318,物资投送
Q3-T017,8348.212515966228,-5.280530077345318,爬升
Q3-T017,8358.846046355924,-5.2816149391246086,爬升
Q3-T017,8369.479576745618,-5.282866853086759,爬升
Q3-T017,8380.113107135314,-5.284285674727698,爬升
Q3-T017,8390.746637525008,-5.285871240395238,爬升
Q3-T017,8401.380167914704,-5.287623367351955,爬升
Q3-T017,8412.013698304398,-5.289541853845094,爬升
Q3-T017,8422.647228694093,-5.29162647918389,爬升
Q3-T017,8422.647228694093,-5.29162647918389,巡航
Q3-T017,8432.735877260435,-5.10936389812052,巡航
Q3-T017,8442.824525826776,-4.923208172387177,巡航
Q3-T017,8452.913174393118,-4.732989970538455,巡航
Q3-T017,8463.00182295946,-4.538528711444741,巡航
Q3-T017,8473.090471525802,-4.339631549427509,巡航
Q3-T017,8483.179120092143,-4.136092242836909,巡航
Q3-T017,8493.267768658485,-3.9276898897112744,巡航
Q3-T017,8503.356417224826,-3.7141875114292446,巡航
Q3-T017,8513.445065791168,-3.4953304620073595,巡航
Q3-T017,8523.533714357509,-3.270844636791452,巡航
Q3-T017,8533.62236292385,-3.0404344495905633,巡航
Q3-T017,8543.711011490192,-2.8037805416245334,巡航
Q3-T017,8553.799660056535,-2.5605371787649176,巡航
Q3-T017,8563.888308622876,-2.310329285149521,巡航
Q3-T017,8573.976957189218,-2.0527490509620776,巡航
Q3-T017,8584.065605755559,-1.7873520395093863,巡航
Q3-T017,8594.1542543219,-1.5136527030663132,巡航
Q3-T017,8604.242902888242,-1.2311191974881837,巡航
Q3-T017,8614.331551454583,-0.9391673612445288,巡航
Q3-T017,8624.420200020926,-0.6371536939185347,巡航
Q3-T017,8634.508848587267,-0.3243671305031057,巡航
Q3-T017,8644.597497153609,-1.9358561573312727e-05,巡航
Q3-T017,8654.68614571995,10.336766637752689,巡航
Q3-T017,8664.774794286292,10.686970204107098,巡航
Q3-T017,8674.863442852633,11.051689315542475,巡航
Q3-T017,8684.952091418974,11.432160189503364,巡航
Q3-T017,8695.040739985316,11.829781033488544,巡航
Q3-T017,8705.129388551657,12.24614098743929,巡航
Q3-T017,8715.218037118,12.683055638536786,巡航
Q3-T017,8725.306685684342,13.142610909823162,巡航
Q3-T017,8735.395334250683,13.6272176907095,巡航
Q3-T017,8745.483982817024,14.139680334106274,巡航
Q3-T017,8755.572631383366,14.683283147567224,巡航
Q3-T017,8765.661279949707,15.261900308715667,巡航
Q3-T017,8775.749928516048,15.880136255397787,巡航
Q3-T017,8785.838577082392,16.543505416382956,巡航
Q3-T017,8795.927225648733,17.258661619946395,巡航
Q3-T017,8806.015874215074,18.03368694278018,巡航
Q3-T017,8816.104522781416,18.878442253315043,巡航
Q3-T017,8826.193171347757,19.804953609695048,巡航
Q3-T017,8836.281819914098,20.827721760892402,巡航
Q3-T017,8846.37046848044,21.963587493394385,巡航
Q3-T017,8856.459117046781,23.230049281041445,巡航
Q3-T017,8866.547765613122,24.638814424833043,巡航
Q3-T017,8876.636414179466,26.175588523579947,巡航
Q3-T017,8886.725062745807,27.7448145556738,巡航
Q3-T017,8896.813711312148,29.05919405903549,巡航
Q3-T017,8906.90235987849,29.603583756332725,巡航
Q3-T017,8906.90235987849,29.603583756332725,下降
Q3-T017,8917.116574894575,30.15642109938456,下降
Q3-T017,8927.330789910658,30.74685156480507,下降
Q3-T017,8937.545004926744,31.38036330469619,下降
Q3-T017,8947.759219942827,32.063741580122326,下降
Q3-T017,8957.973434958913,32.80551274443512,下降
Q3-T017,8968.187649974998,33.616596115594376,下降
Q3-T017,8978.401864991081,34.51129272916225,下降
Q3-T017,8988.616080007167,35.508844223921244,下降
Q3-T017,8998.83029502325,36.636008404314495,下降
Q3-T017,9009.044510039335,37.93156818025395,下降
Q3-T017,9019.258725055419,39.45482830208749,下降
Q3-T017,9029.472940071504,41.30326074924223,下降
Q3-T017,9039.68715508759,43.65445382975463,下降
Q3-T017,9049.901370103673,46.88843182224727,下降
Q3-T017,9060.115585119758,52.098649557754186,下降
Q3-T017,9070.329800135842,67.08257915862501,下降
Q3-T017,9080.544015151927,45.92517525248826,下降
Q3-T018,7632.791453016054,45.92517525248826,爬升
Q3-T018,7644.146360940162,63.47336288434795,爬升
Q3-T018,7655.501268864268,50.634830275512954,爬升
Q3-T018,7666.856176788376,45.66591245754961,爬升
Q3-T018,7678.211084712483,42.524984819691795,爬升
Q3-T018,7689.565992636591,40.22311141611313,爬升
Q3-T018,7700.920900560697,38.40523071898123,爬升
Q3-T018,7712.275808484805,36.90275487714975,爬升
Q3-T018,7712.275808484805,36.90275487714975,巡航
Q3-T018,7722.334081568834,34.56585627775152,巡航
Q3-T018,7732.392354652865,31.04709292006733,巡航
Q3-T018,7742.450627736895,28.20187532472457,巡航
Q3-T018,7752.508900820924,25.967228241842733,巡航
Q3-T018,7762.567173904954,24.1569408072001,巡航
Q3-T018,7772.625446988985,22.64441153502976,巡航
Q3-T018,7782.683720073014,21.348913492935466,巡航
Q3-T018,7792.741993157044,20.217501619259153,巡航
Q3-T018,7802.8002662410745,19.214048748166036,巡航
Q3-T018,7812.858539325104,18.31297141997908,巡航
Q3-T018,7822.916812409134,17.495559191962982,巡航
Q3-T018,7832.9750854931635,16.74774641420308,巡航
Q3-T018,7843.033358577194,16.058707933687003,巡航
Q3-T018,7853.091631661224,15.419942981442261,巡航
Q3-T018,7863.1499047452535,14.824658830349492,巡航
Q3-T018,7873.208177829284,14.267344672432998,巡航
Q3-T018,7883.266450913314,13.743469822587272,巡航
Q3-T018,7893.324723997343,13.249265360421333,巡航
Q3-T018,7903.382997081373,12.781563110264557,巡航
Q3-T018,7913.441270165404,12.33767486821985,巡航
Q3-T018,7923.499543249433,11.915300423450503,巡航
Q3-T018,7933.557816333463,11.512456537476496,巡航
Q3-T018,7943.616089417494,11.127421417496976,巡航
Q3-T018,7953.674362501523,10.758690807799837,巡航
Q3-T018,7963.732635585553,0.4049429063556005,巡航
Q3-T018,7973.790908669583,0.0650100649995835,巡航
Q3-T018,7983.849181753613,-0.26214423900077577,巡航
Q3-T018,7993.907454837643,-0.5774442937616158,巡航
Q3-T018,8003.965727921673,-0.8817177656111141,巡航
Q3-T018,8014.024001005703,-1.175708692515002,巡航
Q3-T018,8024.082274089733,-1.460088367552629,巡航
Q3-T018,8034.140547173763,-1.7354645100923705,巡航
Q3-T018,8044.198820257792,-2.002389037661601,巡航
Q3-T018,8054.257093341823,-2.261364686814673,巡航
Q3-T018,8064.3153664258525,-2.5128506814345712,巡航
Q3-T018,8064.3153664258525,-2.5128506814345712,下降
Q3-T018,8075.266273815176,-2.5117073362707316,下降
Q3-T018,8086.217181204498,-2.5107130152433967,下降
Q3-T018,8097.168088593821,-2.509867820795705,下降
Q3-T018,8108.1189959831445,-2.509171840049632,下降
Q3-T018,8119.069903372467,-2.508625144776005,下降
Q3-T018,8130.02081076179,-2.508227791369876,下降
Q3-T018,8130.02081076179,-2.508227791369876,物资投送
Q3-T018,8140.174656915636,-2.508227791369876,物资投送
Q3-T018,8150.328503069482,-2.508227791369876,物资投送
Q3-T018,8160.482349223328,-2.508227791369876,物资投送
Q3-T018,8170.636195377175,-2.508227791369876,物资投送
Q3-T018,8180.7900415310205,-2.508227791369876,物资投送
Q3-T018,8190.943887684867,-2.508227791369876,物资投送
Q3-T018,8201.097733838713,-2.508227791369876,物资投送
Q3-T018,8211.251579992559,-2.508227791369876,物资投送
Q3-T018,8221.405426146406,-2.508227791369876,物资投送
Q3-T018,8231.559272300252,-2.508227791369876,物资投送
Q3-T018,8241.713118454098,-2.508227791369876,物资投送
Q3-T018,8251.866964607943,-2.508227791369876,物资投送
Q3-T018,8262.020810761791,-2.508227791369876,物资投送
Q3-T018,8272.174656915637,-2.508227791369876,物资投送
Q3-T018,8282.328503069482,-2.508227791369876,物资投送
Q3-T018,8292.482349223328,-2.508227791369876,物资投送
Q3-T018,8302.636195377176,-2.508227791369876,物资投送
Q3-T018,8312.790041531021,-2.508227791369876,物资投送
Q3-T018,8322.943887684867,-2.508227791369876,物资投送
Q3-T018,8333.097733838713,-2.508227791369876,物资投送
Q3-T018,8343.25157999256,-2.508227791369876,物资投送
Q3-T018,8353.405426146406,-2.508227791369876,物资投送
Q3-T018,8363.559272300252,-2.508227791369876,物资投送
Q3-T018,8373.713118454098,-2.508227791369876,物资投送
Q3-T018,8383.866964607945,-2.508227791369876,物资投送
Q3-T018,8394.020810761791,-2.508227791369876,物资投送
Q3-T018,8404.174656915637,-2.508227791369876,物资投送
Q3-T018,8414.328503069482,-2.508227791369876,物资投送
Q3-T018,8424.48234922333,-2.508227791369876,物资投送
Q3-T018,8434.636195377176,-2.508227791369876,物资投送
Q3-T018,8444.790041531021,-2.508227791369876,物资投送
Q3-T018,8454.943887684867,-2.508227791369876,物资投送
Q3-T018,8465.097733838715,-2.508227791369876,物资投送
Q3-T018,8475.25157999256,-2.508227791369876,物资投送
Q3-T018,8485.405426146406,-2.508227791369876,物资投送
Q3-T018,8495.559272300252,-2.508227791369876,物资投送
Q3-T018,8505.7131184541,-2.508227791369876,物资投送
Q3-T018,8515.866964607945,-2.508227791369876,物资投送
Q3-T018,8526.020810761791,-2.508227791369876,物资投送
Q3-T018,8526.020810761791,-2.508227791369876,爬升
Q3-T018,8536.53368185554,-2.50872253806439,爬升
Q3-T018,8547.04655294929,-2.5094323217663543,爬升
Q3-T018,8557.559424043042,-2.510357037052387,爬升
Q3-T018,8568.072295136792,-2.5114965466358115,爬升
Q3-T018,8578.585166230541,-2.5128506814345712,爬升
Q3-T018,8578.585166230541,-2.5128506814345712,巡航
Q3-T018,8588.643439314572,-2.261364686814659,巡航
Q3-T018,8598.7017123986,-2.0023890376616293,巡航
Q3-T018,8608.759985482631,-1.7354645100923847,巡航
Q3-T018,8618.818258566662,-1.4600883675526006,巡航
Q3-T018,8628.87653165069,-1.175708692515002,巡航
Q3-T018,8638.934804734721,-0.8817177656111141,巡航
Q3-T018,8648.993077818752,-0.5774442937616016,巡航
Q3-T018,8659.05135090278,-0.26214423900079,巡航
Q3-T018,8669.109623986811,0.0650100649995835,巡航
Q3-T018,8679.167897070842,0.4049429063556289,巡航
Q3-T018,8689.22617015487,10.758690807799823,巡航
Q3-T018,8699.284443238901,11.127421417497004,巡航
Q3-T018,8709.342716322932,11.512456537476524,巡航
Q3-T018,8719.40098940696,11.91530042345049,巡航
Q3-T018,8729.459262490991,12.337674868219864,巡航
Q3-T018,8739.517535575022,12.781563110264585,巡航
Q3-T018,8749.57580865905,13.249265360421305,巡航
Q3-T018,8759.634081743081,13.743469822587286,巡航
Q3-T018,8769.69235482711,14.26734467243297,巡航
Q3-T018,8779.75062791114,14.824658830349463,巡航
Q3-T018,8789.808900995171,15.419942981442276,巡航
Q3-T018,8799.8671740792,16.058707933686975,巡航
Q3-T018,8809.92544716323,16.747746414203036,巡航
Q3-T018,8819.98372024726,17.495559191962997,巡航
Q3-T018,8830.04199333129,18.31297141997902,巡航
Q3-T018,8840.10026641532,19.21404874816605,巡航
Q3-T018,8850.15853949935,20.21750161925918,巡航
Q3-T018,8860.21681258338,21.34891349293538,巡航
Q3-T018,8870.27508566741,22.644411535029775,巡航
Q3-T018,8880.33335875144,24.15694080720013,巡航
Q3-T018,8890.39163183547,25.967228241842577,巡航
Q3-T018,8900.4499049195,28.201875324724597,巡航
Q3-T018,8910.50817800353,31.047092920067627,巡航
Q3-T018,8920.56645108756,34.565856277751195,巡航
Q3-T018,8930.62472417159,36.90275487714975,巡航
Q3-T018,8930.62472417159,36.90275487714975,下降
Q3-T018,8941.664217986694,38.04817078586228,下降
Q3-T018,8952.703711801798,39.367913050220295,下降
Q3-T018,8963.743205616902,40.92473808602897,下降
Q3-T018,8974.782699432006,42.822892926751564,下降
Q3-T018,8985.822193247111,45.25533285950824,下降
Q3-T018,8996.861687062215,48.64598917791713,下降
Q3-T018,9007.90118087732,54.28456452214792,下降
Q3-T018,9018.940674692423,75.58873705925797,下降
Q3-T018,9029.980168507527,45.92517525248826,下降
Q3-T019,8221.374411687357,45.92517525248826,爬升
Q3-T019,8233.002940495951,62.79236348234468,爬升
Q3-T019,8244.631469304544,50.317559265993864,爬升
Q3-T019,8256.259998113139,45.39658471822287,爬升
Q3-T019,8267.888526921732,42.274576482716114,爬升
Q3-T019,8279.517055730326,39.982830377148545,爬升
Q3-T019,8279.517055730326,39.982830377148545,巡航
Q3-T019,8289.697134422044,36.03157488270074,巡航
Q3-T019,8299.87721311376,31.572112596570094,巡航
Q3-T019,8310.057291805477,28.412901429447302,巡航
Q3-T019,8320.237370497192,26.04854960433505,巡航
Q3-T019,8330.41744918891,24.174005093478456,巡航
Q3-T019,8340.597527880625,22.625353702602965,巡航
Q3-T019,8350.777606572343,21.307642764729508,巡航
Q3-T019,8360.957685264058,20.161635291538687,巡航
Q3-T019,8371.137763955776,19.148093167963722,巡航
Q3-T019,8381.317842647491,18.239757399421862,巡航
Q3-T019,8391.497921339209,7.4169522076315815,巡航
Q3-T019,8401.678000030926,6.6650247299130285,巡航
Q3-T019,8411.858078722642,5.972776294038539,巡航
Q3-T019,8422.03815741436,5.331459496636185,巡航
Q3-T019,8432.218236106075,4.734113515040946,巡航
Q3-T019,8442.398314797792,4.175109814090959,巡航
Q3-T019,8452.578393489508,3.6498332869356034,巡航
Q3-T019,8462.758472181225,3.1544532091375004,巡航
Q3-T019,8472.938550872941,2.68575532479818,巡航
Q3-T019,8483.118629564658,2.2410165102830177,巡航
Q3-T019,8483.118629564658,2.2410165102830177,下降
Q3-T019,8494.250705828086,2.24338146182572,下降
Q3-T019,8505.382782091514,2.245286383447066,下降
Q3-T019,8516.514858354942,2.246730669072946,下降
Q3-T019,8527.64693461837,2.24771385877267,下降
Q3-T019,8527.64693461837,2.24771385877267,物资投送
Q3-T019,8537.77193461837,2.24771385877267,物资投送
Q3-T019,8547.89693461837,2.24771385877267,物资投送
Q3-T019,8558.02193461837,2.24771385877267,物资投送
Q3-T019,8568.14693461837,2.24771385877267,物资投送
Q3-T019,8578.27193461837,2.24771385877267,物资投送
Q3-T019,8588.39693461837,2.24771385877267,物资投送
Q3-T019,8598.52193461837,2.24771385877267,物资投送
Q3-T019,8608.64693461837,2.24771385877267,物资投送
Q3-T019,8618.77193461837,2.24771385877267,物资投送
Q3-T019,8628.89693461837,2.24771385877267,物资投送
Q3-T019,8639.02193461837,2.24771385877267,物资投送
Q3-T019,8649.14693461837,2.24771385877267,物资投送
Q3-T019,8659.27193461837,2.24771385877267,物资投送
Q3-T019,8669.39693461837,2.24771385877267,物资投送
Q3-T019,8679.52193461837,2.24771385877267,物资投送
Q3-T019,8689.64693461837,2.24771385877267,物资投送
Q3-T019,8699.77193461837,2.24771385877267,物资投送
Q3-T019,8709.89693461837,2.24771385877267,物资投送
Q3-T019,8720.02193461837,2.24771385877267,物资投送
Q3-T019,8730.14693461837,2.24771385877267,物资投送
Q3-T019,8740.27193461837,2.24771385877267,物资投送
Q3-T019,8750.39693461837,2.24771385877267,物资投送
Q3-T019,8760.52193461837,2.24771385877267,物资投送
Q3-T019,8770.64693461837,2.24771385877267,物资投送
Q3-T019,8780.77193461837,2.24771385877267,物资投送
Q3-T019,8790.89693461837,2.24771385877267,物资投送
Q3-T019,8801.02193461837,2.24771385877267,物资投送
Q3-T019,8811.14693461837,2.24771385877267,物资投送
Q3-T019,8821.27193461837,2.24771385877267,物资投送
Q3-T019,8831.39693461837,2.24771385877267,物资投送
Q3-T019,8841.52193461837,2.24771385877267,物资投送
Q3-T019,8851.64693461837,2.24771385877267,物资投送
Q3-T019,8851.64693461837,2.24771385877267,爬升
Q3-T019,8863.521149299359,2.2463004537121236,爬升
Q3-T019,8875.39536398035,2.2440675830654726,爬升
Q3-T019,8887.269578661339,2.2410165102830177,爬升
Q3-T019,8887.269578661339,2.2410165102830177,巡航
Q3-T019,8897.449657353056,2.68575532479818,巡航
Q3-T019,8907.629736044772,3.1544532091375004,巡航
Q3-T019,8917.809814736489,3.6498332869356034,巡航
Q3-T019,8927.989893428205,4.175109814090959,巡航
Q3-T019,8938.169972119922,4.734113515040946,巡航
Q3-T019,8948.350050811638,5.331459496636185,巡航
Q3-T019,8958.530129503355,5.972776294038539,巡航
Q3-T019,8968.71020819507,6.6650247299130285,巡航
Q3-T019,8978.890286886788,7.4169522076315815,巡航
Q3-T019,8989.070365578504,18.23975739942172,巡航
Q3-T019,8999.250444270221,19.148093167963722,巡航
Q3-T019,9009.430522961939,20.161635291538687,巡航
Q3-T019,9019.610601653654,21.307642764729508,巡航
Q3-T019,9029.790680345372,22.625353702602965,巡航
Q3-T019,9039.970759037087,24.174005093478456,巡航
Q3-T019,9050.150837728805,26.04854960433505,巡航
Q3-T019,9060.33091642052,28.412901429447302,巡航
Q3-T019,9070.510995112238,31.572112596570094,巡航
Q3-T019,9080.691073803953,36.03157488270074,巡航
Q3-T019,9090.87115249567,39.982830377148545,巡航
Q3-T019,9090.87115249567,39.982830377148545,下降
Q3-T019,9101.253767503344,41.555857294015695,下降
Q3-T019,9111.636382511017,43.47818475439762,下降
Q3-T019,9122.01899751869,45.95056910912322,下降
Q3-T019,9132.401612526362,49.419852870081655,下降
Q3-T019,9142.784227534035,55.284708980206986,下降
Q3-T019,9153.166842541708,84.26993523705579,下降
Q3-T019,9163.549457549381,45.92517525248826,下降
Q3-T020,8372.007916420103,45.92517525248826,爬升
Q3-T020,8383.185366778176,59.3183100396445,爬升
Q3-T020,8394.362817136249,48.4918688742445,爬升
Q3-T020,8405.540267494322,43.8193918960519,爬升
Q3-T020,8416.717717852394,40.79782415668693,爬升
Q3-T020,8427.895168210467,38.56041462744295,爬升
Q3-T020,8427.895168210467,38.56041462744295,巡航
Q3-T020,8438.295562330362,35.30482621641903,巡航
Q3-T020,8448.69595645026,31.18463889491852,巡航
Q3-T020,8459.096350570155,28.128406128339492,巡航
Q3-T020,8469.49674469005,25.805143705435697,巡航
Q3-T020,8479.897138809945,23.950645885648,巡航
Q3-T020,8490.297532929842,22.413174316400145,巡航
Q3-T020,8500.697927049738,21.102306441364547,巡航
Q3-T020,8511.098321169633,19.960782217944114,巡航
Q3-T020,8521.49871528953,18.95033305547105,巡航
Q3-T020,8531.899109409425,18.04421935369747,巡航
Q3-T020,8542.29950352932,17.223063471834934,巡航
Q3-T020,8552.699897649216,6.472393421417422,巡航
Q3-T020,8563.100291769113,5.78112535406197,巡航
Q3-T020,8573.500685889008,5.140587569396928,巡航
Q3-T020,8583.901080008904,4.5438707794146325,巡航
Q3-T020,8594.301474128799,3.9853825075048093,巡航
Q3-T020,8604.701868248696,3.460533484419315,巡航
Q3-T020,8615.102262368591,2.9655118891521965,巡航
Q3-T020,8615.102262368591,2.9655118891521965,下降
Q3-T020,8626.203829751405,2.969592480102321,下降
Q3-T020,8637.305397134216,2.9728292701655903,下降
Q3-T020,8648.40696451703,2.9752203689650543,下降
Q3-T020,8648.40696451703,2.9752203689650543,物资投送
Q3-T020,8658.40696451703,2.9752203689650543,物资投送
Q3-T020,8668.40696451703,2.9752203689650543,物资投送
Q3-T020,8678.40696451703,2.9752203689650543,物资投送
Q3-T020,8688.40696451703,2.9752203689650543,物资投送
Q3-T020,8698.40696451703,2.9752203689650543,物资投送
Q3-T020,8708.40696451703,2.9752203689650543,物资投送
Q3-T020,8718.40696451703,2.9752203689650543,物资投送
Q3-T020,8728.40696451703,2.9752203689650543,物资投送
Q3-T020,8738.40696451703,2.9752203689650543,物资投送
Q3-T020,8748.40696451703,2.9752203689650543,物资投送
Q3-T020,8758.40696451703,2.9752203689650543,物资投送
Q3-T020,8768.40696451703,2.9752203689650543,物资投送
Q3-T020,8778.40696451703,2.9752203689650543,物资投送
Q3-T020,8788.40696451703,2.9752203689650543,物资投送
Q3-T020,8798.40696451703,2.9752203689650543,物资投送
Q3-T020,8808.40696451703,2.9752203689650543,物资投送
Q3-T020,8818.40696451703,2.9752203689650543,物资投送
Q3-T020,8828.40696451703,2.9752203689650543,物资投送
Q3-T020,8838.40696451703,2.9752203689650543,物资投送
Q3-T020,8848.40696451703,2.9752203689650543,物资投送
Q3-T020,8858.40696451703,2.9752203689650543,物资投送
Q3-T020,8868.40696451703,2.9752203689650543,物资投送
Q3-T020,8878.40696451703,2.9752203689650543,物资投送
Q3-T020,8888.40696451703,2.9752203689650543,物资投送
Q3-T020,8888.40696451703,2.9752203689650543,爬升
Q3-T020,8902.283923745545,2.9713164798813807,爬升
Q3-T020,8916.16088297406,2.9655118891521965,爬升
Q3-T020,8916.16088297406,2.9655118891521965,巡航
Q3-T020,8926.561277093955,3.460533484419315,巡航
Q3-T020,8936.961671213852,3.9853825075048093,巡航
Q3-T020,8947.362065333748,4.5438707794146325,巡航
Q3-T020,8957.762459453643,5.140587569396928,巡航
Q3-T020,8968.162853573538,5.78112535406197,巡航
Q3-T020,8978.563247693435,6.472393421417422,巡航
Q3-T020,8988.96364181333,17.223063471834934,巡航
Q3-T020,8999.364035933226,18.04421935369747,巡航
Q3-T020,9009.764430053121,18.95033305547105,巡航
Q3-T020,9020.164824173018,19.960782217944114,巡航
Q3-T020,9030.565218292913,21.102306441364547,巡航
Q3-T020,9040.965612412809,22.413174316400145,巡航
Q3-T020,9051.366006532706,23.950645885648,巡航
Q3-T020,9061.766400652601,25.805143705435697,巡航
Q3-T020,9072.166794772496,28.128406128339492,巡航
Q3-T020,9082.567188892392,31.18463889491852,巡航
Q3-T020,9092.967583012289,35.304826216419045,巡航
Q3-T020,9103.367977132184,38.56041462744295,巡航
Q3-T020,9103.367977132184,38.56041462744295,下降
Q3-T020,9114.545427490257,40.38257671316924,下降
Q3-T020,9125.72287784833,42.69133428513652,下降
Q3-T020,9136.900328206404,45.845158843874515,下降
Q3-T020,9148.077778564477,50.84697113032573,下降
Q3-T020,9159.25522892255,63.94539950809602,下降
Q3-T020,9170.432679280622,45.92517525248826,下降
