vehicle,box_ids,zones,nbox,mass,volume,energy,duration,prep_s,latest_start,soc,charge_s,candidate_id,route_id
A,['S001-MED-01'],['S001'],1,3.0,0.012,1.1678107636169994,1190.9069627433817,330.0,2751.423185294976,0.7404864969740002,837.3675539337997,K0e99c1b9be02b42e,K00094
B,['S001-MED-01'],['S001'],1,3.0,0.012,0.9378899520498649,1089.1061758262156,330.0,2802.3235787535586,0.7655275119875338,1073.0856458882747,Kf1913e7c68f8ebed,K00006
C,['S001-MED-01'],['S001'],1,3.0,0.012,1.9467529117121982,1164.175045862023,330.0,2747.7274770689883,0.7566558860359752,1360.5789135887203,K3dd66e629a5d1091,K00200
A,['S001-MED-02'],['S001'],1,3.0,0.012,1.1678107636169994,1190.9069627433817,330.0,2751.423185294976,0.7404864969740002,837.3675539337997,K8843f47fe8f9921b,K00095
B,['S001-MED-02'],['S001'],1,3.0,0.012,0.9378899520498649,1089.1061758262156,330.0,2802.3235787535586,0.7655275119875338,1073.0856458882747,Kc50de0b2af4c13b3,K00005
C,['S001-MED-02'],['S001'],1,3.0,0.012,1.9467529117121982,1164.175045862023,330.0,2747.7274770689883,0.7566558860359752,1360.5789135887203,K48487e3ae01bd93f,K00201
A,['S001-WAT-01'],['S001'],1,14.0,0.027,1.2195425893044773,1190.9069627433817,330.0,2751.423185294976,0.7289905357101161,852.3123035768491,Kb4037a5c7e0576d0,K00108
B,['S001-WAT-01'],['S001'],1,14.0,0.027,1.0069886056764816,1089.1061758262156,330.0,2802.3235787535586,0.7482528485808796,1103.028395793142,Ka41899886eb24870,K00034
C,['S001-WAT-01'],['S001'],1,14.0,0.027,1.987678196280053,1164.175045862023,330.0,2747.7274770689883,0.7515402254649934,1371.6628448258475,K616c0fd4131a9326,K00209
A,['S001-WAT-02'],['S001'],1,14.0,0.027,1.2195425893044773,1190.9069627433817,330.0,inf,0.7289905357101161,852.3123035768491,Kd7ab568e699bcd78,K00109
B,['S001-WAT-02'],['S001'],1,14.0,0.027,1.0069886056764816,1089.1061758262156,330.0,inf,0.7482528485808796,1103.028395793142,Ke6eee8854df1020b,K00039
C,['S001-WAT-02'],['S001'],1,14.0,0.027,1.987678196280053,1164.175045862023,330.0,inf,0.7515402254649934,1371.6628448258475,Kf0e40a2d7088e67a,K00216
A,['S001-WAT-03'],['S001'],1,14.0,0.027,1.2195425893044773,1190.9069627433817,330.0,inf,0.7289905357101161,852.3123035768491,K3188e746efd9fc6d,K00105
B,['S001-WAT-03'],['S001'],1,14.0,0.027,1.0069886056764816,1089.1061758262156,330.0,inf,0.7482528485808796,1103.028395793142,Kf388d2dcbf2fb78c,K00040
C,['S001-WAT-03'],['S001'],1,14.0,0.027,1.987678196280053,1164.175045862023,330.0,inf,0.7515402254649934,1371.6628448258475,Ka2eb81c4ac040a97,K00212
A,['S001-WAT-04'],['S001'],1,14.0,0.027,1.2195425893044773,1190.9069627433817,330.0,inf,0.7289905357101161,852.3123035768491,K30d69ac71ddf357c,K00104
B,['S001-WAT-04'],['S001'],1,14.0,0.027,1.0069886056764816,1089.1061758262156,330.0,inf,0.7482528485808796,1103.028395793142,K2f946089bb537d18,K00028
C,['S001-WAT-04'],['S001'],1,14.0,0.027,1.987678196280053,1164.175045862023,330.0,inf,0.7515402254649934,1371.6628448258475,Ka7997e139c45912f,K00213
A,['S001-WAT-05'],['S001'],1,14.0,0.027,1.2195425893044773,1190.9069627433817,330.0,inf,0.7289905357101161,852.3123035768491,K570bbc96f25c5864,K00107
B,['S001-WAT-05'],['S001'],1,14.0,0.027,1.0069886056764816,1089.1061758262156,330.0,inf,0.7482528485808796,1103.028395793142,K4910af3dd4d6feb1,K00030
C,['S001-WAT-05'],['S001'],1,14.0,0.027,1.987678196280053,1164.175045862023,330.0,inf,0.7515402254649934,1371.6628448258475,K698bc46f835e76c6,K00210
A,['S001-WAT-06'],['S001'],1,14.0,0.027,1.2195425893044773,1190.9069627433817,330.0,inf,0.7289905357101161,852.3123035768491,Kf1b5cf8a61f6f049,K00110
B,['S001-WAT-06'],['S001'],1,14.0,0.027,1.0069886056764816,1089.1061758262156,330.0,inf,0.7482528485808796,1103.028395793142,K874ea285503071a9,K00033
C,['S001-WAT-06'],['S001'],1,14.0,0.027,1.987678196280053,1164.175045862023,330.0,inf,0.7515402254649934,1371.6628448258475,Kd00b316250227656,K00214
A,['S001-WAT-07'],['S001'],1,14.0,0.027,1.2195425893044773,1190.9069627433817,330.0,inf,0.7289905357101161,852.3123035768491,Kf6f55b7e25723df0,K00111
B,['S001-WAT-07'],['S001'],1,14.0,0.027,1.0069886056764816,1089.1061758262156,330.0,inf,0.7482528485808796,1103.028395793142,Kb754ab899b685363,K00035
C,['S001-WAT-07'],['S001'],1,14.0,0.027,1.987678196280053,1164.175045862023,330.0,inf,0.7515402254649934,1371.6628448258475,Kec399183c7390067,K00215
A,['S001-WAT-08'],['S001'],1,14.0,0.027,1.2195425893044773,1190.9069627433817,330.0,inf,0.7289905357101161,852.3123035768491,K4d25eefccc289311,K00106
B,['S001-WAT-08'],['S001'],1,14.0,0.027,1.0069886056764816,1089.1061758262156,330.0,inf,0.7482528485808796,1103.028395793142,Kf6fbbcbd43c7eefc,K00042
C,['S001-WAT-08'],['S001'],1,14.0,0.027,1.987678196280053,1164.175045862023,330.0,inf,0.7515402254649934,1371.6628448258475,K8b8cb1bb34f2bfed,K00211
A,['S001-FOD-01'],['S001'],1,8.0,0.028,1.1866025428252251,1190.9069627433817,330.0,inf,0.7363105460388388,842.7962901495094,Kfe7b3d9d03041baf,K00103
B,['S001-FOD-01'],['S001'],1,8.0,0.028,0.9620098515901008,1089.1061758262156,330.0,inf,0.7594975371024748,1083.5376023557103,Kb3a0c40ec0058c11,K00012
C,['S001-FOD-01'],['S001'],1,8.0,0.028,1.962092775350843,1164.175045862023,330.0,inf,0.7547384030811446,1364.7334599908534,Kaae780cefaaa83a1,K00207
A,['S001-FOD-02'],['S001'],1,8.0,0.028,1.1866025428252251,1190.9069627433817,330.0,inf,0.7363105460388388,842.7962901495094,Ked3270206ad459c5,K00102
B,['S001-FOD-02'],['S001'],1,8.0,0.028,0.9620098515901008,1089.1061758262156,330.0,inf,0.7594975371024748,1083.5376023557103,K925c5bd6a5a9a113,K00010
C,['S001-FOD-02'],['S001'],1,8.0,0.028,1.962092775350843,1164.175045862023,330.0,inf,0.7547384030811446,1364.7334599908534,K502545ecdb060c89,K00206
A,['S001-FOD-03'],['S001'],1,8.0,0.028,1.1866025428252251,1190.9069627433817,330.0,inf,0.7363105460388388,842.7962901495094,K6da8ca09e9b15592,K00101
B,['S001-FOD-03'],['S001'],1,8.0,0.028,0.9620098515901008,1089.1061758262156,330.0,inf,0.7594975371024748,1083.5376023557103,Kacb367ff4cd7795e,K00011
C,['S001-FOD-03'],['S001'],1,8.0,0.028,1.962092775350843,1164.175045862023,330.0,inf,0.7547384030811446,1364.7334599908534,K2944f6e887865870,K00205
A,['S001-HYG-01'],['S001'],1,6.0,0.035,1.1780906469286394,1190.9069627433817,330.0,inf,0.7382020784603023,840.337298001607,K5e786b4b1d45e9a1,K00099
B,['S001-HYG-01'],['S001'],1,6.0,0.035,0.9509369839181343,1089.1061758262156,330.0,inf,0.7622657540204665,1078.7393596978582,K3d0326e7c33a9722,K00007
C,['S001-HYG-01'],['S001'],1,6.0,0.035,1.9552235563747287,1164.175045862023,330.0,inf,0.7555970554531589,1362.8730465181557,Kb179b010653d4ecf,K00203
A,['S001-HYG-02'],['S001'],1,6.0,0.035,1.1780906469286394,1190.9069627433817,330.0,inf,0.7382020784603023,840.337298001607,Ka076a2892a645eb6,K00100
B,['S001-HYG-02'],['S001'],1,6.0,0.035,0.9509369839181343,1089.1061758262156,330.0,inf,0.7622657540204665,1078.7393596978582,Kcc24f37dba6f9872,K00008
C,['S001-HYG-02'],['S001'],1,6.0,0.035,1.9552235563747287,1164.175045862023,330.0,inf,0.7555970554531589,1362.8730465181557,K77a15a9aab43b64e,K00202
A,['S002-MED-01'],['S002'],1,3.0,0.012,2.7531134043033703,1943.7752084462202,330.0,2376.17239577689,0.3881970212659177,1295.3438723543068,K93e0fdc978084f98,K00479
B,['S002-MED-01'],['S002'],1,3.0,0.012,2.2007817816473847,1696.7240813077574,330.0,2499.697959346121,0.4498045545881538,1620.3387720471999,Keaf33003441ed885,K00315
C,['S002-MED-01'],['S002'],1,3.0,0.012,4.64357053658135,1777.8421660245544,330.0,2442.6689169877227,0.4195536829273312,2090.9670203241158,Kdf1493c1b919d9bf,K00634
A,['S002-WAT-01'],['S002'],1,14.0,0.027,2.8715168769453436,1943.7752084462202,330.0,2376.17239577689,0.3618851384565903,1329.5493200064325,K1b50f64f7498ec8e,K00514
B,['S002-WAT-01'],['S002'],1,14.0,0.027,2.3613312390809593,1696.7240813077574,330.0,2499.697959346121,0.40966719022976017,1689.910203601749,K06af11991bca7ebf,K00359
C,['S002-WAT-01'],['S002'],1,14.0,0.027,4.735748591474406,1777.8421660245544,330.0,2442.6689169877227,0.4080314260656992,2115.931910190985,Kbcdbf72a702ba1ce,K00645
A,['S002-WAT-02'],['S002'],1,14.0,0.027,2.8715168769453436,1943.7752084462202,330.0,inf,0.3618851384565903,1329.5493200064325,K5ed0fd2a67098c26,K00516
B,['S002-WAT-02'],['S002'],1,14.0,0.027,2.3613312390809593,1696.7240813077574,330.0,inf,0.40966719022976017,1689.910203601749,K53167c0967d32762,K00360
C,['S002-WAT-02'],['S002'],1,14.0,0.027,4.735748591474406,1777.8421660245544,330.0,inf,0.4080314260656992,2115.931910190985,Ke7866fab102da572,K00647
A,['S002-WAT-03'],['S002'],1,14.0,0.027,2.8715168769453436,1943.7752084462202,330.0,inf,0.3618851384565903,1329.5493200064325,Kaec486805329245f,K00517
B,['S002-WAT-03'],['S002'],1,14.0,0.027,2.3613312390809593,1696.7240813077574,330.0,inf,0.40966719022976017,1689.910203601749,Kc1dacb3a9869a6ee,K00363
C,['S002-WAT-03'],['S002'],1,14.0,0.027,4.735748591474406,1777.8421660245544,330.0,inf,0.4080314260656992,2115.931910190985,K8d3338d006f87926,K00644
A,['S002-WAT-04'],['S002'],1,14.0,0.027,2.8715168769453436,1943.7752084462202,330.0,inf,0.3618851384565903,1329.5493200064325,K52b9774abf8c7c87,K00515
B,['S002-WAT-04'],['S002'],1,14.0,0.027,2.3613312390809593,1696.7240813077574,330.0,inf,0.40966719022976017,1689.910203601749,K91d4a26dc98b8e03,K00362
C,['S002-WAT-04'],['S002'],1,14.0,0.027,4.735748591474406,1777.8421660245544,330.0,inf,0.4080314260656992,2115.931910190985,Kda642a7640067eba,K00646
A,['S002-FOD-01'],['S002'],1,8.0,0.028,2.795472102405933,1943.7752084462202,330.0,inf,0.37878397724312607,1307.5808295839363,K0e77482e70993606,K00493
B,['S002-FOD-01'],['S002'],1,8.0,0.028,2.256070813330016,1696.7240813077574,330.0,inf,0.435982296667496,1644.297352443007,K702f022ac0d7247d,K00332
C,['S002-FOD-01'],['S002'],1,8.0,0.028,4.6775520928358265,1777.8421660245544,330.0,inf,0.4153059883955217,2100.1703584763695,Kb9f95b0f920230a5,K00639
A,['S002-FOD-02'],['S002'],1,8.0,0.028,2.795472102405933,1943.7752084462202,330.0,inf,0.37878397724312607,1307.5808295839363,K222b11ef747d4ffe,K00494
B,['S002-FOD-02'],['S002'],1,8.0,0.028,2.256070813330016,1696.7240813077574,330.0,inf,0.435982296667496,1644.297352443007,K5b6e318f0d57a6f3,K00331
C,['S002-FOD-02'],['S002'],1,8.0,0.028,4.6775520928358265,1777.8421660245544,330.0,inf,0.4153059883955217,2100.1703584763695,K8bb44cf3f20ddede,K00638
A,['S002-HYG-01'],['S002'],1,6.0,0.035,2.776113500560747,1943.7752084462202,330.0,inf,0.3830858887642784,1301.988344606438,K0bd248dfb3c4646a,K00481
B,['S002-HYG-01'],['S002'],1,6.0,0.035,2.2304972205909737,1696.7240813077574,330.0,inf,0.4423756948522566,1633.2154622560886,K9721a2b8b9fcb984,K00325
C,['S002-HYG-01'],['S002'],1,6.0,0.035,4.662179955113526,1777.8421660245544,330.0,inf,0.41722750561080924,2096.0070711765798,Kc5a906a69ac6c0f0,K00636
A,['S003-MED-01'],['S003'],1,3.0,0.012,2.80503552850083,2202.7372306302605,330.0,5850.658051351536,0.37665877144425997,1310.343597122462,Kdeb022f28540956a,K00495
B,['S003-MED-01'],['S003'],1,3.0,0.012,2.2562916511771793,1960.6096650380625,330.0,5971.7218341476355,0.43592708720570517,1644.3930488434441,Kf7f4cbe9e2a8ee41,K00333
C,['S003-MED-01'],['S003'],1,3.0,0.012,4.657668734234625,2106.1777110992607,330.0,5884.45114445037,0.41779140822067184,2094.785282188544,K25ab27e8e67ad5df,K00635
A,['S003-WAT-01'],['S003'],1,14.0,0.027,2.9317563185051108,2202.7372306302605,330.0,5850.658051351536,0.3484985958877531,1346.951825345921,Kcfb32e57284f9553,K00528
B,['S003-WAT-01'],['S003'],1,14.0,0.027,2.424318485056973,1960.6096650380625,330.0,5971.7218341476355,0.3939203787357568,1717.2046768580215,Kf58cdb03227f4730,K00386
C,['S003-WAT-01'],['S003'],1,14.0,0.027,4.75868676129371,2106.1777110992607,330.0,5884.45114445037,0.4051641548382863,2122.144331183713,Kebaf6d97a9e4ae03,K00651
A,['S003-WAT-02'],['S003'],1,14.0,0.027,2.9317563185051108,2202.7372306302605,330.0,inf,0.3484985958877531,1346.951825345921,K64918a77942a6e91,K00527
B,['S003-WAT-02'],['S003'],1,14.0,0.027,2.424318485056973,1960.6096650380625,330.0,inf,0.3939203787357568,1717.2046768580215,Ke5cfb1f82505be01,K00385
C,['S003-WAT-02'],['S003'],1,14.0,0.027,4.75868676129371,2106.1777110992607,330.0,inf,0.4051641548382863,2122.144331183713,K377f91812558114d,K00648
A,['S003-WAT-03'],['S003'],1,14.0,0.027,2.9317563185051108,2202.7372306302605,330.0,inf,0.3484985958877531,1346.951825345921,Kf070b5a7acc18989,K00529
B,['S003-WAT-03'],['S003'],1,14.0,0.027,2.424318485056973,1960.6096650380625,330.0,inf,0.3939203787357568,1717.2046768580215,K3809637a2309ee63,K00382
C,['S003-WAT-03'],['S003'],1,14.0,0.027,4.75868676129371,2106.1777110992607,330.0,inf,0.4051641548382863,2122.144331183713,K47a86f00f1c2c649,K00649
A,['S003-WAT-04'],['S003'],1,14.0,0.027,2.9317563185051108,2202.7372306302605,330.0,inf,0.3484985958877531,1346.951825345921,K3174b5a51629f074,K00526
B,['S003-WAT-04'],['S003'],1,14.0,0.027,2.424318485056973,1960.6096650380625,330.0,inf,0.3939203787357568,1717.2046768580215,K5458f6dcd7a393e6,K00384
C,['S003-WAT-04'],['S003'],1,14.0,0.027,4.75868676129371,2106.1777110992607,330.0,inf,0.4051641548382863,2122.144331183713,K911c5e0367fc35e0,K00650
A,['S003-FOD-01'],['S003'],1,8.0,0.028,2.8514032366071262,2202.7372306302605,330.0,inf,0.3663548363095275,1323.7387127976144,Kcb2afe95f479e1f5,K00507
B,['S003-FOD-01'],['S003'],1,8.0,0.028,2.315332000077712,1960.6096650380625,330.0,inf,0.42116699998057205,1669.9772000336752,Kbc29162a52ffed77,K00349
C,['S003-FOD-01'],['S003'],1,8.0,0.028,4.695826251252983,2106.1777110992607,330.0,inf,0.4130217185933771,2105.1196097143497,Kf3d6ca7c880214a2,K00642
A,['S003-FOD-02'],['S003'],1,8.0,0.028,2.8514032366071262,2202.7372306302605,330.0,inf,0.3663548363095275,1323.7387127976144,Keee7d34af720174d,K00508
B,['S003-FOD-02'],['S003'],1,8.0,0.028,2.315332000077712,1960.6096650380625,330.0,inf,0.42116699998057205,1669.9772000336752,K656d106786a009dc,K00348
C,['S003-FOD-02'],['S003'],1,8.0,0.028,4.695826251252983,2106.1777110992607,330.0,inf,0.4130217185933771,2105.1196097143497,Kcf6e88bc75013c73,K00641
A,['S003-HYG-01'],['S003'],1,6.0,0.035,2.8304891625173063,2202.7372306302605,330.0,inf,0.3710024083294875,1317.6968691716663,K6d99fde0790746e2,K00499
B,['S003-HYG-01'],['S003'],1,6.0,0.035,2.2883267956508764,1960.6096650380625,330.0,inf,0.4279183010872809,1658.2749447820463,K3e71c25eb1c911a3,K00341
C,['S003-HYG-01'],['S003'],1,6.0,0.035,4.678819193757562,2106.1777110992607,330.0,inf,0.41514760078030477,2100.5135316426727,K726de871e2ab516d,K00640
A,['S004-MED-01'],['S004'],1,3.0,0.012,2.9086950550292787,2118.797718228741,330.0,5888.954474218963,0.3536233211046047,1340.289682564014,K98fadf13a1f61591,K00521
B,['S004-MED-01'],['S004'],1,3.0,0.012,2.330768744048176,1861.641663352524,330.0,6017.532501657071,0.417307813987956,1676.6664557542094,K6d2b0ebab62d80c4,K00354
C,['S004-MED-01'],['S004'],1,3.0,0.012,4.876415927913419,1971.0547187724455,330.0,5946.502640613777,0.39044800901082266,2154.029313809884,Kf6ff4a5eaf037f1c,K00663
A,['S004-WAT-01'],['S004'],1,14.0,0.027,3.0353499449527557,2118.797718228741,330.0,5888.954474218963,0.3254777900104987,1376.8788729863516,Kf5d720c243a1075b,K00560
B,['S004-WAT-01'],['S004'],1,14.0,0.027,2.5012934810896015,1861.641663352524,330.0,6017.532501657071,0.37467662972759963,1750.5605084721608,Kfa0a676b3a5091f0,K00421
C,['S004-WAT-01'],['S004'],1,14.0,0.027,4.975772723535903,1971.0547187724455,330.0,5946.502640613777,0.3780284095580121,2180.9384459576404,K05560d50dbb99dae,K00682
A,['S004-WAT-02'],['S004'],1,14.0,0.027,3.0353499449527557,2118.797718228741,330.0,inf,0.3254777900104987,1376.8788729863516,K5c3cd12420ceceb1,K00558
B,['S004-WAT-02'],['S004'],1,14.0,0.027,2.5012934810896015,1861.641663352524,330.0,inf,0.37467662972759963,1750.5605084721608,K9ab5643df7459b88,K00419
C,['S004-WAT-02'],['S004'],1,14.0,0.027,4.975772723535903,1971.0547187724455,330.0,inf,0.3780284095580121,2180.9384459576404,K3523ed4e54656ea6,K00683
A,['S004-WAT-03'],['S004'],1,14.0,0.027,3.0353499449527557,2118.797718228741,330.0,inf,0.3254777900104987,1376.8788729863516,K837ecf0680337ccf,K00559
B,['S004-WAT-03'],['S004'],1,14.0,0.027,2.5012934810896015,1861.641663352524,330.0,inf,0.37467662972759963,1750.5605084721608,Kf21f9bce19d7bd3e,K00420
C,['S004-WAT-03'],['S004'],1,14.0,0.027,4.975772723535903,1971.0547187724455,330.0,inf,0.3780284095580121,2180.9384459576404,Kd941db51eb93c137,K00684
A,['S004-FOD-01'],['S004'],1,8.0,0.028,2.9543356150117566,2118.797718228741,330.0,inf,0.3434809744418319,1353.4747332256186,Ke2b182cc43ad29d4,K00536
B,['S004-FOD-01'],['S004'],1,8.0,0.028,2.389868516341069,1861.641663352524,330.0,inf,0.4025328709147328,1702.2763570811298,K77bc5cbdee3f489a,K00372
C,['S004-FOD-01'],['S004'],1,8.0,0.028,4.913336702749623,1971.0547187724455,330.0,inf,0.3858329121562971,2164.028690328023,K0c2e10c495872efd,K00670
A,['S004-HYG-01'],['S004'],1,6.0,0.035,2.9335654846540304,2118.797718228741,330.0,inf,0.34809655896577096,1347.474473344498,Kae6e950b7bf1ac34,K00530
B,['S004-HYG-01'],['S004'],1,6.0,0.035,2.3626291884618915,1861.641663352524,330.0,inf,0.4093427028845271,1690.4726483334864,K3baf325d7833e0c2,K00364
C,['S004-HYG-01'],['S004'],1,6.0,0.035,4.896716091556697,1971.0547187724455,330.0,inf,0.3879104885554129,2159.527274796605,K8cb9e7410730902c,K00669
A,['S005-MED-01'],['S005'],1,3.0,0.012,1.9986977703160584,1632.1881982380369,330.0,9731.149234214316,0.5558449399297648,1077.4015780913057,Kf348622ef705f99b,K00219
B,['S005-MED-01'],['S005'],1,3.0,0.012,1.6025735657296325,1456.168419267513,330.0,9819.159123699577,0.5993566085675919,1361.1152118161742,K33733fbc1ad7575d,K00145
C,['S005-MED-01'],['S005'],1,3.0,0.012,3.3455647836711457,1547.1887154914712,330.0,9756.770642254265,0.5818044020411068,1739.423795577602,K9a05565eb9dbe374,K00588
A,['S005-WAT-01'],['S005'],1,14.0,0.027,2.085954601932471,1632.1881982380369,330.0,9731.149234214316,0.5364545329038953,1102.6091072249362,Kbf7007ecc3d9789b,K00292
B,['S005-WAT-01'],['S005'],1,14.0,0.027,1.719858703686679,1456.168419267513,330.0,9819.159123699577,0.5700353240783302,1411.9387715975608,Kee2a7372950a8c28,K00158
C,['S005-WAT-01'],['S005'],1,14.0,0.027,3.4141364455858767,1547.1887154914712,330.0,9756.770642254265,0.5732329443017654,1757.995287346175,K024e2c0a0dbcc2e4,K00593
A,['S005-WAT-02'],['S005'],1,14.0,0.027,2.085954601932471,1632.1881982380369,330.0,inf,0.5364545329038953,1102.6091072249362,Kc95c49caba574f73,K00293
B,['S005-WAT-02'],['S005'],1,14.0,0.027,1.719858703686679,1456.168419267513,330.0,inf,0.5700353240783302,1411.9387715975608,K0abef4ea059ea108,K00155
C,['S005-WAT-02'],['S005'],1,14.0,0.027,3.4141364455858767,1547.1887154914712,330.0,inf,0.5732329443017654,1757.995287346175,K46f0462ccae00816,K00595
A,['S005-WAT-03'],['S005'],1,14.0,0.027,2.085954601932471,1632.1881982380369,330.0,inf,0.5364545329038953,1102.6091072249362,Kb0dcc93a9a65959b,K00291
B,['S005-WAT-03'],['S005'],1,14.0,0.027,1.719858703686679,1456.168419267513,330.0,inf,0.5700353240783302,1411.9387715975608,K514c0181fee0ff7b,K00156
C,['S005-WAT-03'],['S005'],1,14.0,0.027,3.4141364455858767,1547.1887154914712,330.0,inf,0.5732329443017654,1757.995287346175,K3bfc6a608163296e,K00594
A,['S005-FOD-01'],['S005'],1,8.0,0.028,2.0301941521790274,1632.1881982380369,330.0,inf,0.5488457439602161,1086.500532851719,K2d9c09aae30d6c8b,K00230
B,['S005-FOD-01'],['S005'],1,8.0,0.028,1.6432825931091033,1456.168419267513,330.0,inf,0.5891793517227242,1378.7557903472782,K38dc511d44182e68,K00149
C,['S005-FOD-01'],['S005'],1,8.0,0.028,3.3710925926577877,1547.1887154914712,330.0,inf,0.5786134259177765,1746.337577178151,K258a383c3f1acb2c,K00591
A,['S005-HYG-01'],['S005'],1,6.0,0.035,2.015874865139303,1632.1881982380369,330.0,inf,0.5520278077468215,1082.3638499291321,K3a48b7a1633ad916,K00225
B,['S005-HYG-01'],['S005'],1,6.0,0.035,1.6245352294355597,1456.168419267513,330.0,inf,0.5938661926411101,1370.631932755409,K747f5e2d7693f47e,K00146
C,['S005-HYG-01'],['S005'],1,6.0,0.035,3.3596135943546974,1547.1887154914712,330.0,inf,0.5800483007056628,1743.2286818043974,Kb3e35d0c820fe84d,K00590
A,['S006-MED-01'],['S006'],1,3.0,0.012,1.2312957272645144,1253.4766397798276,330.0,2724.498346776753,0.7263787272745523,855.707654543082,K9d370c8a20752d59,K00119
B,['S006-MED-01'],['S006'],1,3.0,0.012,0.9905700007939169,1147.2700113681328,330.0,2777.6016609826,0.7523574998015208,1095.9136670106973,K90d21a8648cc67ff,K00024
C,['S006-MED-01'],['S006'],1,3.0,0.012,2.0439326694574502,1231.5526244866226,330.0,2720.578687756689,0.7445084163178187,1386.8984313113929,K2ea7eb11d9304a4a,K00248
A,['S006-WAT-01'],['S006'],1,14.0,0.027,1.2888780423431578,1253.4766397798276,330.0,2724.498346776753,0.713582657257076,872.3425455658012,K086e02d7aab9a11e,K00122
B,['S006-WAT-01'],['S006'],1,14.0,0.027,1.0662707636515811,1147.2700113681328,330.0,2777.6016609826,0.7334323090871047,1128.7173309156851,Kb6a2df3d717c6adf,K00062
C,['S006-WAT-01'],['S006'],1,14.0,0.027,2.0902407465673694,1231.5526244866226,330.0,2720.578687756689,0.7387199066790788,1399.4402021953292,K4164f99136d59648,K00297
A,['S006-WAT-02'],['S006'],1,14.0,0.027,1.2888780423431578,1253.4766397798276,330.0,inf,0.713582657257076,872.3425455658012,K38d6195ce13f0128,K00123
B,['S006-WAT-02'],['S006'],1,14.0,0.027,1.0662707636515811,1147.2700113681328,330.0,inf,0.7334323090871047,1128.7173309156851,K96e54e175c58d4a7,K00061
C,['S006-WAT-02'],['S006'],1,14.0,0.027,2.0902407465673694,1231.5526244866226,330.0,inf,0.7387199066790788,1399.4402021953292,K6db757d867f75b9a,K00298
A,['S006-WAT-03'],['S006'],1,14.0,0.027,1.2888780423431578,1253.4766397798276,330.0,inf,0.713582657257076,872.3425455658012,Kf8f5dd49da8092c2,K00124
B,['S006-WAT-03'],['S006'],1,14.0,0.027,1.0662707636515811,1147.2700113681328,330.0,inf,0.7334323090871047,1128.7173309156851,K209872da88aa75d6,K00060
C,['S006-WAT-03'],['S006'],1,14.0,0.027,2.0902407465673694,1231.5526244866226,330.0,inf,0.7387199066790788,1399.4402021953292,Kf542b2da1c3ee021,K00299
A,['S006-FOD-01'],['S006'],1,8.0,0.028,1.2525424264181324,1253.4766397798276,330.0,inf,0.7216572385737483,861.8455898541272,Kadc8db88b5df6e71,K00121
B,['S006-FOD-01'],['S006'],1,8.0,0.028,1.0173754162735202,1147.2700113681328,330.0,inf,0.74565614593162,1107.5293470518586,K13b3b4bfdc23cd4e,K00043
C,['S006-FOD-01'],['S006'],1,8.0,0.028,2.061578057409954,1231.5526244866226,330.0,inf,0.7423027428237557,1391.6773905485293,K26feeeb0a5ce4abb,K00265
A,['S006-HYG-01'],['S006'],1,6.0,0.035,1.2430054919146216,1253.4766397798276,330.0,inf,0.7237765573523063,859.0904754420019,K213f1ba15c404878,K00120
B,['S006-HYG-01'],['S006'],1,6.0,0.035,1.0051666735654026,1147.2700113681328,330.0,inf,0.7487083316086494,1102.238891878341,Kdd10a6c3afc4c4ea,K00025
C,['S006-HYG-01'],['S006'],1,6.0,0.035,2.0537548933258694,1231.5526244866226,330.0,inf,0.7432806383342663,1389.5586169424232,K2b2f86b08b5353bf,K00253
A,['S007-MED-01'],['S007'],1,3.0,0.012,1.7888191614235975,1667.4668858917819,330.0,2518.626557054109,0.6024846307947561,1016.7699799668171,K5427e22d6276153d,K00170
B,['S007-MED-01'],['S007'],1,3.0,0.012,1.4436462783159434,1516.3096400610816,330.0,2594.205179969459,0.6390884304210142,1292.2467206035756,Kcc9caba5dc37bb75,K00128
C,['S007-MED-01'],['S007'],1,3.0,0.012,2.945343190786707,1643.600698410691,330.0,2516.2396507946546,0.6318321011516617,1631.030447504733,K24da2c0fe80b9dde,K00535
A,['S007-WAT-01'],['S007'],1,14.0,0.027,1.8726449231223836,1667.4668858917819,330.0,2518.626557054109,0.5838566837505814,1040.9863111242441,K187f6c6d85c098eb,K00189
B,['S007-WAT-01'],['S007'],1,14.0,0.027,1.5532588925489035,1516.3096400610816,330.0,2594.205179969459,0.6116852768627741,1339.745520104525,K4dd4d6593a3185c4,K00140
C,['S007-WAT-01'],['S007'],1,14.0,0.027,3.013123035336271,1643.600698410691,330.0,2516.2396507946546,0.6233596205829661,1649.3874887369066,K806fa4375381c0ed,K00555
A,['S007-WAT-02'],['S007'],1,14.0,0.027,1.8726449231223836,1667.4668858917819,330.0,inf,0.5838566837505814,1040.9863111242441,K187fea0976c62553,K00190
B,['S007-WAT-02'],['S007'],1,14.0,0.027,1.5532588925489035,1516.3096400610816,330.0,inf,0.6116852768627741,1339.745520104525,K306be424ce313920,K00139
C,['S007-WAT-02'],['S007'],1,14.0,0.027,3.013123035336271,1643.600698410691,330.0,inf,0.6233596205829661,1649.3874887369066,Kc0c46d49b831bb2d,K00556
A,['S007-FOD-01'],['S007'],1,8.0,0.028,1.8199093752334146,1667.4668858917819,330.0,inf,0.5955756943925745,1025.751597289653,K964506b311f4e6ff,K00174
B,['S007-FOD-01'],['S007'],1,8.0,0.028,1.4826478651046011,1516.3096400610816,330.0,inf,0.6293380337238497,1309.147408211994,K6a29bbc8c12a9730,K00132
C,['S007-FOD-01'],['S007'],1,8.0,0.028,2.9713078838010656,1643.600698410691,330.0,inf,0.6285865145248668,1638.0625518627885,Kf96c9ef20f069067,K00538
A,['S007-HYG-01'],['S007'],1,6.0,0.035,1.8059956065860918,1667.4668858917819,330.0,inf,0.5986676429808685,1021.7320641248709,Ked9d143b9be19722,K00172
B,['S007-HYG-01'],['S007'],1,6.0,0.035,1.4649314790911503,1516.3096400610816,330.0,inf,0.6337671302272124,1301.470307606165,K2308faeecb54484c,K00129
C,['S007-HYG-01'],['S007'],1,6.0,0.035,2.9598332173120605,1643.600698410691,330.0,inf,0.6300208478359924,1634.954829688683,K09f764451b55ff65,K00537
A,['S008-MED-01'],['S008'],1,3.0,0.012,3.0154444259666735,2111.1454288019854,330.0,5894.20061893234,0.3299012386740725,1371.1283897237058,K15368bc8428370c6,K00557
B,['S008-MED-01'],['S008'],1,3.0,0.012,2.412376393945019,1841.841747175703,330.0,6028.852459745482,0.3969059015137453,1712.0297707095083,K19f9107b17c7acb6,K00381
C,['S008-MED-01'],['S008'],1,3.0,0.012,5.0761603499298396,1935.7115246008332,330.0,5966.304237699584,0.36547995625877006,2208.1267614393314,K475f8c95f048c460,K00706
A,['S008-WAT-01'],['S008'],1,14.0,0.027,3.146495704315458,2111.1454288019854,330.0,5894.20061893234,0.3007787323743426,1408.9876479133545,Kdd1a3552b66ccca3,K00578
B,['S008-WAT-01'],['S008'],1,14.0,0.027,2.58936985843806,1841.841747175703,330.0,6028.852459745482,0.35265753539048506,1788.7269386564928,Kcba93d01598dfc05,K00453
C,['S008-WAT-01'],['S008'],1,14.0,0.027,5.178624017148188,1935.7115246008332,330.0,5966.304237699584,0.3526719978564765,2235.8773379776344,Kff54d91862d79605,K00738
A,['S008-WAT-02'],['S008'],1,14.0,0.027,3.146495704315458,2111.1454288019854,330.0,inf,0.3007787323743426,1408.9876479133545,K038ece6d82124c4f,K00577
B,['S008-WAT-02'],['S008'],1,14.0,0.027,2.58936985843806,1841.841747175703,330.0,inf,0.35265753539048506,1788.7269386564928,Kfdef76b3351026f5,K00454
C,['S008-WAT-02'],['S008'],1,14.0,0.027,5.178624017148188,1935.7115246008332,330.0,inf,0.3526719978564765,2235.8773379776344,K6bc67d62e23d3387,K00737
A,['S008-FOD-01'],['S008'],1,8.0,0.028,3.062519798198245,2111.1454288019854,330.0,inf,0.31944004484483446,1384.7279417017153,K67cd9be5ce41ce6e,K00569
B,['S008-FOD-01'],['S008'],1,8.0,0.028,2.4735467694178297,1841.841747175703,330.0,inf,0.3816133076455426,1738.536933414393,Kffb79f77c269180b,K00404
C,['S008-FOD-01'],['S008'],1,8.0,0.028,5.114104028785528,1935.7115246008332,330.0,inf,0.360736996401809,2218.4031744627473,Ke02e4a16b61b8023,K00717
A,['S008-HYG-01'],['S008'],1,6.0,0.035,3.041056990161686,2111.1454288019854,330.0,inf,0.32420955774184756,1378.527574935598,K2dd13ed5e3934159,K00567
B,['S008-HYG-01'],['S008'],1,6.0,0.035,2.4453091696676053,1841.841747175703,330.0,inf,0.3886727075830987,1726.3006401892958,K106a2385b0de4ca8,K00398
C,['S008-HYG-01'],['S008'],1,6.0,0.035,5.096986756336678,1935.7115246008332,330.0,inf,0.36287665545791525,2213.7672465078504,K5e002baa160bcd4a,K00709
A,['S009-MED-01'],['S009'],1,3.0,0.012,2.125003139804467,1628.6396458883246,330.0,9734.090177055838,0.5277770800434518,1113.8897959435126,Kd7e842ff40466d95,K00308
B,['S009-MED-01'],['S009'],1,3.0,0.012,1.699439885545094,1438.4628643343576,330.0,9829.178567832821,0.5751400286137265,1403.0906170695407,K2927d33f34859412,K00153
C,['S009-MED-01'],['S009'],1,3.0,0.012,3.5802450268618995,1512.5891684521962,330.0,9775.820415773902,0.5524693716422626,1802.9830281084312,K0be0d4cee97c051a,K00601
A,['S009-WAT-01'],['S009'],1,14.0,0.027,2.2172311129039786,1628.6396458883246,330.0,9734.090177055838,0.507281974910227,1140.533432616705,Ke8aab28d96001657,K00324
B,['S009-WAT-01'],['S009'],1,14.0,0.027,1.8241112959036339,1438.4628643343576,330.0,9829.178567832821,0.5439721760240915,1457.1148948915745,Keb6ba3cb525a910e,K00177
C,['S009-WAT-01'],['S009'],1,14.0,0.027,3.6522850105352305,1512.5891684521962,330.0,9775.820415773902,0.5434643736830962,1822.4938570199586,K654410f655557fc3,K00613
A,['S009-FOD-01'],['S009'],1,8.0,0.028,2.1581023674302218,1628.6396458883246,330.0,inf,0.5204216961266174,1123.4517950353973,Kb0cd62057d2e005e,K00312
B,['S009-FOD-01'],['S009'],1,8.0,0.028,1.7424927177269551,1438.4628643343576,330.0,inf,0.5643768205682612,1421.7468443483472,K21da7a9d7b58848f,K00162
C,['S009-FOD-01'],['S009'],1,8.0,0.028,3.606895638390481,1512.5891684521962,330.0,inf,0.5491380452011898,1810.2009020640885,K8bbedaf7211efd06,K00608
A,['S010-MED-01'],['S010'],1,3.0,0.012,1.8370450832444192,1594.8926699889435,330.0,2555.0169983388614,0.591767759279018,1030.7019129372766,K674b9f09ece7bb3b,K00182
B,['S010-MED-01'],['S010'],1,3.0,0.012,1.4763651421270343,1435.4035197802173,330.0,2634.7615734432247,0.6309087144682415,1306.4248949217147,Kbdff85851dc8d088,K00130
C,['S010-MED-01'],['S010'],1,3.0,0.012,3.057387994964466,1536.732364995061,330.0,2569.8288175024695,0.6178265006294418,1661.3759153028761,Kb177da5d8cf614f9,K00568
A,['S010-WAT-01'],['S010'],1,14.0,0.027,1.9214315187565438,1594.8926699889435,330.0,2555.0169983388614,0.5730152180541014,1055.0802165296682,K41b884755a03ab53,K00197
B,['S010-WAT-01'],['S010'],1,14.0,0.027,1.5879598214426975,1435.4035197802173,330.0,2634.7615734432247,0.6030100446393256,1354.7825892918354,Kb2fe1b88907b825a,K00142
C,['S010-WAT-01'],['S010'],1,14.0,0.027,3.124844049955398,1536.732364995061,330.0,2569.8288175024695,0.6093944937555753,1679.6452635295866,Ke1c3a82928cb2f21,K00575
A,['S010-FOD-01'],['S010'],1,8.0,0.028,1.8680036195887884,1594.8926699889435,330.0,inf,0.5848880845358249,1039.6454901034276,K706cb4a684135c78,K00186
B,['S010-FOD-01'],['S010'],1,8.0,0.028,1.5156711324518284,1435.4035197802173,330.0,inf,0.6210822168870429,1323.4574907291255,K0b5d24d68a3abc37,K00135
C,['S010-FOD-01'],['S010'],1,8.0,0.028,3.082938487840244,1536.732364995061,330.0,inf,0.6146326890199695,1668.2958404567325,Kce3a21f625ae684f,K00571
A,['S011-MED-01'],['S011'],1,3.0,0.012,1.0835368118003834,1162.0283099395829,330.0,9966.799178363543,0.759214041822137,813.0217456312218,Kca201f062aa4fdbc,K00073
B,['S011-MED-01'],['S011'],1,3.0,0.012,0.8714601400468203,1068.4247628605203,330.0,10013.600951903074,0.7821349649882949,1044.2993940202887,K8a66afcd8c99f8ea,K00001
C,['S011-MED-01'],['S011'],1,3.0,0.012,1.7997433055595642,1146.2453479842184,330.0,9958.09732600789,0.7750320868050544,1320.763811922382,Ke67372f806246ff7,K00171
A,['S011-WAT-01'],['S011'],1,14.0,0.027,1.1325189545791168,1162.0283099395829,330.0,9966.799178363543,0.7483291212046408,827.1721424339669,Kf0ab019c49776ec2,K00084
B,['S011-WAT-01'],['S011'],1,14.0,0.027,0.9364106927548195,1068.4247628605203,330.0,10013.600951903074,0.7658973268112952,1072.4446335270884,K1f33781f553e3ad0,K00004
C,['S011-WAT-01'],['S011'],1,14.0,0.027,1.8387890754370197,1146.2453479842184,330.0,9958.09732600789,0.7701513655703726,1331.3387079308595,Kd80ca5e754316a8c,K00183
A,['S011-FOD-01'],['S011'],1,8.0,0.028,1.1014590170553242,1162.0283099395829,330.0,inf,0.7552313295432613,818.1992715937603,Kd377db72868ff7a0,K00077
B,['S011-FOD-01'],['S011'],1,8.0,0.028,0.8942814327984621,1068.4247628605203,330.0,inf,0.7764296418003844,1054.1886208793337,K4802063e4431a82b,K00002
C,['S011-FOD-01'],['S011'],1,8.0,0.028,1.8144915516407596,1146.2453479842184,330.0,inf,0.773188556044905,1324.7581285693725,K64748be0770ea746,K00173
A,['S012-MED-01'],['S012'],1,3.0,0.012,2.7862396526876774,2049.1981528997,330.0,2325.47092355015,0.3808356327360717,1304.9136774431067,K3c0d54d37453ae68,K00492
B,['S012-MED-01'],['S012'],1,3.0,0.012,2.2326055948937094,1802.826814149187,330.0,2448.6565929254066,0.44184860127657266,1634.1290911206074,K39d503a4e6fa3a58,K00326
C,['S012-MED-01'],['S012'],1,3.0,0.012,4.671438539211707,1908.6771457735363,330.0,2380.2664271132317,0.4160701825985367,2098.5146043698373,K5fdb793f7129a517,K00637
A,['S012-WAT-01'],['S012'],1,14.0,0.027,2.9086822464052275,2049.1981528997,330.0,2325.47092355015,0.353626167465505,1340.2859822948433,K7298026ddabdbbce,K00520
B,['S012-WAT-01'],['S012'],1,14.0,0.027,2.3970782040835057,1802.826814149187,330.0,2448.6565929254066,0.4007304489791236,1705.4005551028524,Kffb7f8c7ffbe14cc,K00373
C,['S012-WAT-01'],['S012'],1,14.0,0.027,4.767727877305894,1908.6771457735363,330.0,2380.2664271132317,0.4040340153367632,2124.5929667703463,K15287c46ae27f731,K00652
A,['S012-FOD-01'],['S012'],1,8.0,0.028,2.8304658512905028,2049.1981528997,330.0,inf,0.37100758860211047,1317.6901348172564,Kd1d0e13137f86d48,K00498
B,['S012-FOD-01'],['S012'],1,8.0,0.028,2.2897265478395363,1802.826814149187,330.0,inf,0.4275683630401159,1658.881504063799,Kd649a88bd5b7ce97,K00342
C,['S012-FOD-01'],['S012'],1,8.0,0.028,4.707310646594948,1908.6771457735363,330.0,inf,0.4115861691756315,2108.2299667861316,Ke9ebe628de26a405,K00643
A,['S013-MED-01'],['S013'],1,3.0,0.012,1.8407370682728232,1552.1628172294845,330.0,2576.385258051924,0.5909473181615948,1031.7684863899267,Kbff22161b9c8fdfb,K00184
B,['S013-MED-01'],['S013'],1,3.0,0.012,1.4766498080388533,1390.511588744525,330.0,2657.210872294404,0.6308375479902867,1306.54825015017,K5acc73bed23e23cb,K00131
C,['S013-MED-01'],['S013'],1,3.0,0.012,3.077652923370053,1479.672196654681,330.0,2598.3639016726593,0.6152933845787434,1666.8643334127228,Ke9d725441c3bda93,K00570
A,['S013-WAT-01'],['S013'],1,14.0,0.027,1.9245759973425716,1552.1628172294845,330.0,2576.385258051924,0.572316445034984,1055.9886214545209,K72d9d46dd4a05a3f,K00198
B,['S013-WAT-01'],['S013'],1,14.0,0.027,1.5880658232615112,1390.511588744525,330.0,2657.210872294404,0.6029835441846222,1354.8285234133214,K21245659a45de7c3,K00143
C,['S013-WAT-01'],['S013'],1,14.0,0.027,3.1443319590778596,1479.672196654681,330.0,2598.3639016726593,0.6069585051152675,1684.9232389169204,K934360926582459f,K00576
A,['S013-FOD-01'],['S013'],1,8.0,0.028,1.8713464360871743,1552.1628172294845,330.0,inf,0.5841452364250723,1040.611192647406,K7c62bb3b69ced10f,K00188
B,['S013-FOD-01'],['S013'],1,8.0,0.028,1.5157197901889852,1390.511588744525,330.0,inf,0.6210700524527537,1323.4785757485602,K5f5da4306a4a1167,K00136
C,['S013-FOD-01'],['S013'],1,8.0,0.028,3.1027809348084157,1479.672196654681,330.0,inf,0.612152383148948,1673.6698365106126,K57174b4e0b5c8baf,K00574
A,['S014-MED-01'],['S014'],1,3.0,0.012,2.1513101389608664,1930.3988852767495,330.0,2387.2438906949583,0.5219310802309185,1121.4895956998062,K566ef51b92433590,K00311
B,['S014-MED-01'],['S014'],1,3.0,0.012,1.7378297554372384,1749.7476752786915,330.0,2477.569495693988,0.5655425611406903,1419.7262273561366,K4d24d32cdd7be7c1,K00159
C,['S014-MED-01'],['S014'],1,3.0,0.012,3.533477239243612,1903.2801378437953,330.0,2386.5249310781023,0.5583153450945485,1790.316752295145,K7aa6a0845f1e156e,K00598
A,['S014-WAT-01'],['S014'],1,14.0,0.027,2.2517000006528667,1930.3988852767495,330.0,2387.2438906949583,0.4996222220771407,1150.491111299717,K53940538a7ab0a00,K00330
B,['S014-WAT-01'],['S014'],1,14.0,0.027,1.8690380280280288,1749.7476752786915,330.0,2477.569495693988,0.5327404929929929,1476.5831454788124,Kffdc3a2a91a86a5a,K00187
C,['S014-WAT-01'],['S014'],1,14.0,0.027,3.6146902871970084,1903.2801378437953,330.0,2386.5249310781023,0.5481637141003739,1812.3119527825233,K53de1d3c0fa722f5,K00609
A,['S014-FOD-01'],['S014'],1,8.0,0.028,2.1885612211073457,1930.3988852767495,330.0,inf,0.5136530619761455,1132.2510194310107,K34da1ceec56b377f,K00314
B,['S014-FOD-01'],['S014'],1,8.0,0.028,1.784535886155946,1749.7476752786915,330.0,inf,0.5538660284610135,1439.9655506675767,K77ff2c8ffb010e19,K00169
C,['S014-FOD-01'],['S014'],1,8.0,0.028,3.5646027034716035,1903.2801378437953,330.0,inf,0.5544246620660496,1798.7465655235592,Kc2d5f9e877ad8706,K00600
A,['S015-MED-01'],['S015'],1,3.0,0.012,2.321059708795345,1908.6530565810065,330.0,6002.233471709496,0.48420895360103444,1170.5283603186551,Ka8b4958edc6fb41d,K00350
B,['S015-MED-01'],['S015'],1,3.0,0.012,1.8671011467888174,1708.3275601736595,330.0,6102.39621991317,0.5332247133027956,1475.7438302751543,K1eb1d3fbabd19267,K00185
C,['S015-MED-01'],['S015'],1,3.0,0.012,3.853846344857141,1834.5606452973573,330.0,6027.059677351322,0.5182692068928574,1877.0833850654756,K8b0846fadddaccfc,K00625
A,['S015-WAT-01'],['S015'],1,14.0,0.027,2.429439068002888,1908.6530565810065,330.0,9602.233471709496,0.4601246515549138,1201.8379529786123,Kd7dcff0bca97b305,K00387
B,['S015-WAT-01'],['S015'],1,14.0,0.027,2.0096552754975012,1708.3275601736595,330.0,9702.396219913171,0.4975861811256247,1537.517286048917,K99d222b440915bc8,K00224
C,['S015-WAT-01'],['S015'],1,14.0,0.027,3.940960389917393,1834.5606452973573,330.0,9627.05967735132,0.5073799512603259,1900.676772269294,K2f1606262691899c,K00628
A,['S015-FOD-01'],['S015'],1,8.0,0.028,2.361029661873993,1908.6530565810065,330.0,inf,0.4753267418057793,1182.075235652487,K9a634f4ddb8c3ea3,K00358
B,['S015-FOD-01'],['S015'],1,8.0,0.028,1.917555874914406,1708.3275601736595,330.0,inf,0.5206110312713985,1497.6075457962424,K6170e5a277443ca5,K00196
C,['S015-FOD-01'],['S015'],1,8.0,0.028,3.887023553783475,1834.5606452973573,330.0,inf,0.5141220557770656,1886.0688791496914,K82a7d382209b1367,K00626
B,"['S001-MED-01', 'S001-MED-02']",['S001'],2,6.0,0.024,0.9509369839181343,1149.1061758262156,360.0,2742.3235787535586,0.7622657540204665,1078.7393596978582,Kd7a19c774d26f9f3,K00009
B,"['S001-HYG-02', 'S001-MED-01']",['S001'],2,9.0,0.047,0.9682483297204673,1149.1061758262156,360.0,2742.3235787535586,0.7579379175698832,1086.2409428788692,K22698545c066e300,K00014
B,"['S001-HYG-02', 'S001-MED-02']",['S001'],2,9.0,0.047,0.9682483297204673,1149.1061758262156,360.0,2742.3235787535586,0.7579379175698832,1086.2409428788692,K44e75081ec986b82,K00015
B,"['S001-FOD-02', 'S001-MED-01']",['S001'],2,11.0,0.04,0.9821776691399835,1149.1061758262156,360.0,2742.3235787535586,0.7544555827150041,1092.2769899606596,Kdf5bafe7888b6cfa,K00019
B,"['S001-FOD-01', 'S001-MED-02']",['S001'],2,11.0,0.04,0.9821776691399835,1149.1061758262156,360.0,2742.3235787535586,0.7544555827150041,1092.2769899606596,K4176dd417d7a75c5,K00017
B,"['S001-FOD-03', 'S001-MED-01']",['S001'],2,11.0,0.04,0.9821776691399835,1149.1061758262156,360.0,2742.3235787535586,0.7544555827150041,1092.2769899606596,Kf36b166d4947e5d3,K00020
B,"['S001-FOD-02', 'S001-MED-02']",['S001'],2,11.0,0.04,0.9821776691399835,1149.1061758262156,360.0,2742.3235787535586,0.7544555827150041,1092.2769899606596,Kf4770629aa891ff1,K00021
B,"['S001-FOD-01', 'S001-MED-01']",['S001'],2,11.0,0.04,0.9821776691399835,1149.1061758262156,360.0,2742.3235787535586,0.7544555827150041,1092.2769899606596,K093e942746fc5134,K00016
B,"['S001-FOD-03', 'S001-MED-02']",['S001'],2,11.0,0.04,0.9821776691399835,1149.1061758262156,360.0,2742.3235787535586,0.7544555827150041,1092.2769899606596,K7c6e9f8ce1a54b2b,K00018
B,"['S001-HYG-01', 'S001-HYG-02']",['S001'],2,12.0,0.07,0.9899022345212863,1149.1061758262156,360.0,inf,0.7525244413696784,1095.6243016258907,K92c0c54ec5037fea,K00022
B,"['S001-HYG-02', 'S001-MED-01', 'S001-MED-02']",['S001'],3,12.0,0.059000000000000004,0.9899022345212863,1209.1061758262156,390.0,2682.3235787535586,0.7525244413696784,1095.6243016258907,Kd017767219d891da,K00023
B,"['S001-FOD-02', 'S001-HYG-01']",['S001'],2,14.0,0.063,1.0069886056764816,1149.1061758262156,360.0,inf,0.7482528485808796,1103.028395793142,K553edc6e4598fb36,K00031
B,"['S001-FOD-01', 'S001-HYG-02']",['S001'],2,14.0,0.063,1.0069886056764816,1149.1061758262156,360.0,inf,0.7482528485808796,1103.028395793142,K6eff88318c1635d1,K00032
B,"['S001-FOD-03', 'S001-HYG-01']",['S001'],2,14.0,0.063,1.0069886056764816,1149.1061758262156,360.0,inf,0.7482528485808796,1103.028395793142,Kcc471716917be4c6,K00036
B,"['S001-FOD-02', 'S001-HYG-02']",['S001'],2,14.0,0.063,1.0069886056764816,1149.1061758262156,360.0,inf,0.7482528485808796,1103.028395793142,K443fd3e7ad1d81b4,K00029
B,"['S001-FOD-01', 'S001-HYG-01']",['S001'],2,14.0,0.063,1.0069886056764816,1149.1061758262156,360.0,inf,0.7482528485808796,1103.028395793142,Kd529140b66e8532b,K00037
B,"['S001-FOD-03', 'S001-HYG-02']",['S001'],2,14.0,0.063,1.0069886056764816,1149.1061758262156,360.0,inf,0.7482528485808796,1103.028395793142,Kdbdcc65440a3ab03,K00038
B,"['S001-FOD-02', 'S001-MED-01', 'S001-MED-02']",['S001'],3,14.0,0.052000000000000005,1.0069886056764816,1209.1061758262156,390.0,2682.3235787535586,0.7482528485808796,1103.028395793142,K0f7f04cbd31c41c4,K00027
B,"['S001-FOD-01', 'S001-MED-01', 'S001-MED-02']",['S001'],3,14.0,0.052000000000000005,1.0069886056764816,1209.1061758262156,390.0,2682.3235787535586,0.7482528485808796,1103.028395793142,Kf68fc800e41f07c1,K00041
B,"['S001-FOD-03', 'S001-MED-01', 'S001-MED-02']",['S001'],3,14.0,0.052000000000000005,1.0069886056764816,1209.1061758262156,390.0,2682.3235787535586,0.7482528485808796,1103.028395793142,K0f407c0f50f04b6e,K00026
B,"['S001-FOD-01', 'S001-FOD-02']",['S001'],2,16.0,0.056,1.0264677522049261,1149.1061758262156,360.0,inf,0.7433830619487685,1111.4693592888013,K58279201b8a28923,K00048
B,"['S001-FOD-02', 'S001-FOD-03']",['S001'],2,16.0,0.056,1.0264677522049261,1149.1061758262156,360.0,inf,0.7433830619487685,1111.4693592888013,K30e8b1cacbe13b5f,K00047
B,"['S001-FOD-01', 'S001-FOD-03']",['S001'],2,16.0,0.056,1.0264677522049261,1149.1061758262156,360.0,inf,0.7433830619487685,1111.4693592888013,K11dbbaad303d043b,K00046
B,"['S001-MED-01', 'S001-WAT-02']",['S001'],2,17.0,0.039,1.0372021221594645,1149.1061758262156,360.0,2742.3235787535586,0.7406994694601339,1116.1209196024347,Kfaf54777b600a559,K00052
B,"['S001-MED-02', 'S001-WAT-04']",['S001'],2,17.0,0.039,1.0372021221594645,1149.1061758262156,360.0,2742.3235787535586,0.7406994694601339,1116.1209196024347,K912c9f2b6b5bb25c,K00049
B,"['S001-MED-01', 'S001-WAT-06']",['S001'],2,17.0,0.039,1.0372021221594645,1149.1061758262156,360.0,2742.3235787535586,0.7406994694601339,1116.1209196024347,Kade84fc3e5ad2b3b,K00051
B,"['S001-MED-02', 'S001-WAT-08']",['S001'],2,17.0,0.039,1.0372021221594645,1149.1061758262156,360.0,2742.3235787535586,0.7406994694601339,1116.1209196024347,K98280f369d1224ee,K00050
B,"['S001-FOD-02', 'S001-FOD-03', 'S001-MED-01']",['S001'],3,19.0,0.068,1.0609064511229425,1209.1061758262156,390.0,2682.3235787535586,0.7347733872192643,1126.3927954866085,K4653ebccdfe3cb72,K00056
B,"['S001-FOD-01', 'S001-FOD-02', 'S001-MED-02']",['S001'],3,19.0,0.068,1.0609064511229425,1209.1061758262156,390.0,2682.3235787535586,0.7347733872192643,1126.3927954866085,K273baa0ca71ac59d,K00054
B,"['S001-FOD-01', 'S001-FOD-03', 'S001-MED-01']",['S001'],3,19.0,0.068,1.0609064511229425,1209.1061758262156,390.0,2682.3235787535586,0.7347733872192643,1126.3927954866085,Kffd2e4da7f3bbb04,K00059
B,"['S001-FOD-02', 'S001-FOD-03', 'S001-MED-02']",['S001'],3,19.0,0.068,1.0609064511229425,1209.1061758262156,390.0,2682.3235787535586,0.7347733872192643,1126.3927954866085,K60e427ffcdfea9d8,K00057
B,"['S001-FOD-01', 'S001-FOD-02', 'S001-MED-01']",['S001'],3,19.0,0.068,1.0609064511229425,1209.1061758262156,390.0,2682.3235787535586,0.7347733872192643,1126.3927954866085,K9f84a5eec5543dab,K00058
B,"['S001-FOD-01', 'S001-FOD-03', 'S001-MED-02']",['S001'],3,19.0,0.068,1.0609064511229425,1209.1061758262156,390.0,2682.3235787535586,0.7347733872192643,1126.3927954866085,K3fb9b5e3dab32f95,K00055
B,"['S001-HYG-01', 'S001-WAT-02']",['S001'],2,20.0,0.062,1.073995707624496,1149.1061758262156,360.0,inf,0.731501073093876,1132.0648066372817,K4b63065dc54b8990,K00067
B,"['S001-HYG-02', 'S001-WAT-04']",['S001'],2,20.0,0.062,1.073995707624496,1149.1061758262156,360.0,inf,0.731501073093876,1132.0648066372817,Ke61cb75349e5be84,K00071
B,"['S001-HYG-01', 'S001-WAT-06']",['S001'],2,20.0,0.062,1.073995707624496,1149.1061758262156,360.0,inf,0.731501073093876,1132.0648066372817,K9bf1d0c4386b2a61,K00069
B,"['S001-HYG-02', 'S001-WAT-08']",['S001'],2,20.0,0.062,1.073995707624496,1149.1061758262156,360.0,inf,0.731501073093876,1132.0648066372817,K016a1103d3419899,K00065
B,"['S001-MED-01', 'S001-MED-02', 'S001-WAT-02']",['S001'],3,20.0,0.051000000000000004,1.073995707624496,1209.1061758262156,390.0,2682.3235787535586,0.731501073093876,1132.0648066372817,Kf3e27a212a8d03f6,K00072
B,"['S001-MED-01', 'S001-MED-02', 'S001-WAT-04']",['S001'],3,20.0,0.051000000000000004,1.073995707624496,1209.1061758262156,390.0,2682.3235787535586,0.731501073093876,1132.0648066372817,Kd82b10d4db731029,K00070
B,"['S001-MED-01', 'S001-MED-02', 'S001-WAT-06']",['S001'],3,20.0,0.051000000000000004,1.073995707624496,1209.1061758262156,390.0,2682.3235787535586,0.731501073093876,1132.0648066372817,K18284179f643687d,K00066
B,"['S001-MED-01', 'S001-MED-02', 'S001-WAT-08']",['S001'],3,20.0,0.051000000000000004,1.073995707624496,1209.1061758262156,390.0,2682.3235787535586,0.731501073093876,1132.0648066372817,K92e31aaa2dd9a16d,K00068
B,"['S001-FOD-01', 'S001-WAT-02']",['S001'],2,22.0,0.055,1.1030108820405362,1149.1061758262156,360.0,inf,0.724247279489866,1144.6380488842321,Kbc560d58b6b0768f,K00081
B,"['S001-FOD-02', 'S001-WAT-04']",['S001'],2,22.0,0.055,1.1030108820405362,1149.1061758262156,360.0,inf,0.724247279489866,1144.6380488842321,K9a985e2681acc08a,K00080
B,"['S001-FOD-03', 'S001-WAT-06']",['S001'],2,22.0,0.055,1.1030108820405362,1149.1061758262156,360.0,inf,0.724247279489866,1144.6380488842321,K46803784763626b1,K00078
B,"['S001-FOD-01', 'S001-WAT-08']",['S001'],2,22.0,0.055,1.1030108820405362,1149.1061758262156,360.0,inf,0.724247279489866,1144.6380488842321,Keff922ae474954df,K00082
B,"['S001-FOD-02', 'S001-WAT-02']",['S001'],2,22.0,0.055,1.1030108820405362,1149.1061758262156,360.0,inf,0.724247279489866,1144.6380488842321,K54e0a5d0e1ceeec0,K00079
B,"['S001-FOD-03', 'S001-WAT-04']",['S001'],2,22.0,0.055,1.1030108820405362,1149.1061758262156,360.0,inf,0.724247279489866,1144.6380488842321,Kf559bca53c33470c,K00083
B,"['S001-FOD-02', 'S001-MED-01', 'S001-WAT-03']",['S001'],3,25.0,0.067,1.1550472415422686,1209.1061758262156,390.0,2682.3235787535586,0.7112381896144329,1167.1871380016498,K7f95fd1f1b546627,K00090
B,"['S001-FOD-01', 'S001-MED-02', 'S001-WAT-06']",['S001'],3,25.0,0.067,1.1550472415422686,1209.1061758262156,390.0,2682.3235787535586,0.7112381896144329,1167.1871380016498,K80724720e2c95110,K00091
B,"['S001-FOD-03', 'S001-MED-01', 'S001-WAT-01']",['S001'],3,25.0,0.067,1.1550472415422686,1209.1061758262156,390.0,2682.3235787535586,0.7112381896144329,1167.1871380016498,Keb65e3aeaab236bf,K00093
B,"['S001-FOD-02', 'S001-MED-02', 'S001-WAT-04']",['S001'],3,25.0,0.067,1.1550472415422686,1209.1061758262156,390.0,2682.3235787535586,0.7112381896144329,1167.1871380016498,K6983b8960f453bb7,K00088
B,"['S001-FOD-01', 'S001-MED-01', 'S001-WAT-07']",['S001'],3,25.0,0.067,1.1550472415422686,1209.1061758262156,390.0,2682.3235787535586,0.7112381896144329,1167.1871380016498,K6de47958610e02fa,K00089
B,"['S001-FOD-03', 'S001-MED-02', 'S001-WAT-02']",['S001'],3,25.0,0.067,1.1550472415422686,1209.1061758262156,390.0,2682.3235787535586,0.7112381896144329,1167.1871380016498,Ke7fcb1734a31c92d,K00092
B,"['S001-WAT-01', 'S001-WAT-02']",['S001'],2,28.0,0.054,1.2204344333114248,1149.1061758262156,360.0,2742.3235787535586,0.6948913916721438,1195.5215877682842,K85b939e2e83f6fe8,K00116
B,"['S001-WAT-02', 'S001-WAT-03']",['S001'],2,28.0,0.054,1.2204344333114248,1149.1061758262156,360.0,inf,0.6948913916721438,1195.5215877682842,K807b2803d1154f3c,K00115
B,"['S001-WAT-03', 'S001-WAT-04']",['S001'],2,28.0,0.054,1.2204344333114248,1149.1061758262156,360.0,inf,0.6948913916721438,1195.5215877682842,K1ffbd54f3df7bdbb,K00113
B,"['S001-WAT-04', 'S001-WAT-05']",['S001'],2,28.0,0.054,1.2204344333114248,1149.1061758262156,360.0,inf,0.6948913916721438,1195.5215877682842,Kc173f69cae18304b,K00117
B,"['S001-WAT-05', 'S001-WAT-06']",['S001'],2,28.0,0.054,1.2204344333114248,1149.1061758262156,360.0,inf,0.6948913916721438,1195.5215877682842,K7288cab1aa261c76,K00114
B,"['S001-WAT-06', 'S001-WAT-07']",['S001'],2,28.0,0.054,1.2204344333114248,1149.1061758262156,360.0,inf,0.6948913916721438,1195.5215877682842,K19d8f215de246663,K00112
C,"['S001-HYG-01', 'S001-HYG-02', 'S001-MED-01']",['S001'],3,15.0,0.082,1.9926251901388057,1296.175045862023,390.0,2615.7274770689883,0.7509218512326493,1373.0026556625933,K52d21aa933dae405,K00217
C,"['S001-HYG-01', 'S001-HYG-02', 'S001-MED-02']",['S001'],3,15.0,0.082,1.9926251901388057,1296.175045862023,390.0,2615.7274770689883,0.7509218512326493,1373.0026556625933,Ka1ce633048e90d1e,K00218
C,"['S001-FOD-03', 'S001-HYG-02', 'S001-MED-01']",['S001'],3,17.0,0.07500000000000001,2.0030917325042576,1296.175045862023,390.0,2615.7274770689883,0.7496135334369678,1375.8373442199031,K7cb13c734a9e78ec,K00222
C,"['S001-FOD-03', 'S001-HYG-02', 'S001-MED-02']",['S001'],3,17.0,0.07500000000000001,2.0030917325042576,1296.175045862023,390.0,2615.7274770689883,0.7496135334369678,1375.8373442199031,K1aa8772e5bc01d61,K00221
C,"['S001-HYG-01', 'S001-HYG-02', 'S001-MED-01', 'S001-MED-02']",['S001'],4,18.0,0.094,2.0086117026563204,1362.175045862023,420.0,2549.7274770689883,0.7489235371679599,1377.332336136087,K49186e9ee8b4837a,K00223
C,"['S001-FOD-02', 'S001-HYG-01', 'S001-HYG-02']",['S001'],3,20.0,0.098,2.020229707845544,1296.175045862023,390.0,inf,0.7474712865193069,1380.478879208168,K2fe5b308ad941232,K00227
C,"['S001-FOD-01', 'S001-HYG-01', 'S001-HYG-02']",['S001'],3,20.0,0.098,2.020229707845544,1296.175045862023,390.0,inf,0.7474712865193069,1380.478879208168,Kc26d846e9c1f0608,K00229
C,"['S001-FOD-03', 'S001-HYG-01', 'S001-HYG-02']",['S001'],3,20.0,0.098,2.020229707845544,1296.175045862023,390.0,inf,0.7474712865193069,1380.478879208168,K2442a840d146f21d,K00226
C,"['S001-FOD-03', 'S001-HYG-02', 'S001-MED-01', 'S001-MED-02']",['S001'],4,20.0,0.08700000000000001,2.020229707845544,1362.175045862023,420.0,2549.7274770689883,0.7474712865193069,1380.478879208168,K5b2aabf4255bbe8a,K00228
C,"['S001-FOD-02', 'S001-FOD-03', 'S001-HYG-01']",['S001'],3,22.0,0.091,2.032629639112499,1296.175045862023,390.0,inf,0.7459212951109376,1383.8371939263018,K6247a9f642001e76,K00232
C,"['S001-FOD-01', 'S001-FOD-02', 'S001-HYG-02']",['S001'],3,22.0,0.091,2.032629639112499,1296.175045862023,390.0,inf,0.7459212951109376,1383.8371939263018,K94fe83bb1663ad59,K00235
C,"['S001-FOD-01', 'S001-FOD-03', 'S001-HYG-01']",['S001'],3,22.0,0.091,2.032629639112499,1296.175045862023,390.0,inf,0.7459212951109376,1383.8371939263018,K425a449fbf1d45e3,K00231
C,"['S001-FOD-02', 'S001-FOD-03', 'S001-HYG-02']",['S001'],3,22.0,0.091,2.032629639112499,1296.175045862023,390.0,inf,0.7459212951109376,1383.8371939263018,Kf6c6828ef862307d,K00238
C,"['S001-FOD-01', 'S001-FOD-02', 'S001-HYG-01']",['S001'],3,22.0,0.091,2.032629639112499,1296.175045862023,390.0,inf,0.7459212951109376,1383.8371939263018,Kb458523778f0f91b,K00237
C,"['S001-FOD-01', 'S001-FOD-03', 'S001-HYG-02']",['S001'],3,22.0,0.091,2.032629639112499,1296.175045862023,390.0,inf,0.7459212951109376,1383.8371939263018,K74220067de95e618,K00233
C,"['S001-FOD-02', 'S001-FOD-03', 'S001-MED-01', 'S001-MED-02']",['S001'],4,22.0,0.08,2.032629639112499,1362.175045862023,420.0,2549.7274770689883,0.7459212951109376,1383.8371939263018,Ka3ab266e63cbd8a1,K00236
C,"['S001-FOD-01', 'S001-FOD-02', 'S001-MED-01', 'S001-MED-02']",['S001'],4,22.0,0.08,2.032629639112499,1362.175045862023,420.0,2549.7274770689883,0.7459212951109376,1383.8371939263018,Kfa9331923a01ae21,K00239
C,"['S001-FOD-01', 'S001-FOD-03', 'S001-MED-01', 'S001-MED-02']",['S001'],4,22.0,0.08,2.032629639112499,1362.175045862023,420.0,2549.7274770689883,0.7459212951109376,1383.8371939263018,K89db3ae24d1bb2c4,K00234
C,"['S001-HYG-02', 'S001-MED-01', 'S001-WAT-03']",['S001'],3,23.0,0.07400000000000001,2.039128462754832,1296.175045862023,390.0,2615.7274770689883,0.745108942155646,1385.5972919961002,K6bfbecea08e89ba3,K00242
C,"['S001-HYG-02', 'S001-MED-02', 'S001-WAT-06']",['S001'],3,23.0,0.07400000000000001,2.039128462754832,1296.175045862023,390.0,2615.7274770689883,0.745108942155646,1385.5972919961002,K2f1cc3e3f02cf0b3,K00241
C,"['S001-HYG-02', 'S001-MED-01', 'S001-WAT-01']",['S001'],3,23.0,0.07400000000000001,2.039128462754832,1296.175045862023,390.0,2615.7274770689883,0.745108942155646,1385.5972919961002,K1f1c53d14fe22fef,K00240
C,"['S001-HYG-02', 'S001-MED-02', 'S001-WAT-04']",['S001'],3,23.0,0.07400000000000001,2.039128462754832,1296.175045862023,390.0,2615.7274770689883,0.745108942155646,1385.5972919961002,Kb286eb5d6a867df5,K00244
C,"['S001-HYG-02', 'S001-MED-01', 'S001-WAT-07']",['S001'],3,23.0,0.07400000000000001,2.039128462754832,1296.175045862023,390.0,2615.7274770689883,0.745108942155646,1385.5972919961002,Kb484cc6ebbd55fe9,K00245
C,"['S001-HYG-02', 'S001-MED-02', 'S001-WAT-02']",['S001'],3,23.0,0.07400000000000001,2.039128462754832,1296.175045862023,390.0,2615.7274770689883,0.745108942155646,1385.5972919961002,Kf4515ff9d3b83fa1,K00247
C,"['S001-FOD-03', 'S001-HYG-01', 'S001-HYG-02', 'S001-MED-01']",['S001'],4,23.0,0.11000000000000001,2.039128462754832,1362.175045862023,420.0,2549.7274770689883,0.745108942155646,1385.5972919961002,Ka0ef36502dab791e,K00243
C,"['S001-FOD-03', 'S001-HYG-01', 'S001-HYG-02', 'S001-MED-02']",['S001'],4,23.0,0.11000000000000001,2.039128462754832,1362.175045862023,420.0,2549.7274770689883,0.745108942155646,1385.5972919961002,Ke25d2b75ff570de4,K00246
C,"['S001-FOD-01', 'S001-FOD-02', 'S001-FOD-03']",['S001'],3,24.0,0.084,2.04583025803733,1296.175045862023,390.0,inf,0.7442712177453337,1387.412361551777,Ka63edf8265f8489c,K00250
C,"['S001-FOD-01', 'S001-FOD-03', 'S001-HYG-02', 'S001-MED-01']",['S001'],4,25.0,0.10300000000000001,2.0527382618251595,1362.175045862023,420.0,2549.7274770689883,0.7434077172718551,1389.283279244314,K77ed69b253d8aa9b,K00251
C,"['S001-FOD-01', 'S001-FOD-03', 'S001-HYG-02', 'S001-MED-02']",['S001'],4,25.0,0.10300000000000001,2.0527382618251595,1362.175045862023,420.0,2549.7274770689883,0.7434077172718551,1389.283279244314,K7d76070a6a877be9,K00252
C,"['S001-HYG-01', 'S001-HYG-02', 'S001-WAT-02']",['S001'],3,26.0,0.097,2.0598560543213074,1296.175045862023,390.0,inf,0.7425179932098366,1391.2110147120209,Kaba50b8a7cf2dfbf,K00260
C,"['S001-HYG-01', 'S001-HYG-02', 'S001-WAT-04']",['S001'],3,26.0,0.097,2.0598560543213074,1296.175045862023,390.0,inf,0.7425179932098366,1391.2110147120209,Ka9e2f80238323dd2,K00259
C,"['S001-HYG-01', 'S001-HYG-02', 'S001-WAT-06']",['S001'],3,26.0,0.097,2.0598560543213074,1296.175045862023,390.0,inf,0.7425179932098366,1391.2110147120209,Ka85d78614ae63ee5,K00258
C,"['S001-HYG-01', 'S001-HYG-02', 'S001-WAT-08']",['S001'],3,26.0,0.097,2.0598560543213074,1296.175045862023,390.0,inf,0.7425179932098366,1391.2110147120209,Kecf008d95e57bb0e,K00264
C,"['S001-HYG-02', 'S001-MED-01', 'S001-MED-02', 'S001-WAT-03']",['S001'],4,26.0,0.08600000000000001,2.0598560543213074,1362.175045862023,420.0,2549.7274770689883,0.7425179932098366,1391.2110147120209,Ka30b680c749e900c,K00257
C,"['S001-HYG-02', 'S001-MED-01', 'S001-MED-02', 'S001-WAT-06']",['S001'],4,26.0,0.08600000000000001,2.0598560543213074,1362.175045862023,420.0,2549.7274770689883,0.7425179932098366,1391.2110147120209,K3182626e44f64f68,K00254
C,"['S001-HYG-02', 'S001-MED-01', 'S001-MED-02', 'S001-WAT-01']",['S001'],4,26.0,0.08600000000000001,2.0598560543213074,1362.175045862023,420.0,2549.7274770689883,0.7425179932098366,1391.2110147120209,Kbdee2a91a9bcad69,K00262
C,"['S001-HYG-02', 'S001-MED-01', 'S001-MED-02', 'S001-WAT-04']",['S001'],4,26.0,0.08600000000000001,2.0598560543213074,1362.175045862023,420.0,2549.7274770689883,0.7425179932098366,1391.2110147120209,Ka2eb56312785aaeb,K00256
C,"['S001-HYG-02', 'S001-MED-01', 'S001-MED-02', 'S001-WAT-07']",['S001'],4,26.0,0.08600000000000001,2.0598560543213074,1362.175045862023,420.0,2549.7274770689883,0.7425179932098366,1391.2110147120209,Kbaff4da9efb06690,K00261
C,"['S001-HYG-02', 'S001-MED-01', 'S001-MED-02', 'S001-WAT-02']",['S001'],4,26.0,0.08600000000000001,2.0598560543213074,1362.175045862023,420.0,2549.7274770689883,0.7425179932098366,1391.2110147120209,K3d5bea70d75e77be,K00255
C,"['S001-FOD-03', 'S001-HYG-01', 'S001-HYG-02', 'S001-MED-01', 'S001-MED-02']",['S001'],5,26.0,0.12200000000000001,2.0598560543213074,1428.175045862023,450.0,2483.7274770689883,0.7425179932098366,1391.2110147120209,Kd7427061165d9d44,K00263
C,"['S001-FOD-01', 'S001-FOD-02', 'S001-FOD-03', 'S001-MED-01']",['S001'],4,27.0,0.096,2.067187557112719,1362.175045862023,420.0,2549.7274770689883,0.7416015553609101,1393.1966300513614,Kf4682e732a77de1f,K00267
C,"['S001-FOD-01', 'S001-FOD-02', 'S001-FOD-03', 'S001-MED-02']",['S001'],4,27.0,0.096,2.067187557112719,1362.175045862023,420.0,2549.7274770689883,0.7416015553609101,1393.1966300513614,K01406112225e183b,K00266
C,"['S001-FOD-02', 'S001-HYG-01', 'S001-WAT-03']",['S001'],3,28.0,0.09,2.0747370337247837,1296.175045862023,390.0,inf,0.740657870784402,1395.241279967129,K6b003bc9068c5732,K00275
C,"['S001-FOD-01', 'S001-HYG-02', 'S001-WAT-06']",['S001'],3,28.0,0.09,2.0747370337247837,1296.175045862023,390.0,inf,0.740657870784402,1395.241279967129,K5465ac078db09c7a,K00271
C,"['S001-FOD-03', 'S001-HYG-01', 'S001-WAT-01']",['S001'],3,28.0,0.09,2.0747370337247837,1296.175045862023,390.0,2615.7274770689883,0.740657870784402,1395.241279967129,K670aa3a83373a3e1,K00274
C,"['S001-FOD-02', 'S001-HYG-02', 'S001-WAT-04']",['S001'],3,28.0,0.09,2.0747370337247837,1296.175045862023,390.0,inf,0.740657870784402,1395.241279967129,Kb618ead43f18f2a8,K00279
C,"['S001-FOD-01', 'S001-HYG-01', 'S001-WAT-07']",['S001'],3,28.0,0.09,2.0747370337247837,1296.175045862023,390.0,inf,0.740657870784402,1395.241279967129,Kc22f435f53ce655a,K00281
C,"['S001-FOD-03', 'S001-HYG-02', 'S001-WAT-02']",['S001'],3,28.0,0.09,2.0747370337247837,1296.175045862023,390.0,inf,0.740657870784402,1395.241279967129,K64958a2b77667373,K00273
C,"['S001-FOD-02', 'S001-FOD-03', 'S001-HYG-01', 'S001-HYG-02']",['S001'],4,28.0,0.126,2.0747370337247837,1362.175045862023,420.0,inf,0.740657870784402,1395.241279967129,K59e3711773de2567,K00272
C,"['S001-FOD-01', 'S001-FOD-02', 'S001-HYG-01', 'S001-HYG-02']",['S001'],4,28.0,0.126,2.0747370337247837,1362.175045862023,420.0,inf,0.740657870784402,1395.241279967129,K35d916fa5c5b9c3b,K00269
C,"['S001-FOD-01', 'S001-FOD-03', 'S001-HYG-01', 'S001-HYG-02']",['S001'],4,28.0,0.126,2.0747370337247837,1362.175045862023,420.0,inf,0.740657870784402,1395.241279967129,Kd0b5f16bece38407,K00282
C,"['S001-FOD-02', 'S001-MED-01', 'S001-MED-02', 'S001-WAT-03']",['S001'],4,28.0,0.079,2.0747370337247837,1362.175045862023,420.0,2549.7274770689883,0.740657870784402,1395.241279967129,Kb102556cfe427092,K00278
C,"['S001-FOD-01', 'S001-MED-01', 'S001-MED-02', 'S001-WAT-06']",['S001'],4,28.0,0.079,2.0747370337247837,1362.175045862023,420.0,2549.7274770689883,0.740657870784402,1395.241279967129,Kc0c1948c4bedf317,K00280
C,"['S001-FOD-03', 'S001-MED-01', 'S001-MED-02', 'S001-WAT-01']",['S001'],4,28.0,0.079,2.0747370337247837,1362.175045862023,420.0,2549.7274770689883,0.740657870784402,1395.241279967129,K7c200bed50f5255b,K00277
C,"['S001-FOD-02', 'S001-MED-01', 'S001-MED-02', 'S001-WAT-04']",['S001'],4,28.0,0.079,2.0747370337247837,1362.175045862023,420.0,2549.7274770689883,0.740657870784402,1395.241279967129,K38a685549d2ebaf8,K00270
C,"['S001-FOD-01', 'S001-MED-01', 'S001-MED-02', 'S001-WAT-07']",['S001'],4,28.0,0.079,2.0747370337247837,1362.175045862023,420.0,2549.7274770689883,0.740657870784402,1395.241279967129,Ke53362823fe2d199,K00283
C,"['S001-FOD-03', 'S001-MED-01', 'S001-MED-02', 'S001-WAT-02']",['S001'],4,28.0,0.079,2.0747370337247837,1362.175045862023,420.0,2549.7274770689883,0.740657870784402,1395.241279967129,Ked3e8cb9437276fd,K00284
C,"['S001-FOD-01', 'S001-FOD-03', 'S001-HYG-02', 'S001-MED-01', 'S001-MED-02']",['S001'],5,28.0,0.115,2.0747370337247837,1428.175045862023,450.0,2483.7274770689883,0.740657870784402,1395.241279967129,K71470f780e91401b,K00276
C,"['S001-HYG-01', 'S001-HYG-02', 'S001-MED-01', 'S001-WAT-03']",['S001'],4,29.0,0.10900000000000001,2.082509092449759,1362.175045862023,420.0,2549.7274770689883,0.7396863634437801,1397.3462125384765,Ke615d430044230d1,K00289
C,"['S001-HYG-01', 'S001-HYG-02', 'S001-MED-02', 'S001-WAT-06']",['S001'],4,29.0,0.10900000000000001,2.082509092449759,1362.175045862023,420.0,2549.7274770689883,0.7396863634437801,1397.3462125384765,Kd9227a7ae0e8a8a2,K00288
C,"['S001-HYG-01', 'S001-HYG-02', 'S001-MED-01', 'S001-WAT-01']",['S001'],4,29.0,0.10900000000000001,2.082509092449759,1362.175045862023,420.0,2549.7274770689883,0.7396863634437801,1397.3462125384765,K2a57a01f7ac65980,K00286
C,"['S001-HYG-01', 'S001-HYG-02', 'S001-MED-02', 'S001-WAT-04']",['S001'],4,29.0,0.10900000000000001,2.082509092449759,1362.175045862023,420.0,2549.7274770689883,0.7396863634437801,1397.3462125384765,K2024303d22f45ce4,K00285
C,"['S001-HYG-01', 'S001-HYG-02', 'S001-MED-01', 'S001-WAT-07']",['S001'],4,29.0,0.10900000000000001,2.082509092449759,1362.175045862023,420.0,2549.7274770689883,0.7396863634437801,1397.3462125384765,Ka126071e60bde648,K00287
C,"['S001-HYG-01', 'S001-HYG-02', 'S001-MED-02', 'S001-WAT-02']",['S001'],4,29.0,0.10900000000000001,2.082509092449759,1362.175045862023,420.0,2549.7274770689883,0.7396863634437801,1397.3462125384765,Kfd5d29cd119b6d6d,K00290
C,"['S001-FOD-01', 'S001-FOD-02', 'S001-WAT-02']",['S001'],3,30.0,0.083,2.0905086912754447,1296.175045862023,390.0,inf,0.7386864135905694,1399.5127705537661,K6a3bbe6a61486da8,K00302
C,"['S001-FOD-02', 'S001-FOD-03', 'S001-WAT-04']",['S001'],3,30.0,0.083,2.0905086912754447,1296.175045862023,390.0,inf,0.7386864135905694,1399.5127705537661,K0a7d443209df8fbd,K00300
C,"['S001-FOD-01', 'S001-FOD-03', 'S001-WAT-06']",['S001'],3,30.0,0.083,2.0905086912754447,1296.175045862023,390.0,inf,0.7386864135905694,1399.5127705537661,Kcd4f8a81f774340c,K00304
C,"['S001-FOD-01', 'S001-FOD-02', 'S001-WAT-08']",['S001'],3,30.0,0.083,2.0905086912754447,1296.175045862023,390.0,inf,0.7386864135905694,1399.5127705537661,Kc794e01f92b678ce,K00303
C,"['S001-FOD-02', 'S001-FOD-03', 'S001-WAT-02']",['S001'],3,30.0,0.083,2.0905086912754447,1296.175045862023,390.0,inf,0.7386864135905694,1399.5127705537661,Kee69af175f7f7231,K00305
C,"['S001-FOD-01', 'S001-FOD-03', 'S001-WAT-04']",['S001'],3,30.0,0.083,2.0905086912754447,1296.175045862023,390.0,inf,0.7386864135905694,1399.5127705537661,K1897270046dd0a7d,K00301
C,"['S001-FOD-01', 'S001-FOD-02', 'S001-FOD-03', 'S001-HYG-01', 'S001-HYG-02', 'S001-MED-01', 'S001-MED-02', 'S001-WAT-04', 'S001-WAT-05']",['S001'],9,70.0,0.232,2.7204309037295915,1692.175045862023,570.0,2219.7274770689883,0.6599461370338011,1570.116703093431,Kcc56fab0f45fdf8c,K00473
C,"['S001-FOD-01', 'S001-FOD-02', 'S001-FOD-03', 'S001-HYG-01', 'S001-HYG-02', 'S001-MED-01', 'S001-MED-02', 'S001-WAT-01', 'S001-WAT-08']",['S001'],9,70.0,0.232,2.7204309037295915,1692.175045862023,570.0,2219.7274770689883,0.6599461370338011,1570.116703093431,Kdf091d3d541aa3c1,K00474
C,"['S001-FOD-01', 'S001-FOD-03', 'S001-HYG-01', 'S001-HYG-02', 'S001-MED-01', 'S001-MED-02', 'S001-WAT-04', 'S001-WAT-05', 'S001-WAT-06']",['S001'],9,76.0,0.231,2.9176235505114585,1692.175045862023,570.0,2219.7274770689883,0.6352970561860677,1623.5230449301864,K05b2714a51cae4a4,K00522
C,"['S001-FOD-01', 'S001-FOD-03', 'S001-HYG-01', 'S001-HYG-02', 'S001-MED-01', 'S001-MED-02', 'S001-WAT-01', 'S001-WAT-02', 'S001-WAT-08']",['S001'],9,76.0,0.231,2.9176235505114585,1692.175045862023,570.0,2219.7274770689883,0.6352970561860677,1623.5230449301864,K2ddf62d0880ae37a,K00523
C,"['S001-FOD-01', 'S001-FOD-02', 'S001-FOD-03', 'S001-HYG-02', 'S001-MED-01', 'S001-MED-02', 'S001-WAT-04', 'S001-WAT-05', 'S001-WAT-06']",['S001'],9,78.0,0.224,2.995811635558193,1692.175045862023,570.0,2219.7274770689883,0.6255235455552259,1644.6989846303436,Kf74e609a0249abb3,K00554
C,"['S001-FOD-01', 'S001-FOD-02', 'S001-FOD-03', 'S001-HYG-02', 'S001-MED-01', 'S001-MED-02', 'S001-WAT-01', 'S001-WAT-02', 'S001-WAT-08']",['S001'],9,78.0,0.224,2.995811635558193,1692.175045862023,570.0,2219.7274770689883,0.6255235455552259,1644.6989846303436,Ka9b84f57e1fa8e26,K00551
C,"['S001-FOD-01', 'S001-FOD-02', 'S001-FOD-03', 'S001-HYG-01', 'S001-HYG-02', 'S001-MED-01', 'S001-MED-02', 'S001-WAT-04']",['S001'],8,56.0,0.20500000000000002,2.4050600594039855,1626.175045862023,540.0,2285.7274770689883,0.6993674925745018,1484.7037660885794,K14239896d4020fdf,K00374
C,"['S001-FOD-01', 'S001-FOD-02', 'S001-FOD-03', 'S001-HYG-01', 'S001-HYG-02', 'S001-MED-01', 'S001-MED-02', 'S001-WAT-08']",['S001'],8,56.0,0.20500000000000002,2.4050600594039855,1626.175045862023,540.0,2285.7274770689883,0.6993674925745018,1484.7037660885794,Ka2f961f0fe9f8963,K00375
C,"['S001-FOD-01', 'S001-FOD-03', 'S001-HYG-01', 'S001-HYG-02', 'S001-MED-01', 'S001-MED-02', 'S001-WAT-04', 'S001-WAT-05']",['S001'],8,62.0,0.20400000000000001,2.5212151923826456,1626.175045862023,540.0,2285.7274770689883,0.6848481009521693,1516.1624479369664,K476091aa3b32a67b,K00424
C,"['S001-FOD-01', 'S001-FOD-03', 'S001-HYG-01', 'S001-HYG-02', 'S001-MED-01', 'S001-MED-02', 'S001-WAT-01', 'S001-WAT-08']",['S001'],8,62.0,0.20400000000000001,2.5212151923826456,1626.175045862023,540.0,2285.7274770689883,0.6848481009521693,1516.1624479369664,K747b769d184139e3,K00426
C,"['S001-FOD-01', 'S001-FOD-02', 'S001-FOD-03', 'S001-HYG-02', 'S001-MED-01', 'S001-MED-02', 'S001-WAT-04', 'S001-WAT-05']",['S001'],8,64.0,0.197,2.565614566085543,1626.175045862023,540.0,2285.7274770689883,0.6792981792393071,1528.1872783148347,K8f74e11e74c86dd2,K00442
C,"['S001-FOD-01', 'S001-FOD-02', 'S001-FOD-03', 'S001-HYG-02', 'S001-MED-01', 'S001-MED-02', 'S001-WAT-01', 'S001-WAT-08']",['S001'],8,64.0,0.197,2.565614566085543,1626.175045862023,540.0,2285.7274770689883,0.6792981792393071,1528.1872783148347,K734e36e598cba025,K00440
C,"['S001-FOD-01', 'S001-FOD-02', 'S001-FOD-03', 'S001-HYG-01', 'S001-HYG-02', 'S001-MED-01', 'S001-WAT-04', 'S001-WAT-05']",['S001'],8,67.0,0.22,2.6385997848126843,1626.175045862023,540.0,2285.7274770689883,0.6701750268984145,1547.9541083867684,K478f06d642597a4f,K00457
C,"['S001-FOD-01', 'S001-FOD-02', 'S001-FOD-03', 'S001-HYG-01', 'S001-HYG-02', 'S001-MED-02', 'S001-WAT-01', 'S001-WAT-08']",['S001'],8,67.0,0.22,2.6385997848126843,1626.175045862023,540.0,2285.7274770689883,0.6701750268984145,1547.9541083867684,K98a6a0b6043348b8,K00458
C,"['S001-FOD-03', 'S001-HYG-01', 'S001-HYG-02', 'S001-MED-01', 'S001-MED-02', 'S001-WAT-04', 'S001-WAT-05', 'S001-WAT-06']",['S001'],8,68.0,0.203,2.6648207430643795,1626.175045862023,540.0,2285.7274770689883,0.6668974071169526,1555.0556179132695,Kb078105f6a877d23,K00461
C,"['S001-FOD-03', 'S001-HYG-01', 'S001-HYG-02', 'S001-MED-01', 'S001-MED-02', 'S001-WAT-01', 'S001-WAT-02', 'S001-WAT-08']",['S001'],8,68.0,0.203,2.6648207430643795,1626.175045862023,540.0,2285.7274770689883,0.6668974071169526,1555.0556179132695,Kd0bfa5fbee9d0432,K00462
C,"['S001-FOD-01', 'S001-FOD-03', 'S001-HYG-02', 'S001-MED-01', 'S001-MED-02', 'S001-WAT-04', 'S001-WAT-05', 'S001-WAT-06']",['S001'],8,70.0,0.196,2.7204309037295915,1626.175045862023,540.0,2285.7274770689883,0.6599461370338011,1570.116703093431,K4070a69c260403b0,K00471
C,"['S001-FOD-01', 'S001-FOD-03', 'S001-HYG-02', 'S001-MED-01', 'S001-MED-02', 'S001-WAT-01', 'S001-WAT-02', 'S001-WAT-08']",['S001'],8,70.0,0.196,2.7204309037295915,1626.175045862023,540.0,2285.7274770689883,0.6599461370338011,1570.116703093431,K6be0f94a2e1cd1c2,K00472
C,"['S001-FOD-01', 'S001-FOD-02', 'S001-FOD-03', 'S001-MED-01', 'S001-MED-02', 'S001-WAT-03', 'S001-WAT-04', 'S001-WAT-05']",['S001'],8,72.0,0.189,2.780691677514876,1626.175045862023,540.0,2285.7274770689883,0.6524135403106406,1586.4373293269455,Kd2b305af16590d5d,K00491
C,"['S001-FOD-01', 'S001-FOD-02', 'S001-FOD-03', 'S001-MED-01', 'S001-MED-02', 'S001-WAT-06', 'S001-WAT-07', 'S001-WAT-08']",['S001'],8,72.0,0.189,2.780691677514876,1626.175045862023,540.0,2285.7274770689883,0.6524135403106406,1586.4373293269455,K96aa97c9db6a9982,K00489
C,"['S001-FOD-01', 'S001-FOD-02', 'S001-FOD-03', 'S001-MED-01', 'S001-MED-02', 'S001-WAT-01', 'S001-WAT-02', 'S001-WAT-03']",['S001'],8,72.0,0.189,2.780691677514876,1626.175045862023,540.0,2285.7274770689883,0.6524135403106406,1586.4373293269455,K7f55bbb75bff460b,K00488
C,"['S001-FOD-01', 'S001-FOD-02', 'S001-FOD-03', 'S001-MED-01', 'S001-MED-02', 'S001-WAT-04', 'S001-WAT-05', 'S001-WAT-06']",['S001'],8,72.0,0.189,2.780691677514876,1626.175045862023,540.0,2285.7274770689883,0.6524135403106406,1586.4373293269455,K1edb149b3c44f9c5,K00487
C,"['S001-FOD-01', 'S001-FOD-02', 'S001-FOD-03', 'S001-MED-01', 'S001-MED-02', 'S001-WAT-01', 'S001-WAT-07', 'S001-WAT-08']",['S001'],8,72.0,0.189,2.780691677514876,1626.175045862023,540.0,2285.7274770689883,0.6524135403106406,1586.4373293269455,K04461ead0acc1255,K00486
C,"['S001-FOD-01', 'S001-FOD-02', 'S001-FOD-03', 'S001-MED-01', 'S001-MED-02', 'S001-WAT-02', 'S001-WAT-03', 'S001-WAT-04']",['S001'],8,72.0,0.189,2.780691677514876,1626.175045862023,540.0,2285.7274770689883,0.6524135403106406,1586.4373293269455,Kc5570494e972ec29,K00490
C,"['S001-FOD-01', 'S001-FOD-03', 'S001-HYG-01', 'S001-HYG-02', 'S001-MED-01', 'S001-WAT-04', 'S001-WAT-05', 'S001-WAT-06']",['S001'],8,73.0,0.219,2.8127460327831026,1626.175045862023,540.0,2285.7274770689883,0.6484067459021121,1595.1187172120904,Ke6be98c526fb53e7,K00497
C,"['S001-FOD-01', 'S001-FOD-03', 'S001-HYG-01', 'S001-HYG-02', 'S001-MED-02', 'S001-WAT-01', 'S001-WAT-02', 'S001-WAT-08']",['S001'],8,73.0,0.219,2.8127460327831026,1626.175045862023,540.0,2285.7274770689883,0.6484067459021121,1595.1187172120904,Kce59f1930c666775,K00496
C,"['S001-HYG-01', 'S001-HYG-02', 'S001-MED-01', 'S001-MED-02', 'S001-WAT-03', 'S001-WAT-04', 'S001-WAT-05', 'S001-WAT-06']",['S001'],8,74.0,0.202,2.846191364497974,1626.175045862023,540.0,2285.7274770689883,0.6442260794377532,1604.1768278848679,K90464d5e202533eb,K00505
C,"['S001-HYG-01', 'S001-HYG-02', 'S001-MED-01', 'S001-MED-02', 'S001-WAT-01', 'S001-WAT-06', 'S001-WAT-07', 'S001-WAT-08']",['S001'],8,74.0,0.202,2.846191364497974,1626.175045862023,540.0,2285.7274770689883,0.6442260794377532,1604.1768278848679,K173385912d415696,K00501
C,"['S001-HYG-01', 'S001-HYG-02', 'S001-MED-01', 'S001-MED-02', 'S001-WAT-01', 'S001-WAT-02', 'S001-WAT-03', 'S001-WAT-04']",['S001'],8,74.0,0.202,2.846191364497974,1626.175045862023,540.0,2285.7274770689883,0.6442260794377532,1604.1768278848679,K896ffdc93d5f5997,K00504
C,"['S001-HYG-01', 'S001-HYG-02', 'S001-MED-01', 'S001-MED-02', 'S001-WAT-04', 'S001-WAT-05', 'S001-WAT-06', 'S001-WAT-07']",['S001'],8,74.0,0.202,2.846191364497974,1626.175045862023,540.0,2285.7274770689883,0.6442260794377532,1604.1768278848679,Kb1316e2f5b4fe64c,K00506
C,"['S001-HYG-01', 'S001-HYG-02', 'S001-MED-01', 'S001-MED-02', 'S001-WAT-01', 'S001-WAT-02', 'S001-WAT-07', 'S001-WAT-08']",['S001'],8,74.0,0.202,2.846191364497974,1626.175045862023,540.0,2285.7274770689883,0.6442260794377532,1604.1768278848679,K4dfad61b24917193,K00503
C,"['S001-HYG-01', 'S001-HYG-02', 'S001-MED-01', 'S001-MED-02', 'S001-WAT-02', 'S001-WAT-03', 'S001-WAT-04', 'S001-WAT-05']",['S001'],8,74.0,0.202,2.846191364497974,1626.175045862023,540.0,2285.7274770689883,0.6442260794377532,1604.1768278848679,K335b9747a5feecf8,K00502
C,"['S001-FOD-01', 'S001-FOD-02', 'S001-FOD-03', 'S001-HYG-02', 'S001-MED-01', 'S001-WAT-04', 'S001-WAT-05', 'S001-WAT-06']",['S001'],8,75.0,0.212,2.8811178064716723,1626.175045862023,540.0,2285.7274770689883,0.639860274191041,1613.6360725860777,K1a812b709c56d30f,K00518
C,"['S001-FOD-01', 'S001-FOD-02', 'S001-FOD-03', 'S001-HYG-02', 'S001-MED-02', 'S001-WAT-01', 'S001-WAT-02', 'S001-WAT-08']",['S001'],8,75.0,0.212,2.8811178064716723,1626.175045862023,540.0,2285.7274770689883,0.639860274191041,1613.6360725860777,Kf9a857b22a20598c,K00519
C,"['S001-FOD-03', 'S001-HYG-02', 'S001-MED-01', 'S001-MED-02', 'S001-WAT-04', 'S001-WAT-05', 'S001-WAT-06', 'S001-WAT-07']",['S001'],8,76.0,0.195,2.9176235505114585,1626.175045862023,540.0,2285.7274770689883,0.6352970561860677,1623.5230449301864,Kccbed6ed7e320f45,K00525
C,"['S001-FOD-03', 'S001-HYG-02', 'S001-MED-01', 'S001-MED-02', 'S001-WAT-01', 'S001-WAT-02', 'S001-WAT-03', 'S001-WAT-08']",['S001'],8,76.0,0.195,2.9176235505114585,1626.175045862023,540.0,2285.7274770689883,0.6352970561860677,1623.5230449301864,Kb0a2d394cdb618a2,K00524
C,"['S001-FOD-01', 'S001-FOD-02', 'S001-FOD-03', 'S001-HYG-01', 'S001-HYG-02', 'S001-WAT-03', 'S001-WAT-04', 'S001-WAT-05']",['S001'],8,78.0,0.23500000000000001,2.995811635558193,1626.175045862023,540.0,inf,0.6255235455552259,1644.6989846303436,K0d781c969f1189cb,K00542
C,"['S001-FOD-01', 'S001-FOD-02', 'S001-FOD-03', 'S001-HYG-01', 'S001-HYG-02', 'S001-WAT-06', 'S001-WAT-07', 'S001-WAT-08']",['S001'],8,78.0,0.23500000000000001,2.995811635558193,1626.175045862023,540.0,inf,0.6255235455552259,1644.6989846303436,Kb5446f9487eab8bf,K00552
C,"['S001-FOD-01', 'S001-FOD-02', 'S001-FOD-03', 'S001-HYG-01', 'S001-HYG-02', 'S001-WAT-01', 'S001-WAT-02', 'S001-WAT-03']",['S001'],8,78.0,0.23500000000000001,2.995811635558193,1626.175045862023,540.0,2285.7274770689883,0.6255235455552259,1644.6989846303436,K4b66036e52674c03,K00547
C,"['S001-FOD-01', 'S001-FOD-02', 'S001-FOD-03', 'S001-HYG-01', 'S001-HYG-02', 'S001-WAT-04', 'S001-WAT-05', 'S001-WAT-06']",['S001'],8,78.0,0.23500000000000001,2.995811635558193,1626.175045862023,540.0,inf,0.6255235455552259,1644.6989846303436,K5db8f754c5adcfaf,K00548
C,"['S001-FOD-01', 'S001-FOD-02', 'S001-FOD-03', 'S001-HYG-01', 'S001-HYG-02', 'S001-WAT-01', 'S001-WAT-07', 'S001-WAT-08']",['S001'],8,78.0,0.23500000000000001,2.995811635558193,1626.175045862023,540.0,2285.7274770689883,0.6255235455552259,1644.6989846303436,K1276a4d681034aab,K00544
C,"['S001-FOD-01', 'S001-FOD-02', 'S001-FOD-03', 'S001-HYG-01', 'S001-HYG-02', 'S001-WAT-02', 'S001-WAT-03', 'S001-WAT-04']",['S001'],8,78.0,0.23500000000000001,2.995811635558193,1626.175045862023,540.0,inf,0.6255235455552259,1644.6989846303436,K62fea0e2f1a0137d,K00549
C,"['S001-FOD-02', 'S001-FOD-03', 'S001-MED-01', 'S001-MED-02', 'S001-WAT-03', 'S001-WAT-04', 'S001-WAT-05', 'S001-WAT-06']",['S001'],8,78.0,0.188,2.995811635558193,1626.175045862023,540.0,2285.7274770689883,0.6255235455552259,1644.6989846303436,K33337498a05c5874,K00546
C,"['S001-FOD-01', 'S001-FOD-02', 'S001-MED-01', 'S001-MED-02', 'S001-WAT-01', 'S001-WAT-06', 'S001-WAT-07', 'S001-WAT-08']",['S001'],8,78.0,0.188,2.995811635558193,1626.175045862023,540.0,2285.7274770689883,0.6255235455552259,1644.6989846303436,K0ee26100b656ca6f,K00543
C,"['S001-FOD-01', 'S001-FOD-03', 'S001-MED-01', 'S001-MED-02', 'S001-WAT-01', 'S001-WAT-02', 'S001-WAT-03', 'S001-WAT-04']",['S001'],8,78.0,0.188,2.995811635558193,1626.175045862023,540.0,2285.7274770689883,0.6255235455552259,1644.6989846303436,Ka2fdeea2ce1c9f1d,K00550
C,"['S001-FOD-02', 'S001-FOD-03', 'S001-MED-01', 'S001-MED-02', 'S001-WAT-04', 'S001-WAT-05', 'S001-WAT-06', 'S001-WAT-07']",['S001'],8,78.0,0.188,2.995811635558193,1626.175045862023,540.0,2285.7274770689883,0.6255235455552259,1644.6989846303436,Kc2ea74a29d82d85e,K00553
C,"['S001-FOD-01', 'S001-FOD-02', 'S001-MED-01', 'S001-MED-02', 'S001-WAT-01', 'S001-WAT-02', 'S001-WAT-07', 'S001-WAT-08']",['S001'],8,78.0,0.188,2.995811635558193,1626.175045862023,540.0,2285.7274770689883,0.6255235455552259,1644.6989846303436,K0c9ef86548f5d730,K00541
C,"['S001-FOD-01', 'S001-FOD-03', 'S001-MED-01', 'S001-MED-02', 'S001-WAT-02', 'S001-WAT-03', 'S001-WAT-04', 'S001-WAT-05']",['S001'],8,78.0,0.188,2.995811635558193,1626.175045862023,540.0,2285.7274770689883,0.6255235455552259,1644.6989846303436,K31beb0022375a0d8,K00545
C,"['S001-FOD-03', 'S001-HYG-01', 'S001-HYG-02', 'S001-MED-01', 'S001-WAT-04', 'S001-WAT-05', 'S001-WAT-06', 'S001-WAT-07']",['S001'],8,79.0,0.218,3.0377395715664606,1626.175045862023,540.0,2285.7274770689883,0.6202825535541925,1656.0544672992496,K00a336245a46ab6b,K00564
C,"['S001-FOD-03', 'S001-HYG-01', 'S001-HYG-02', 'S001-MED-02', 'S001-WAT-01', 'S001-WAT-02', 'S001-WAT-03', 'S001-WAT-08']",['S001'],8,79.0,0.218,3.0377395715664606,1626.175045862023,540.0,2285.7274770689883,0.6202825535541925,1656.0544672992496,Ka8e63309ca84334c,K00565
C,"['S001-FOD-01', 'S001-FOD-02', 'S001-FOD-03', 'S001-HYG-01', 'S001-HYG-02', 'S001-MED-01', 'S001-MED-02']",['S001'],7,42.0,0.17800000000000002,2.2065791127598486,1560.175045862023,510.0,2351.7274770689883,0.7241776109050189,1430.9485097057925,Kd23d1f1d6d95b6f5,K00317
C,"['S001-FOD-01', 'S001-FOD-03', 'S001-HYG-01', 'S001-HYG-02', 'S001-MED-01', 'S001-MED-02', 'S001-WAT-04']",['S001'],7,48.0,0.17700000000000002,2.2814782762843064,1560.175045862023,510.0,2351.7274770689883,0.7148152154644617,1451.2336998269998,K1e7af8fa40dfd85a,K00339
C,"['S001-FOD-01', 'S001-FOD-03', 'S001-HYG-01', 'S001-HYG-02', 'S001-MED-01', 'S001-MED-02', 'S001-WAT-08']",['S001'],7,48.0,0.17700000000000002,2.2814782762843064,1560.175045862023,510.0,2351.7274770689883,0.7148152154644617,1451.2336998269998,Kb05f791e8374962b,K00340
C,"['S001-FOD-01', 'S001-FOD-02', 'S001-FOD-03', 'S001-HYG-02', 'S001-MED-01', 'S001-MED-02', 'S001-WAT-04']",['S001'],7,50.0,0.17,2.30956489768107,1560.175045862023,510.0,2351.7274770689883,0.7113043877898663,1458.8404931219563,Ka1ca832980b99840,K00347
C,"['S001-FOD-01', 'S001-FOD-02', 'S001-FOD-03', 'S001-HYG-02', 'S001-MED-01', 'S001-MED-02', 'S001-WAT-08']",['S001'],7,50.0,0.17,2.30956489768107,1560.175045862023,510.0,2351.7274770689883,0.7113043877898663,1458.8404931219563,K8b0986789654bb50,K00346
C,"['S001-FOD-01', 'S001-FOD-02', 'S001-FOD-03', 'S001-HYG-01', 'S001-HYG-02', 'S001-MED-01', 'S001-WAT-04']",['S001'],7,53.0,0.193,2.355059057524757,1560.175045862023,510.0,2351.7274770689883,0.7056176178094054,1471.1618280796217,Kf19dc147ff151308,K00357
C,"['S001-FOD-01', 'S001-FOD-02', 'S001-FOD-03', 'S001-HYG-01', 'S001-HYG-02', 'S001-MED-02', 'S001-WAT-08']",['S001'],7,53.0,0.193,2.355059057524757,1560.175045862023,510.0,2351.7274770689883,0.7056176178094054,1471.1618280796217,Kae4b734395cf1277,K00356
C,"['S001-FOD-03', 'S001-HYG-01', 'S001-HYG-02', 'S001-MED-01', 'S001-MED-02', 'S001-WAT-04', 'S001-WAT-05']",['S001'],7,54.0,0.17600000000000002,2.371196777911421,1560.175045862023,510.0,2351.7274770689883,0.7036004027610724,1475.5324606843433,K1768997a8f2aca88,K00370
C,"['S001-FOD-03', 'S001-HYG-01', 'S001-HYG-02', 'S001-MED-01', 'S001-MED-02', 'S001-WAT-01', 'S001-WAT-08']",['S001'],7,54.0,0.17600000000000002,2.371196777911421,1560.175045862023,510.0,2351.7274770689883,0.7036004027610724,1475.5324606843433,K9d93bc38a61a7cb8,K00371
C,"['S001-FOD-01', 'S001-FOD-03', 'S001-HYG-02', 'S001-MED-01', 'S001-MED-02', 'S001-WAT-04', 'S001-WAT-05']",['S001'],7,56.0,0.169,2.4050600594039855,1560.175045862023,510.0,2351.7274770689883,0.6993674925745018,1484.7037660885794,Kacaecc9301c9cd43,K00376
C,"['S001-FOD-01', 'S001-FOD-03', 'S001-HYG-02', 'S001-MED-01', 'S001-MED-02', 'S001-WAT-01', 'S001-WAT-08']",['S001'],7,56.0,0.169,2.4050600594039855,1560.175045862023,510.0,2351.7274770689883,0.6993674925745018,1484.7037660885794,Kca88522079699670,K00377
C,"['S001-FOD-01', 'S001-FOD-02', 'S001-FOD-03', 'S001-MED-01', 'S001-MED-02', 'S001-WAT-03', 'S001-WAT-04']",['S001'],7,58.0,0.162,2.441201720441195,1560.175045862023,510.0,2351.7274770689883,0.6948497849448506,1494.4921326194903,Kd13b5ff93f7e9983,K00397
C,"['S001-FOD-01', 'S001-FOD-02', 'S001-FOD-03', 'S001-MED-01', 'S001-MED-02', 'S001-WAT-06', 'S001-WAT-07']",['S001'],7,58.0,0.162,2.441201720441195,1560.175045862023,510.0,2351.7274770689883,0.6948497849448506,1494.4921326194903,K1ff5ab02ce696dee,K00394
C,"['S001-FOD-01', 'S001-FOD-02', 'S001-FOD-03', 'S001-MED-01', 'S001-MED-02', 'S001-WAT-01', 'S001-WAT-02']",['S001'],7,58.0,0.162,2.441201720441195,1560.175045862023,510.0,2351.7274770689883,0.6948497849448506,1494.4921326194903,K0192b6e080a1a89a,K00392
C,"['S001-FOD-01', 'S001-FOD-02', 'S001-FOD-03', 'S001-MED-01', 'S001-MED-02', 'S001-WAT-04', 'S001-WAT-05']",['S001'],7,58.0,0.162,2.441201720441195,1560.175045862023,510.0,2351.7274770689883,0.6948497849448506,1494.4921326194903,K094fdb16c72fc6e5,K00393
C,"['S001-FOD-01', 'S001-FOD-02', 'S001-FOD-03', 'S001-MED-01', 'S001-MED-02', 'S001-WAT-07', 'S001-WAT-08']",['S001'],7,58.0,0.162,2.441201720441195,1560.175045862023,510.0,2351.7274770689883,0.6948497849448506,1494.4921326194903,K787020dcf6b36981,K00396
C,"['S001-FOD-01', 'S001-FOD-02', 'S001-FOD-03', 'S001-MED-01', 'S001-MED-02', 'S001-WAT-02', 'S001-WAT-03']",['S001'],7,58.0,0.162,2.441201720441195,1560.175045862023,510.0,2351.7274770689883,0.6948497849448506,1494.4921326194903,K416a04c212bb8ed4,K00395
C,"['S001-FOD-01', 'S001-FOD-03', 'S001-HYG-01', 'S001-HYG-02', 'S001-MED-01', 'S001-WAT-04', 'S001-WAT-05']",['S001'],7,59.0,0.192,2.4601934139191375,1560.175045862023,510.0,2351.7274770689883,0.6924758232601078,1499.6357162697664,K112620151772049e,K00400
C,"['S001-FOD-01', 'S001-FOD-03', 'S001-HYG-01', 'S001-HYG-02', 'S001-MED-02', 'S001-WAT-01', 'S001-WAT-08']",['S001'],7,59.0,0.192,2.4601934139191375,1560.175045862023,510.0,2351.7274770689883,0.6924758232601078,1499.6357162697664,Kafca20eaea34fbd2,K00401
C,"['S001-HYG-01', 'S001-HYG-02', 'S001-MED-01', 'S001-MED-02', 'S001-WAT-03', 'S001-WAT-04', 'S001-WAT-05']",['S001'],7,60.0,0.17500000000000002,2.47983802953929,1560.175045862023,510.0,2351.7274770689883,0.6900202463075887,1504.9561330002246,Ke80b56e53fcaf7ef,K00409
C,"['S001-HYG-01', 'S001-HYG-02', 'S001-MED-01', 'S001-MED-02', 'S001-WAT-06', 'S001-WAT-07', 'S001-WAT-08']",['S001'],7,60.0,0.17500000000000002,2.47983802953929,1560.175045862023,510.0,2351.7274770689883,0.6900202463075887,1504.9561330002246,K6ee6f1ddfd1cf11b,K00406
C,"['S001-HYG-01', 'S001-HYG-02', 'S001-MED-01', 'S001-MED-02', 'S001-WAT-01', 'S001-WAT-02', 'S001-WAT-03']",['S001'],7,60.0,0.17500000000000002,2.47983802953929,1560.175045862023,510.0,2351.7274770689883,0.6900202463075887,1504.9561330002246,Ke57aa1fd503561ca,K00408
C,"['S001-HYG-01', 'S001-HYG-02', 'S001-MED-01', 'S001-MED-02', 'S001-WAT-04', 'S001-WAT-05', 'S001-WAT-06']",['S001'],7,60.0,0.17500000000000002,2.47983802953929,1560.175045862023,510.0,2351.7274770689883,0.6900202463075887,1504.9561330002246,Kc130f3fc9532a414,K00407
C,"['S001-HYG-01', 'S001-HYG-02', 'S001-MED-01', 'S001-MED-02', 'S001-WAT-01', 'S001-WAT-07', 'S001-WAT-08']",['S001'],7,60.0,0.17500000000000002,2.47983802953929,1560.175045862023,510.0,2351.7274770689883,0.6900202463075887,1504.9561330002246,K65c2eefeac1da713,K00405
C,"['S001-HYG-01', 'S001-HYG-02', 'S001-MED-01', 'S001-MED-02', 'S001-WAT-02', 'S001-WAT-03', 'S001-WAT-04']",['S001'],7,60.0,0.17500000000000002,2.47983802953929,1560.175045862023,510.0,2351.7274770689883,0.6900202463075887,1504.9561330002246,Kf99d5e9e60ac77c4,K00410
C,"['S001-FOD-01', 'S001-FOD-02', 'S001-FOD-03', 'S001-HYG-02', 'S001-MED-01', 'S001-WAT-04', 'S001-WAT-05']",['S001'],7,61.0,0.185,2.500167311572134,1560.175045862023,510.0,2351.7274770689883,0.6874790860534832,1510.4619802174532,Kd23f2abea2a4ce24,K00416
C,"['S001-FOD-01', 'S001-FOD-02', 'S001-FOD-03', 'S001-HYG-02', 'S001-MED-02', 'S001-WAT-01', 'S001-WAT-08']",['S001'],7,61.0,0.185,2.500167311572134,1560.175045862023,510.0,2351.7274770689883,0.6874790860534832,1510.4619802174532,Kd9d65149ec567d5d,K00417
C,"['S001-FOD-03', 'S001-HYG-02', 'S001-MED-01', 'S001-MED-02', 'S001-WAT-04', 'S001-WAT-05', 'S001-WAT-06']",['S001'],7,62.0,0.168,2.5212151923826456,1560.175045862023,510.0,2351.7274770689883,0.6848481009521693,1516.1624479369664,Kd5035ca400a9d592,K00427
C,"['S001-FOD-03', 'S001-HYG-02', 'S001-MED-01', 'S001-MED-02', 'S001-WAT-01', 'S001-WAT-02', 'S001-WAT-08']",['S001'],7,62.0,0.168,2.5212151923826456,1560.175045862023,510.0,2351.7274770689883,0.6848481009521693,1516.1624479369664,K61b1635bccff6de7,K00425
C,"['S001-FOD-01', 'S001-FOD-02', 'S001-FOD-03', 'S001-HYG-01', 'S001-HYG-02', 'S001-WAT-03', 'S001-WAT-04']",['S001'],7,64.0,0.20800000000000002,2.565614566085543,1560.175045862023,510.0,inf,0.6792981792393071,1528.1872783148347,K6889e12fc759e764,K00438
C,"['S001-FOD-01', 'S001-FOD-02', 'S001-FOD-03', 'S001-HYG-01', 'S001-HYG-02', 'S001-WAT-06', 'S001-WAT-07']",['S001'],7,64.0,0.20800000000000002,2.565614566085543,1560.175045862023,510.0,inf,0.6792981792393071,1528.1872783148347,K23fb6c1a4c10c5a7,K00432
C,"['S001-FOD-01', 'S001-FOD-02', 'S001-FOD-03', 'S001-HYG-01', 'S001-HYG-02', 'S001-WAT-01', 'S001-WAT-02']",['S001'],7,64.0,0.20800000000000002,2.565614566085543,1560.175045862023,510.0,2351.7274770689883,0.6792981792393071,1528.1872783148347,K356928287c756954,K00433
C,"['S001-FOD-01', 'S001-FOD-02', 'S001-FOD-03', 'S001-HYG-01', 'S001-HYG-02', 'S001-WAT-04', 'S001-WAT-05']",['S001'],7,64.0,0.20800000000000002,2.565614566085543,1560.175045862023,510.0,inf,0.6792981792393071,1528.1872783148347,K5a04ba09fde0f60c,K00436
C,"['S001-FOD-01', 'S001-FOD-02', 'S001-FOD-03', 'S001-HYG-01', 'S001-HYG-02', 'S001-WAT-07', 'S001-WAT-08']",['S001'],7,64.0,0.20800000000000002,2.565614566085543,1560.175045862023,510.0,inf,0.6792981792393071,1528.1872783148347,K69a1dfaa854eef00,K00439
C,"['S001-FOD-01', 'S001-FOD-02', 'S001-FOD-03', 'S001-HYG-01', 'S001-HYG-02', 'S001-WAT-02', 'S001-WAT-03']",['S001'],7,64.0,0.20800000000000002,2.565614566085543,1560.175045862023,510.0,inf,0.6792981792393071,1528.1872783148347,K74d1723cb0235d76,K00441
C,"['S001-FOD-02', 'S001-FOD-03', 'S001-MED-01', 'S001-MED-02', 'S001-WAT-03', 'S001-WAT-04', 'S001-WAT-05']",['S001'],7,64.0,0.161,2.565614566085543,1560.175045862023,510.0,2351.7274770689883,0.6792981792393071,1528.1872783148347,Kdf647a69784e89ec,K00444
C,"['S001-FOD-01', 'S001-FOD-02', 'S001-MED-01', 'S001-MED-02', 'S001-WAT-06', 'S001-WAT-07', 'S001-WAT-08']",['S001'],7,64.0,0.161,2.565614566085543,1560.175045862023,510.0,2351.7274770689883,0.6792981792393071,1528.1872783148347,K5d4b0c2a0bbc83bc,K00437
C,"['S001-FOD-01', 'S001-FOD-03', 'S001-MED-01', 'S001-MED-02', 'S001-WAT-01', 'S001-WAT-02', 'S001-WAT-03']",['S001'],7,64.0,0.161,2.565614566085543,1560.175045862023,510.0,2351.7274770689883,0.6792981792393071,1528.1872783148347,K54750e82636a4a38,K00435
C,"['S001-FOD-02', 'S001-FOD-03', 'S001-MED-01', 'S001-MED-02', 'S001-WAT-04', 'S001-WAT-05', 'S001-WAT-06']",['S001'],7,64.0,0.161,2.565614566085543,1560.175045862023,510.0,2351.7274770689883,0.6792981792393071,1528.1872783148347,K109a10e19c1137f7,K00431
C,"['S001-FOD-01', 'S001-FOD-02', 'S001-MED-01', 'S001-MED-02', 'S001-WAT-01', 'S001-WAT-07', 'S001-WAT-08']",['S001'],7,64.0,0.161,2.565614566085543,1560.175045862023,510.0,2351.7274770689883,0.6792981792393071,1528.1872783148347,K4c5599540be31331,K00434
C,"['S001-FOD-01', 'S001-FOD-03', 'S001-MED-01', 'S001-MED-02', 'S001-WAT-02', 'S001-WAT-03', 'S001-WAT-04']",['S001'],7,64.0,0.161,2.565614566085543,1560.175045862023,510.0,2351.7274770689883,0.6792981792393071,1528.1872783148347,Kc80e29728bb406bd,K00443
B,"['S002-HYG-01', 'S002-MED-01']",['S002'],2,9.0,0.047,2.270561337533877,1756.7240813077574,360.0,2439.697959346121,0.4323596656165307,1650.5765795980133,Kcc7cca50df8a2ace,K00337
B,"['S002-FOD-02', 'S002-MED-01']",['S002'],2,11.0,0.04,2.303067043336501,1756.7240813077574,360.0,2439.697959346121,0.42423323916587474,1664.662385445817,K6733fde5070555a8,K00344
B,"['S002-FOD-02', 'S002-HYG-01']",['S002'],2,14.0,0.063,2.3613312390809593,1756.7240813077574,360.0,inf,0.40966719022976017,1689.910203601749,K8cd18f5ace0dfbf4,K00361
B,"['S002-FOD-01', 'S002-FOD-02']",['S002'],2,16.0,0.056,2.4073052700624196,1756.7240813077574,360.0,inf,0.3981736824843951,1709.8322836937152,K80a647ae2508d269,K00379
B,"['S002-MED-01', 'S002-WAT-02']",['S002'],2,17.0,0.039,2.4327064677128236,1756.7240813077574,360.0,2439.697959346121,0.3918233830717941,1720.8394693422235,K057f19e5a16da8c2,K00388
B,"['S002-MED-01', 'S002-WAT-04']",['S002'],2,17.0,0.039,2.4327064677128236,1756.7240813077574,360.0,2439.697959346121,0.3918233830717941,1720.8394693422235,K28223165a3ef0ce0,K00389
B,"['S002-FOD-01', 'S002-FOD-02', 'S002-MED-01']",['S002'],3,19.0,0.068,2.4889342119960283,1816.7240813077574,390.0,2379.697959346121,0.37776644700099293,1745.204825198279,Ka08d7cffeaa6c9aa,K00412
B,"['S002-HYG-01', 'S002-WAT-02']",['S002'],2,20.0,0.062,2.5200502709293477,1756.7240813077574,360.0,inf,0.36998743226766306,1758.6884507360508,K3eb027c748a4fdb0,K00422
B,"['S002-HYG-01', 'S002-WAT-04']",['S002'],2,20.0,0.062,2.5200502709293477,1756.7240813077574,360.0,inf,0.36998743226766306,1758.6884507360508,Kece644455703160a,K00423
B,"['S002-FOD-01', 'S002-WAT-02']",['S002'],2,22.0,0.055,2.589166425949312,1756.7240813077574,360.0,inf,0.352708393512672,1788.6387845780353,K3a9b809017e91488,K00450
B,"['S002-FOD-02', 'S002-WAT-04']",['S002'],2,22.0,0.055,2.589166425949312,1756.7240813077574,360.0,inf,0.352708393512672,1788.6387845780353,K59b839351d1535fd,K00451
B,"['S002-FOD-02', 'S002-MED-01', 'S002-WAT-03']",['S002'],3,25.0,0.067,2.7135015395527393,1816.7240813077574,390.0,2379.697959346121,0.32162461511181517,1842.517333806187,Kcd69b3ba94a5987c,K00470
B,"['S002-FOD-02', 'S002-MED-01', 'S002-WAT-02']",['S002'],3,25.0,0.067,2.7135015395527393,1816.7240813077574,390.0,2379.697959346121,0.32162461511181517,1842.517333806187,K1c3149ab40def3c2,K00467
B,"['S002-FOD-02', 'S002-MED-01', 'S002-WAT-01']",['S002'],3,25.0,0.067,2.7135015395527393,1816.7240813077574,390.0,2379.697959346121,0.32162461511181517,1842.517333806187,K865dc6bbd24d77c2,K00469
B,"['S002-FOD-02', 'S002-MED-01', 'S002-WAT-04']",['S002'],3,25.0,0.067,2.7135015395527393,1816.7240813077574,390.0,2379.697959346121,0.32162461511181517,1842.517333806187,K54bcddde9867ffbc,K00468
B,"['S002-WAT-01', 'S002-WAT-02']",['S002'],2,28.0,0.054,2.870236581091768,1756.7240813077574,360.0,2439.697959346121,0.28244085472705804,1910.4358518064325,K4c66e1e048c7d50e,K00511
B,"['S002-WAT-02', 'S002-WAT-03']",['S002'],2,28.0,0.054,2.870236581091768,1756.7240813077574,360.0,inf,0.28244085472705804,1910.4358518064325,Kc6febf295ae7edc8,K00512
B,"['S002-WAT-03', 'S002-WAT-04']",['S002'],2,28.0,0.054,2.870236581091768,1756.7240813077574,360.0,inf,0.28244085472705804,1910.4358518064325,K2c72c6dd88103f55,K00509
B,"['S002-WAT-01', 'S002-WAT-04']",['S002'],2,28.0,0.054,2.870236581091768,1756.7240813077574,360.0,2439.697959346121,0.28244085472705804,1910.4358518064325,K3e67ce62491b76ff,K00510
C,"['S002-FOD-01', 'S002-HYG-01', 'S002-MED-01']",['S002'],3,17.0,0.07500000000000001,4.771207085911148,1909.8421660245544,390.0,2310.6689169877227,0.4035991142611065,2125.5352524342693,Kae6447bb85d2459f,K00654
C,"['S002-FOD-02', 'S002-HYG-01', 'S002-MED-01']",['S002'],3,17.0,0.07500000000000001,4.771207085911148,1909.8421660245544,390.0,2310.6689169877227,0.4035991142611065,2125.5352524342693,K7305801178a78ea8,K00653
C,"['S002-FOD-01', 'S002-FOD-02', 'S002-HYG-01']",['S002'],3,22.0,0.091,4.839644589167815,1909.8421660245544,390.0,inf,0.39504442635402315,2144.070409566283,Kca70bfeafde67186,K00657
C,"['S002-HYG-01', 'S002-MED-01', 'S002-WAT-03']",['S002'],3,23.0,0.07400000000000001,4.854766922359845,1909.8421660245544,390.0,2310.6689169877227,0.39315413470501936,2148.166041472458,Ke2d71e32359794e5,K00661
C,"['S002-HYG-01', 'S002-MED-01', 'S002-WAT-02']",['S002'],3,23.0,0.07400000000000001,4.854766922359845,1909.8421660245544,390.0,2310.6689169877227,0.39315413470501936,2148.166041472458,K999944b66e79e636,K00660
C,"['S002-HYG-01', 'S002-MED-01', 'S002-WAT-01']",['S002'],3,23.0,0.07400000000000001,4.854766922359845,1909.8421660245544,390.0,2310.6689169877227,0.39315413470501936,2148.166041472458,K5f92d9f4e9d6cf4e,K00659
C,"['S002-HYG-01', 'S002-MED-01', 'S002-WAT-04']",['S002'],3,23.0,0.07400000000000001,4.854766922359845,1909.8421660245544,390.0,2310.6689169877227,0.39315413470501936,2148.166041472458,K1efa2b76420392f3,K00658
C,"['S002-FOD-01', 'S002-FOD-02', 'S002-HYG-01', 'S002-MED-01']",['S002'],4,25.0,0.10300000000000001,4.8864971645749655,1975.8421660245544,420.0,2244.6689169877227,0.3891878544281293,2156.759648739053,K36c772c543b69060,K00668
C,"['S002-FOD-02', 'S002-HYG-01', 'S002-WAT-03']",['S002'],3,28.0,0.09,4.93793677217745,1909.8421660245544,390.0,inf,0.3827579034778188,2170.6912091313925,Ka1343e5393b92adc,K00674
C,"['S002-FOD-02', 'S002-HYG-01', 'S002-WAT-02']",['S002'],3,28.0,0.09,4.93793677217745,1909.8421660245544,390.0,inf,0.3827579034778188,2170.6912091313925,Kaf8772026dab9e95,K00675
C,"['S002-FOD-02', 'S002-HYG-01', 'S002-WAT-01']",['S002'],3,28.0,0.09,4.93793677217745,1909.8421660245544,390.0,2310.6689169877227,0.3827579034778188,2170.6912091313925,K77993d8ec2509a26,K00673
C,"['S002-FOD-02', 'S002-HYG-01', 'S002-WAT-04']",['S002'],3,28.0,0.09,4.93793677217745,1909.8421660245544,390.0,inf,0.3827579034778188,2170.6912091313925,K60526d61932355d3,K00672
C,"['S002-FOD-01', 'S002-FOD-02', 'S002-WAT-02']",['S002'],3,30.0,0.083,4.974913433309892,1909.8421660245544,390.0,inf,0.3781358208362635,2180.705721521429,K79cef94748c0da57,K00680
C,"['S002-FOD-01', 'S002-FOD-02', 'S002-WAT-04']",['S002'],3,30.0,0.083,4.974913433309892,1909.8421660245544,390.0,inf,0.3781358208362635,2180.705721521429,Kff4ec9f056ebd37f,K00681
C,"['S002-MED-01', 'S002-WAT-02', 'S002-WAT-03']",['S002'],3,31.0,0.066,4.994242956119988,1909.8421660245544,390.0,2310.6689169877227,0.37571963048500145,2185.94080061583,Kdec5e708dc37d2a3,K00688
C,"['S002-MED-01', 'S002-WAT-01', 'S002-WAT-04']",['S002'],3,31.0,0.066,4.994242956119988,1909.8421660245544,390.0,2310.6689169877227,0.37571963048500145,2185.94080061583,Kb10d303db41b1176,K00685
C,"['S002-FOD-01', 'S002-HYG-01', 'S002-MED-01', 'S002-WAT-04']",['S002'],4,31.0,0.10200000000000001,4.994242956119988,1975.8421660245544,420.0,2244.6689169877227,0.37571963048500145,2185.94080061583,Kc2f5553ad0d0f9f4,K00686
C,"['S002-FOD-02', 'S002-HYG-01', 'S002-MED-01', 'S002-WAT-04']",['S002'],4,31.0,0.10200000000000001,4.994242956119988,1975.8421660245544,420.0,2244.6689169877227,0.37571963048500145,2185.94080061583,Kcfa7f387337aa945,K00687
C,"['S002-FOD-01', 'S002-FOD-02', 'S002-MED-01', 'S002-WAT-03']",['S002'],4,33.0,0.095,5.034653333222524,1975.8421660245544,420.0,2244.6689169877227,0.3706683333471845,2196.885277747767,K261c549ca1d0f0d8,K00698
C,"['S002-FOD-01', 'S002-FOD-02', 'S002-MED-01', 'S002-WAT-02']",['S002'],4,33.0,0.095,5.034653333222524,1975.8421660245544,420.0,2244.6689169877227,0.3706683333471845,2196.885277747767,Kf789787167d2c212,K00699
C,"['S002-FOD-01', 'S002-FOD-02', 'S002-MED-01', 'S002-WAT-01']",['S002'],4,33.0,0.095,5.034653333222524,1975.8421660245544,420.0,2244.6689169877227,0.3706683333471845,2196.885277747767,K21e1549851c236d6,K00697
C,"['S002-FOD-01', 'S002-FOD-02', 'S002-MED-01', 'S002-WAT-04']",['S002'],4,33.0,0.095,5.034653333222524,1975.8421660245544,420.0,2244.6689169877227,0.3706683333471845,2196.885277747767,K1613b4c50f7aed82,K00696
C,"['S002-HYG-01', 'S002-WAT-02', 'S002-WAT-03']",['S002'],3,34.0,0.089,5.05576452388224,1909.8421660245544,390.0,inf,0.36802943451472003,2202.6028918847737,K71abec126032b026,K00700
C,"['S002-HYG-01', 'S002-WAT-01', 'S002-WAT-04']",['S002'],3,34.0,0.089,5.05576452388224,1909.8421660245544,390.0,2310.6689169877227,0.36802943451472003,2202.6028918847737,Kb18ddc4fb33be6bf,K00701
C,"['S002-FOD-01', 'S002-WAT-02', 'S002-WAT-03']",['S002'],3,36.0,0.082,5.099882033600018,1909.8421660245544,390.0,inf,0.36251474579999776,2214.5513841000047,Kbc3cdf49ead78a6b,K00714
C,"['S002-FOD-02', 'S002-WAT-01', 'S002-WAT-04']",['S002'],3,36.0,0.082,5.099882033600018,1909.8421660245544,390.0,2310.6689169877227,0.36251474579999776,2214.5513841000047,K0a6eb1bdc6483976,K00710
C,"['S002-FOD-01', 'S002-FOD-02', 'S002-HYG-01', 'S002-WAT-03']",['S002'],4,36.0,0.11800000000000001,5.099882033600018,1975.8421660245544,420.0,inf,0.36251474579999776,2214.5513841000047,Kd985838fcdbbff2c,K00715
C,"['S002-FOD-01', 'S002-FOD-02', 'S002-HYG-01', 'S002-WAT-02']",['S002'],4,36.0,0.11800000000000001,5.099882033600018,1975.8421660245544,420.0,inf,0.36251474579999776,2214.5513841000047,K4d2b430e50230b8a,K00713
C,"['S002-FOD-01', 'S002-FOD-02', 'S002-HYG-01', 'S002-WAT-01']",['S002'],4,36.0,0.11800000000000001,5.099882033600018,1975.8421660245544,420.0,2244.6689169877227,0.36251474579999776,2214.5513841000047,K39986ba08d2abc8d,K00712
C,"['S002-FOD-01', 'S002-FOD-02', 'S002-HYG-01', 'S002-WAT-04']",['S002'],4,36.0,0.11800000000000001,5.099882033600018,1975.8421660245544,420.0,inf,0.36251474579999776,2214.5513841000047,K2c3f5cf98c01fce5,K00711
C,"['S002-HYG-01', 'S002-MED-01', 'S002-WAT-03', 'S002-WAT-04']",['S002'],4,37.0,0.101,5.122924680151803,1975.8421660245544,420.0,2244.6689169877227,0.35963441498102466,2220.7921008744465,K6fb1c47f9a512715,K00720
C,"['S002-HYG-01', 'S002-MED-01', 'S002-WAT-02', 'S002-WAT-03']",['S002'],4,37.0,0.101,5.122924680151803,1975.8421660245544,420.0,2244.6689169877227,0.35963441498102466,2220.7921008744465,K14c13a1c78c05188,K00718
C,"['S002-HYG-01', 'S002-MED-01', 'S002-WAT-01', 'S002-WAT-02']",['S002'],4,37.0,0.101,5.122924680151803,1975.8421660245544,420.0,2244.6689169877227,0.35963441498102466,2220.7921008744465,Ke303e731cdb06743,K00721
C,"['S002-HYG-01', 'S002-MED-01', 'S002-WAT-01', 'S002-WAT-04']",['S002'],4,37.0,0.101,5.122924680151803,1975.8421660245544,420.0,2244.6689169877227,0.35963441498102466,2220.7921008744465,K3644edbefb0d07b7,K00719
C,"['S002-FOD-02', 'S002-MED-01', 'S002-WAT-03', 'S002-WAT-04']",['S002'],4,39.0,0.094,5.171076824006121,1975.8421660245544,420.0,2244.6689169877227,0.35361539699923483,2233.8333065016577,Ke41b5f6003f7db1a,K00736
C,"['S002-FOD-02', 'S002-MED-01', 'S002-WAT-02', 'S002-WAT-03']",['S002'],4,39.0,0.094,5.171076824006121,1975.8421660245544,420.0,2244.6689169877227,0.35361539699923483,2233.8333065016577,K02f472f843c97b60,K00732
C,"['S002-FOD-02', 'S002-MED-01', 'S002-WAT-01', 'S002-WAT-02']",['S002'],4,39.0,0.094,5.171076824006121,1975.8421660245544,420.0,2244.6689169877227,0.35361539699923483,2233.8333065016577,K49863e39dbcf139f,K00734
C,"['S002-FOD-02', 'S002-MED-01', 'S002-WAT-01', 'S002-WAT-04']",['S002'],4,39.0,0.094,5.171076824006121,1975.8421660245544,420.0,2244.6689169877227,0.35361539699923483,2233.8333065016577,Kdfb86f54d7671aad,K00735
C,"['S002-FOD-01', 'S002-FOD-02', 'S002-HYG-01', 'S002-MED-01', 'S002-WAT-04']",['S002'],5,39.0,0.13,5.171076824006121,2041.8421660245544,450.0,2178.6689169877227,0.35361539699923483,2233.8333065016577,K2da246532b2f0739,K00733
C,"['S002-WAT-01', 'S002-WAT-02', 'S002-WAT-03']",['S002'],3,42.0,0.081,5.248805353561567,1909.8421660245544,390.0,2310.6689169877227,0.34389933080480417,2254.884783256258,K498a080ac6e9a976,K00750
C,"['S002-WAT-02', 'S002-WAT-03', 'S002-WAT-04']",['S002'],3,42.0,0.081,5.248805353561567,1909.8421660245544,390.0,inf,0.34389933080480417,2254.884783256258,Kd239f2177651c949,K00753
C,"['S002-WAT-01', 'S002-WAT-03', 'S002-WAT-04']",['S002'],3,42.0,0.081,5.248805353561567,1909.8421660245544,390.0,2310.6689169877227,0.34389933080480417,2254.884783256258,K463adf921ec35f9f,K00749
C,"['S002-WAT-01', 'S002-WAT-02', 'S002-WAT-04']",['S002'],3,42.0,0.081,5.248805353561567,1909.8421660245544,390.0,2310.6689169877227,0.34389933080480417,2254.884783256258,K05161c982f1cb36b,K00746
C,"['S002-FOD-02', 'S002-HYG-01', 'S002-WAT-03', 'S002-WAT-04']",['S002'],4,42.0,0.117,5.248805353561567,1975.8421660245544,420.0,inf,0.34389933080480417,2254.884783256258,K949a8c3f24d3439f,K00751
C,"['S002-FOD-02', 'S002-HYG-01', 'S002-WAT-02', 'S002-WAT-03']",['S002'],4,42.0,0.117,5.248805353561567,1975.8421660245544,420.0,inf,0.34389933080480417,2254.884783256258,K44f7ad92a71f0cf3,K00748
C,"['S002-FOD-02', 'S002-HYG-01', 'S002-WAT-01', 'S002-WAT-02']",['S002'],4,42.0,0.117,5.248805353561567,1975.8421660245544,420.0,2244.6689169877227,0.34389933080480417,2254.884783256258,Kc9c1bc3b396a57b3,K00752
C,"['S002-FOD-02', 'S002-HYG-01', 'S002-WAT-01', 'S002-WAT-04']",['S002'],4,42.0,0.117,5.248805353561567,1975.8421660245544,420.0,2244.6689169877227,0.34389933080480417,2254.884783256258,K1d237eb74fe1f362,K00747
C,"['S002-FOD-01', 'S002-FOD-02', 'S002-WAT-02', 'S002-WAT-03']",['S002'],4,44.0,0.11,5.304581442582263,1975.8421660245544,420.0,inf,0.3369273196772171,2269.99080736603,K7cb55237070bc9eb,K00768
C,"['S002-FOD-01', 'S002-FOD-02', 'S002-WAT-01', 'S002-WAT-04']",['S002'],4,44.0,0.11,5.304581442582263,1975.8421660245544,420.0,2244.6689169877227,0.3369273196772171,2269.99080736603,Kf3040bd85282f6d1,K00769
C,"['S002-MED-01', 'S002-WAT-02', 'S002-WAT-03', 'S002-WAT-04']",['S002'],4,45.0,0.093,5.333740044096373,1975.8421660245544,420.0,2244.6689169877227,0.33328249448795333,2277.8879286094343,K5c87626244ba9270,K00775
C,"['S002-MED-01', 'S002-WAT-01', 'S002-WAT-02', 'S002-WAT-04']",['S002'],4,45.0,0.093,5.333740044096373,1975.8421660245544,420.0,2244.6689169877227,0.33328249448795333,2277.8879286094343,K6a206647d04c432f,K00776
C,"['S002-FOD-01', 'S002-HYG-01', 'S002-MED-01', 'S002-WAT-01', 'S002-WAT-04']",['S002'],5,45.0,0.129,5.333740044096373,2041.8421660245544,450.0,2178.6689169877227,0.33328249448795333,2277.8879286094343,Ke0cdf56fbd36b918,K00778
C,"['S002-FOD-02', 'S002-HYG-01', 'S002-MED-01', 'S002-WAT-01', 'S002-WAT-04']",['S002'],5,45.0,0.129,5.333740044096373,2041.8421660245544,450.0,2178.6689169877227,0.33328249448795333,2277.8879286094343,Kc820210089e32e44,K00777
C,"['S002-FOD-01', 'S002-FOD-02', 'S002-MED-01', 'S002-WAT-03', 'S002-WAT-04']",['S002'],5,47.0,0.122,5.394753913368018,2041.8421660245544,450.0,2178.6689169877227,0.3256557608289977,2294.412518203838,K5f9d89548f98da9f,K00791
C,"['S002-FOD-01', 'S002-FOD-02', 'S002-MED-01', 'S002-WAT-02', 'S002-WAT-03']",['S002'],5,47.0,0.122,5.394753913368018,2041.8421660245544,450.0,2178.6689169877227,0.3256557608289977,2294.412518203838,Kd8909ff71af8e395,K00792
C,"['S002-FOD-01', 'S002-FOD-02', 'S002-MED-01', 'S002-WAT-01', 'S002-WAT-02']",['S002'],5,47.0,0.122,5.394753913368018,2041.8421660245544,450.0,2178.6689169877227,0.3256557608289977,2294.412518203838,K509400497b1e2695,K00790
C,"['S002-FOD-01', 'S002-FOD-02', 'S002-MED-01', 'S002-WAT-01', 'S002-WAT-04']",['S002'],5,47.0,0.122,5.394753913368018,2041.8421660245544,450.0,2178.6689169877227,0.3256557608289977,2294.412518203838,K2f5bab1b2c6be9c5,K00789
C,"['S002-HYG-01', 'S002-WAT-02', 'S002-WAT-03', 'S002-WAT-04']",['S002'],4,48.0,0.116,5.426676916219889,1975.8421660245544,420.0,inf,0.3216653854725139,2303.0583314762202,K40273f7b2b39d236,K00795
C,"['S002-HYG-01', 'S002-WAT-01', 'S002-WAT-02', 'S002-WAT-04']",['S002'],4,48.0,0.116,5.426676916219889,1975.8421660245544,420.0,2244.6689169877227,0.3216653854725139,2303.0583314762202,K6754be84b7dcebcd,K00796
C,"['S002-FOD-01', 'S002-WAT-02', 'S002-WAT-03', 'S002-WAT-04']",['S002'],4,50.0,0.109,5.4935396498571,1975.8421660245544,420.0,inf,0.3133075437678625,2321.1669885029646,Ke14cb582135401bf,K00810
C,"['S002-FOD-02', 'S002-WAT-01', 'S002-WAT-02', 'S002-WAT-04']",['S002'],4,50.0,0.109,5.4935396498571,1975.8421660245544,420.0,2244.6689169877227,0.3133075437678625,2321.1669885029646,K813ecf77bdf53a7d,K00808
C,"['S002-FOD-01', 'S002-FOD-02', 'S002-HYG-01', 'S002-WAT-03', 'S002-WAT-04']",['S002'],5,50.0,0.14500000000000002,5.4935396498571,2041.8421660245544,450.0,inf,0.3133075437678625,2321.1669885029646,K029e3e72606b779a,K00806
C,"['S002-FOD-01', 'S002-FOD-02', 'S002-HYG-01', 'S002-WAT-02', 'S002-WAT-03']",['S002'],5,50.0,0.14500000000000002,5.4935396498571,2041.8421660245544,450.0,inf,0.3133075437678625,2321.1669885029646,Kc2a1899cd9e97311,K00809
C,"['S002-FOD-01', 'S002-FOD-02', 'S002-HYG-01', 'S002-WAT-01', 'S002-WAT-02']",['S002'],5,50.0,0.14500000000000002,5.4935396498571,2041.8421660245544,450.0,2178.6689169877227,0.3133075437678625,2321.1669885029646,Kecd07f10eebd9eb1,K00811
C,"['S002-FOD-01', 'S002-FOD-02', 'S002-HYG-01', 'S002-WAT-01', 'S002-WAT-04']",['S002'],5,50.0,0.14500000000000002,5.4935396498571,2041.8421660245544,450.0,2178.6689169877227,0.3133075437678625,2321.1669885029646,K17f19dde43fec497,K00807
C,"['S002-HYG-01', 'S002-MED-01', 'S002-WAT-01', 'S002-WAT-03', 'S002-WAT-04']",['S002'],5,51.0,0.128,5.528559902181305,2041.8421660245544,450.0,2178.6689169877227,0.30893001222733685,2330.6516401741032,K6aa2d8e30f75bdac,K00817
C,"['S002-HYG-01', 'S002-MED-01', 'S002-WAT-02', 'S002-WAT-03', 'S002-WAT-04']",['S002'],5,51.0,0.128,5.528559902181305,2041.8421660245544,450.0,2178.6689169877227,0.30893001222733685,2330.6516401741032,K687ea1165307d7bc,K00816
C,"['S002-HYG-01', 'S002-MED-01', 'S002-WAT-01', 'S002-WAT-02', 'S002-WAT-03']",['S002'],5,51.0,0.128,5.528559902181305,2041.8421660245544,450.0,2178.6689169877227,0.30893001222733685,2330.6516401741032,K578c30cd6d375f3f,K00815
C,"['S002-HYG-01', 'S002-MED-01', 'S002-WAT-01', 'S002-WAT-02', 'S002-WAT-04']",['S002'],5,51.0,0.128,5.528559902181305,2041.8421660245544,450.0,2178.6689169877227,0.30893001222733685,2330.6516401741032,K35c88146070edb56,K00814
C,"['S002-FOD-02', 'S002-MED-01', 'S002-WAT-01', 'S002-WAT-03', 'S002-WAT-04']",['S002'],5,53.0,0.121,5.601998090514964,2041.8421660245544,450.0,2178.6689169877227,0.29975023868562956,2350.5411495144695,Kf117564eba2d1785,K00834
C,"['S002-FOD-02', 'S002-MED-01', 'S002-WAT-02', 'S002-WAT-03', 'S002-WAT-04']",['S002'],5,53.0,0.121,5.601998090514964,2041.8421660245544,450.0,2178.6689169877227,0.29975023868562956,2350.5411495144695,K80f2ad5d06de703f,K00831
C,"['S002-FOD-02', 'S002-MED-01', 'S002-WAT-01', 'S002-WAT-02', 'S002-WAT-03']",['S002'],5,53.0,0.121,5.601998090514964,2041.8421660245544,450.0,2178.6689169877227,0.29975023868562956,2350.5411495144695,Kb783eb8d9cdf2b77,K00833
C,"['S002-FOD-02', 'S002-MED-01', 'S002-WAT-01', 'S002-WAT-02', 'S002-WAT-04']",['S002'],5,53.0,0.121,5.601998090514964,2041.8421660245544,450.0,2178.6689169877227,0.29975023868562956,2350.5411495144695,Kb5a6a29c618bc1c3,K00832
C,"['S002-FOD-01', 'S002-FOD-02', 'S002-HYG-01', 'S002-MED-01', 'S002-WAT-01', 'S002-WAT-02', 'S002-WAT-04']",['S002'],7,67.0,0.184,6.2810104080250655,2173.8421660245544,510.0,2046.6689169877227,0.2148736989968668,2534.440318840122,K4a33d2b0ec8a37b3,K00898
C,"['S002-FOD-01', 'S002-FOD-02', 'S002-HYG-01', 'S002-MED-01', 'S002-WAT-01', 'S002-WAT-04']",['S002'],6,53.0,0.157,5.601998090514964,2107.8421660245544,480.0,2112.6689169877227,0.29975023868562956,2350.5411495144695,K1bd880cc87c93b74,K00830
C,"['S002-FOD-01', 'S002-HYG-01', 'S002-MED-01', 'S002-WAT-01', 'S002-WAT-02', 'S002-WAT-04']",['S002'],6,59.0,0.156,5.853244709535485,2107.8421660245544,480.0,2112.6689169877227,0.2683444113080644,2418.587108832527,K4891ca81a48cceee,K00867
C,"['S002-FOD-02', 'S002-HYG-01', 'S002-MED-01', 'S002-WAT-01', 'S002-WAT-02', 'S002-WAT-04']",['S002'],6,59.0,0.156,5.853244709535485,2107.8421660245544,480.0,2112.6689169877227,0.2683444113080644,2418.587108832527,K3819398792476878,K00865
C,"['S002-FOD-01', 'S002-FOD-02', 'S002-MED-01', 'S002-WAT-01', 'S002-WAT-03', 'S002-WAT-04']",['S002'],6,61.0,0.149,5.9489555993278955,2107.8421660245544,480.0,2112.6689169877227,0.25638055008401306,2444.508808151305,K4d2e788f7b7c7575,K00873
C,"['S002-FOD-01', 'S002-FOD-02', 'S002-MED-01', 'S002-WAT-02', 'S002-WAT-03', 'S002-WAT-04']",['S002'],6,61.0,0.149,5.9489555993278955,2107.8421660245544,480.0,2112.6689169877227,0.25638055008401306,2444.508808151305,K5475dc806439842e,K00874
C,"['S002-FOD-01', 'S002-FOD-02', 'S002-MED-01', 'S002-WAT-01', 'S002-WAT-02', 'S002-WAT-03']",['S002'],6,61.0,0.149,5.9489555993278955,2107.8421660245544,480.0,2112.6689169877227,0.25638055008401306,2444.508808151305,K65e4fc0e74f11718,K00875
C,"['S002-FOD-01', 'S002-FOD-02', 'S002-MED-01', 'S002-WAT-01', 'S002-WAT-02', 'S002-WAT-04']",['S002'],6,61.0,0.149,5.9489555993278955,2107.8421660245544,480.0,2112.6689169877227,0.25638055008401306,2444.508808151305,K4cebf01e7e5b1c31,K00872
C,"['S002-FOD-01', 'S002-FOD-02', 'S002-HYG-01', 'S002-WAT-01', 'S002-WAT-03', 'S002-WAT-04']",['S002'],6,64.0,0.17200000000000001,6.1058364017113735,2107.8421660245544,480.0,2112.6689169877227,0.2367704497860783,2486.99735879683,K898b5f70145c6887,K00886
C,"['S002-FOD-01', 'S002-FOD-02', 'S002-HYG-01', 'S002-WAT-02', 'S002-WAT-03', 'S002-WAT-04']",['S002'],6,64.0,0.17200000000000001,6.1058364017113735,2107.8421660245544,480.0,inf,0.2367704497860783,2486.99735879683,Kea0012bfaa048351,K00887
C,"['S002-FOD-01', 'S002-FOD-02', 'S002-HYG-01', 'S002-WAT-01', 'S002-WAT-02', 'S002-WAT-03']",['S002'],6,64.0,0.17200000000000001,6.1058364017113735,2107.8421660245544,480.0,2112.6689169877227,0.2367704497860783,2486.99735879683,Kfd756ea37ce215ed,K00888
C,"['S002-FOD-01', 'S002-FOD-02', 'S002-HYG-01', 'S002-WAT-01', 'S002-WAT-02', 'S002-WAT-04']",['S002'],6,64.0,0.17200000000000001,6.1058364017113735,2107.8421660245544,480.0,2112.6689169877227,0.2367704497860783,2486.99735879683,K0f6fda15b6dbffbd,K00883
C,"['S002-HYG-01', 'S002-MED-01', 'S002-WAT-01', 'S002-WAT-02', 'S002-WAT-03', 'S002-WAT-04']",['S002'],6,65.0,0.155,6.162052545573086,2107.8421660245544,480.0,2112.6689169877227,0.2297434318033642,2502.2225644260443,K0faf8780d220fbe2,K00896
C,"['S002-FOD-02', 'S002-MED-01', 'S002-WAT-01', 'S002-WAT-02', 'S002-WAT-03', 'S002-WAT-04']",['S002'],6,67.0,0.148,6.2810104080250655,2107.8421660245544,480.0,2112.6689169877227,0.2148736989968668,2534.440318840122,K517bd2d25bedfa0d,K00899
C,"['S002-FOD-02', 'S002-HYG-01', 'S002-WAT-01', 'S002-WAT-03', 'S002-WAT-04']",['S002'],5,56.0,0.14400000000000002,5.721393778697459,2041.8421660245544,450.0,2178.6689169877227,0.2848257776628176,2382.877481730562,K3dd411795d4d1c1f,K00850
C,"['S002-FOD-02', 'S002-HYG-01', 'S002-WAT-02', 'S002-WAT-03', 'S002-WAT-04']",['S002'],5,56.0,0.14400000000000002,5.721393778697459,2041.8421660245544,450.0,inf,0.2848257776628176,2382.877481730562,K2340373a337a1653,K00849
C,"['S002-FOD-02', 'S002-HYG-01', 'S002-WAT-01', 'S002-WAT-02', 'S002-WAT-03']",['S002'],5,56.0,0.14400000000000002,5.721393778697459,2041.8421660245544,450.0,2178.6689169877227,0.2848257776628176,2382.877481730562,K1c9a639e24c885dc,K00847
C,"['S002-FOD-02', 'S002-HYG-01', 'S002-WAT-01', 'S002-WAT-02', 'S002-WAT-04']",['S002'],5,56.0,0.14400000000000002,5.721393778697459,2041.8421660245544,450.0,2178.6689169877227,0.2848257776628176,2382.877481730562,K680449050c82922c,K00851
C,"['S002-FOD-01', 'S002-FOD-02', 'S002-WAT-02', 'S002-WAT-03', 'S002-WAT-04']",['S002'],5,58.0,0.137,5.807804559875173,2041.8421660245544,450.0,inf,0.2740244300156034,2406.280401632859,Ka80ffbd6e73df623,K00859
C,"['S002-FOD-01', 'S002-FOD-02', 'S002-WAT-01', 'S002-WAT-02', 'S002-WAT-04']",['S002'],5,58.0,0.137,5.807804559875173,2041.8421660245544,450.0,2178.6689169877227,0.2740244300156034,2406.280401632859,Kf88f5e3d7f7a0206,K00860
C,"['S002-MED-01', 'S002-WAT-01', 'S002-WAT-02', 'S002-WAT-03', 'S002-WAT-04']",['S002'],5,59.0,0.12,5.853244709535485,2041.8421660245544,450.0,2178.6689169877227,0.2683444113080644,2418.587108832527,K44dde6f96cd2d6e5,K00866
C,"['S002-HYG-01', 'S002-WAT-01', 'S002-WAT-02', 'S002-WAT-03', 'S002-WAT-04']",['S002'],5,62.0,0.14300000000000002,5.999385724149523,2041.8421660245544,450.0,2178.6689169877227,0.25007678448130966,2458.1669669571625,Ka3ff0475e21bd378,K00880
C,"['S002-FOD-01', 'S002-WAT-01', 'S002-WAT-02', 'S002-WAT-03', 'S002-WAT-04']",['S002'],5,64.0,0.136,6.1058364017113735,2041.8421660245544,450.0,2178.6689169877227,0.2367704497860783,2486.99735879683,K2593c56ece89d27c,K00884
C,"['S002-FOD-02', 'S002-WAT-01', 'S002-WAT-02', 'S002-WAT-03', 'S002-WAT-04']",['S002'],5,64.0,0.136,6.1058364017113735,2041.8421660245544,450.0,2178.6689169877227,0.2367704497860783,2486.99735879683,K89640e496725710d,K00885
C,"['S002-WAT-01', 'S002-WAT-02', 'S002-WAT-03', 'S002-WAT-04']",['S002'],4,56.0,0.108,5.721393778697459,1975.8421660245544,420.0,2244.6689169877227,0.2848257776628176,2382.877481730562,K221d0f540fbeaa1d,K00848
B,"['S003-HYG-01', 'S003-MED-01']",['S003'],2,9.0,0.047,2.3305043759842863,2020.6096650380625,360.0,5911.7218341476355,0.41737390600392843,1676.5518962598574,Ka2f922b3af55c3ab,K00353
B,"['S003-FOD-02', 'S003-MED-01']",['S003'],2,11.0,0.04,2.3643035411589883,2020.6096650380625,360.0,5911.7218341476355,0.4089241147102529,1691.198201168895,K4a929342fda3a59e,K00365
B,"['S003-FOD-02', 'S003-HYG-01']",['S003'],2,14.0,0.063,2.424318485056973,2020.6096650380625,360.0,inf,0.3939203787357568,1717.2046768580215,K407ba4e1c2d2222f,K00383
B,"['S003-FOD-01', 'S003-FOD-02']",['S003'],2,16.0,0.056,2.4713175608166935,2020.6096650380625,360.0,inf,0.3821706097958266,1737.5709430205673,K118888e7381fd70c,K00403
B,"['S003-MED-01', 'S003-WAT-02']",['S003'],2,17.0,0.039,2.497183167841789,2020.6096650380625,360.0,5911.7218341476355,0.37570420803955273,1748.779372731442,Kefe23eef59e7c27b,K00415
B,"['S003-MED-01', 'S003-WAT-04']",['S003'],2,17.0,0.039,2.497183167841789,2020.6096650380625,360.0,5911.7218341476355,0.37570420803955273,1748.779372731442,K6685ec481a37aeea,K00414
B,"['S003-FOD-01', 'S003-FOD-02', 'S003-MED-01']",['S003'],3,19.0,0.068,2.554231607345721,2080.6096650380623,390.0,5851.7218341476355,0.36144209816356976,1773.5003631831455,K734227758d58d701,K00430
B,"['S003-HYG-01', 'S003-WAT-02']",['S003'],2,20.0,0.062,2.585698182341118,2020.6096650380625,360.0,inf,0.3535754544147205,1787.1358790144845,K4fca35e19f90f7f3,K00448
B,"['S003-HYG-01', 'S003-WAT-04']",['S003'],2,20.0,0.062,2.585698182341118,2020.6096650380625,360.0,inf,0.3535754544147205,1787.1358790144845,K99852a48509e6084,K00449
B,"['S003-FOD-01', 'S003-WAT-02']",['S003'],2,22.0,0.055,2.655378175289835,2020.6096650380625,360.0,inf,0.3361554561775413,1817.3305426255952,Kf658be63a32cbe74,K00460
B,"['S003-FOD-02', 'S003-WAT-04']",['S003'],2,22.0,0.055,2.655378175289835,2020.6096650380625,360.0,inf,0.3361554561775413,1817.3305426255952,K4ecb868f9552cc2a,K00459
B,"['S003-FOD-02', 'S003-MED-01', 'S003-WAT-03']",['S003'],3,25.0,0.067,2.780147288427728,2080.6096650380623,390.0,5851.7218341476355,0.30496317789306804,1871.397158318682,K5e67bbbb2f4b7583,K00483
B,"['S003-FOD-02', 'S003-MED-01', 'S003-WAT-02']",['S003'],3,25.0,0.067,2.780147288427728,2080.6096650380623,390.0,5851.7218341476355,0.30496317789306804,1871.397158318682,Kced599eee9ee353f,K00485
B,"['S003-FOD-02', 'S003-MED-01', 'S003-WAT-01']",['S003'],3,25.0,0.067,2.780147288427728,2080.6096650380623,390.0,5851.7218341476355,0.30496317789306804,1871.397158318682,Kc720589dbea99713,K00484
B,"['S003-FOD-02', 'S003-MED-01', 'S003-WAT-04']",['S003'],3,25.0,0.067,2.780147288427728,2080.6096650380623,390.0,5851.7218341476355,0.30496317789306804,1871.397158318682,K035d01d3aae54c07,K00482
B,"['S003-WAT-01', 'S003-WAT-02']",['S003'],2,28.0,0.054,2.9366706208937243,2020.6096650380625,360.0,5911.7218341476355,0.2658323447765689,1939.223935720614,K24758ebb0792f882,K00531
B,"['S003-WAT-02', 'S003-WAT-03']",['S003'],2,28.0,0.054,2.9366706208937243,2020.6096650380625,360.0,inf,0.2658323447765689,1939.223935720614,K394212d12c762e77,K00532
B,"['S003-WAT-03', 'S003-WAT-04']",['S003'],2,28.0,0.054,2.9366706208937243,2020.6096650380625,360.0,inf,0.2658323447765689,1939.223935720614,K990963de4204ee61,K00533
B,"['S003-WAT-01', 'S003-WAT-04']",['S003'],2,28.0,0.054,2.9366706208937243,2020.6096650380625,360.0,5911.7218341476355,0.2658323447765689,1939.223935720614,Kb611d371170b6b94,K00534
C,"['S003-FOD-01', 'S003-HYG-01', 'S003-MED-01']",['S003'],3,17.0,0.07500000000000001,4.7963505060564415,2238.1777110992607,390.0,5752.45114445037,0.4004561867429448,2132.3449287236194,K27e2f4730c69cbe2,K00655
C,"['S003-FOD-02', 'S003-HYG-01', 'S003-MED-01']",['S003'],3,17.0,0.07500000000000001,4.7963505060564415,2238.1777110992607,390.0,5752.45114445037,0.4004561867429448,2132.3449287236194,Kda65c0d4aa7b083c,K00656
C,"['S003-FOD-01', 'S003-FOD-02', 'S003-HYG-01']",['S003'],3,22.0,0.091,4.868277286402783,2238.1777110992607,390.0,inf,0.3914653391996521,2151.825098400754,K3f6336e2a80e3a3a,K00662
C,"['S003-HYG-01', 'S003-MED-01', 'S003-WAT-03']",['S003'],3,23.0,0.07400000000000001,4.884068879772546,2238.1777110992607,390.0,5752.45114445037,0.3894913900284318,2156.101988271731,K527539c367ab1422,K00666
C,"['S003-HYG-01', 'S003-MED-01', 'S003-WAT-02']",['S003'],3,23.0,0.07400000000000001,4.884068879772546,2238.1777110992607,390.0,5752.45114445037,0.3894913900284318,2156.101988271731,K5c25134fda8a8c2e,K00667
C,"['S003-HYG-01', 'S003-MED-01', 'S003-WAT-01']",['S003'],3,23.0,0.07400000000000001,4.884068879772546,2238.1777110992607,390.0,5752.45114445037,0.3894913900284318,2156.101988271731,K36bd1fc839cf4b6f,K00665
C,"['S003-HYG-01', 'S003-MED-01', 'S003-WAT-04']",['S003'],3,23.0,0.07400000000000001,4.884068879772546,2238.1777110992607,390.0,5752.45114445037,0.3894913900284318,2156.101988271731,K01b41f02ec59dc64,K00664
C,"['S003-FOD-01', 'S003-FOD-02', 'S003-HYG-01', 'S003-MED-01']",['S003'],4,25.0,0.10300000000000001,4.91710803582354,2304.1777110992607,420.0,5686.45114445037,0.38536149552205745,2165.0500930355424,Kf023b0fcfce22108,K00671
C,"['S003-FOD-02', 'S003-HYG-01', 'S003-WAT-03']",['S003'],3,28.0,0.09,4.970434400996443,2238.1777110992607,390.0,inf,0.3786956998754446,2179.49265026987,Kb600d3612811c9e9,K00679
C,"['S003-FOD-02', 'S003-HYG-01', 'S003-WAT-02']",['S003'],3,28.0,0.09,4.970434400996443,2238.1777110992607,390.0,inf,0.3786956998754446,2179.49265026987,K7f99b57867223219,K00678
C,"['S003-FOD-02', 'S003-HYG-01', 'S003-WAT-01']",['S003'],3,28.0,0.09,4.970434400996443,2238.1777110992607,390.0,5752.45114445037,0.3786956998754446,2179.49265026987,K2ee6d64d3102e3d8,K00676
C,"['S003-FOD-02', 'S003-HYG-01', 'S003-WAT-04']",['S003'],3,28.0,0.09,4.970434400996443,2238.1777110992607,390.0,inf,0.3786956998754446,2179.49265026987,K329f4499e056635d,K00677
C,"['S003-FOD-01', 'S003-FOD-02', 'S003-WAT-02']",['S003'],3,30.0,0.083,5.008615418391045,2238.1777110992607,390.0,inf,0.37392307270111935,2189.8333424809084,Kc2582e3a77636e23,K00690
C,"['S003-FOD-01', 'S003-FOD-02', 'S003-WAT-04']",['S003'],3,30.0,0.083,5.008615418391045,2238.1777110992607,390.0,inf,0.37392307270111935,2189.8333424809084,K9933936a47745817,K00689
C,"['S003-MED-01', 'S003-WAT-02', 'S003-WAT-03']",['S003'],3,31.0,0.066,5.028530354940846,2238.1777110992607,390.0,5752.45114445037,0.3714337056323942,2195.2269711298127,K94776999297777e7,K00694
C,"['S003-MED-01', 'S003-WAT-01', 'S003-WAT-04']",['S003'],3,31.0,0.066,5.028530354940846,2238.1777110992607,390.0,5752.45114445037,0.3714337056323942,2195.2269711298127,K94845c3aff0f517b,K00695
C,"['S003-FOD-01', 'S003-HYG-01', 'S003-MED-01', 'S003-WAT-04']",['S003'],4,31.0,0.10200000000000001,5.028530354940846,2304.1777110992607,420.0,5686.45114445037,0.3714337056323942,2195.2269711298127,K53f45f264ee8a21b,K00692
C,"['S003-FOD-02', 'S003-HYG-01', 'S003-MED-01', 'S003-WAT-04']",['S003'],4,31.0,0.10200000000000001,5.028530354940846,2304.1777110992607,420.0,5686.45114445037,0.3714337056323942,2195.2269711298127,K5623f4344fb07958,K00693
C,"['S003-FOD-01', 'S003-FOD-02', 'S003-MED-01', 'S003-WAT-03']",['S003'],4,33.0,0.095,5.070076656673162,2304.1777110992607,420.0,5686.45114445037,0.3662404179158547,2206.479094515648,K2fa986df328202bc,K00702
C,"['S003-FOD-01', 'S003-FOD-02', 'S003-MED-01', 'S003-WAT-02']",['S003'],4,33.0,0.095,5.070076656673162,2304.1777110992607,420.0,5686.45114445037,0.3662404179158547,2206.479094515648,Kc3f6fed618dd0794,K00704
C,"['S003-FOD-01', 'S003-FOD-02', 'S003-MED-01', 'S003-WAT-01']",['S003'],4,33.0,0.095,5.070076656673162,2304.1777110992607,420.0,5686.45114445037,0.3662404179158547,2206.479094515648,Ke9352ea9687404ce,K00705
C,"['S003-FOD-01', 'S003-FOD-02', 'S003-MED-01', 'S003-WAT-04']",['S003'],4,33.0,0.095,5.070076656673162,2304.1777110992607,420.0,5686.45114445037,0.3662404179158547,2206.479094515648,K495ef5d9fedc1d74,K00703
C,"['S003-HYG-01', 'S003-WAT-02', 'S003-WAT-03']",['S003'],3,34.0,0.089,5.091737753639713,2238.1777110992607,390.0,inf,0.3635327807950359,2212.3456416107556,Kc33943fce218307a,K00707
C,"['S003-HYG-01', 'S003-WAT-01', 'S003-WAT-04']",['S003'],3,34.0,0.089,5.091737753639713,2238.1777110992607,390.0,5752.45114445037,0.3635327807950359,2212.3456416107556,Kdfe5984fbfb77aae,K00708
C,"['S003-FOD-01', 'S003-WAT-02', 'S003-WAT-03']",['S003'],3,36.0,0.082,5.1369173073464385,2238.1777110992607,390.0,inf,0.3578853365816952,2224.5817707396604,K475aae42112f85a1,K00724
C,"['S003-FOD-02', 'S003-WAT-01', 'S003-WAT-04']",['S003'],3,36.0,0.082,5.1369173073464385,2238.1777110992607,390.0,5752.45114445037,0.3578853365816952,2224.5817707396604,Kb15226d8c4f37d8a,K00725
C,"['S003-FOD-01', 'S003-FOD-02', 'S003-HYG-01', 'S003-WAT-03']",['S003'],4,36.0,0.11800000000000001,5.1369173073464385,2304.1777110992607,420.0,inf,0.3578853365816952,2224.5817707396604,Ke5eb4ab475ed6cf2,K00727
C,"['S003-FOD-01', 'S003-FOD-02', 'S003-HYG-01', 'S003-WAT-02']",['S003'],4,36.0,0.11800000000000001,5.1369173073464385,2304.1777110992607,420.0,inf,0.3578853365816952,2224.5817707396604,K2f95438623bbc689,K00722
C,"['S003-FOD-01', 'S003-FOD-02', 'S003-HYG-01', 'S003-WAT-01']",['S003'],4,36.0,0.11800000000000001,5.1369173073464385,2304.1777110992607,420.0,5686.45114445037,0.3578853365816952,2224.5817707396604,K3601e5c265dd37ba,K00723
C,"['S003-FOD-01', 'S003-FOD-02', 'S003-HYG-01', 'S003-WAT-04']",['S003'],4,36.0,0.11800000000000001,5.1369173073464385,2304.1777110992607,420.0,inf,0.3578853365816952,2224.5817707396604,Kda1f29289ad89b13,K00726
C,"['S003-HYG-01', 'S003-MED-01', 'S003-WAT-03', 'S003-WAT-04']",['S003'],4,37.0,0.101,5.1604713675980065,2304.1777110992607,420.0,5686.45114445037,0.3549410790502492,2230.9609953911267,K3314cd841f702e7e,K00728
C,"['S003-HYG-01', 'S003-MED-01', 'S003-WAT-02', 'S003-WAT-03']",['S003'],4,37.0,0.101,5.1604713675980065,2304.1777110992607,420.0,5686.45114445037,0.3549410790502492,2230.9609953911267,K8597396ff7d16b74,K00730
C,"['S003-HYG-01', 'S003-MED-01', 'S003-WAT-01', 'S003-WAT-02']",['S003'],4,37.0,0.101,5.1604713675980065,2304.1777110992607,420.0,5686.45114445037,0.3549410790502492,2230.9609953911267,K4279991db4203fa1,K00729
C,"['S003-HYG-01', 'S003-MED-01', 'S003-WAT-01', 'S003-WAT-04']",['S003'],4,37.0,0.101,5.1604713675980065,2304.1777110992607,420.0,5686.45114445037,0.3549410790502492,2230.9609953911267,Kea9a0b4d7dc96b03,K00731
C,"['S003-FOD-02', 'S003-MED-01', 'S003-WAT-03', 'S003-WAT-04']",['S003'],4,39.0,0.094,5.209605147917056,2304.1777110992607,420.0,5686.45114445037,0.348799356510368,2244.2680608942023,K5b0969d6a8651bfb,K00741
C,"['S003-FOD-02', 'S003-MED-01', 'S003-WAT-02', 'S003-WAT-03']",['S003'],4,39.0,0.094,5.209605147917056,2304.1777110992607,420.0,5686.45114445037,0.348799356510368,2244.2680608942023,Kda5d1b829ded53dd,K00744
C,"['S003-FOD-02', 'S003-MED-01', 'S003-WAT-01', 'S003-WAT-02']",['S003'],4,39.0,0.094,5.209605147917056,2304.1777110992607,420.0,5686.45114445037,0.348799356510368,2244.2680608942023,Kd2bbd2d351fda4a0,K00743
C,"['S003-FOD-02', 'S003-MED-01', 'S003-WAT-01', 'S003-WAT-04']",['S003'],4,39.0,0.094,5.209605147917056,2304.1777110992607,420.0,5686.45114445037,0.348799356510368,2244.2680608942023,Kba0084249b645d5e,K00742
C,"['S003-FOD-01', 'S003-FOD-02', 'S003-HYG-01', 'S003-MED-01', 'S003-WAT-04']",['S003'],5,39.0,0.13,5.209605147917056,2370.1777110992607,450.0,5620.45114445037,0.348799356510368,2244.2680608942023,K32bc68e5c3ca111b,K00740
C,"['S003-WAT-01', 'S003-WAT-02', 'S003-WAT-03']",['S003'],3,42.0,0.081,5.2886965146434495,2238.1777110992607,390.0,5752.45114445037,0.3389129356695688,2265.6886393826007,K65b8ad184ee12e3b,K00763
C,"['S003-WAT-02', 'S003-WAT-03', 'S003-WAT-04']",['S003'],3,42.0,0.081,5.2886965146434495,2238.1777110992607,390.0,inf,0.3389129356695688,2265.6886393826007,K531f5093fb111156,K00761
C,"['S003-WAT-01', 'S003-WAT-03', 'S003-WAT-04']",['S003'],3,42.0,0.081,5.2886965146434495,2238.1777110992607,390.0,5752.45114445037,0.3389129356695688,2265.6886393826007,Kf13f6c4e1471bfbd,K00766
C,"['S003-WAT-01', 'S003-WAT-02', 'S003-WAT-04']",['S003'],3,42.0,0.081,5.2886965146434495,2238.1777110992607,390.0,5752.45114445037,0.3389129356695688,2265.6886393826007,K64592d753280fb96,K00762
C,"['S003-FOD-02', 'S003-HYG-01', 'S003-WAT-03', 'S003-WAT-04']",['S003'],4,42.0,0.117,5.2886965146434495,2304.1777110992607,420.0,inf,0.3389129356695688,2265.6886393826007,Kf5baf16287dcc99f,K00767
C,"['S003-FOD-02', 'S003-HYG-01', 'S003-WAT-02', 'S003-WAT-03']",['S003'],4,42.0,0.117,5.2886965146434495,2304.1777110992607,420.0,inf,0.3389129356695688,2265.6886393826007,Ke94b2eb0a68bddce,K00765
C,"['S003-FOD-02', 'S003-HYG-01', 'S003-WAT-01', 'S003-WAT-02']",['S003'],4,42.0,0.117,5.2886965146434495,2304.1777110992607,420.0,5686.45114445037,0.3389129356695688,2265.6886393826007,K76459cd132f02b0f,K00764
C,"['S003-FOD-02', 'S003-HYG-01', 'S003-WAT-01', 'S003-WAT-04']",['S003'],4,42.0,0.117,5.2886965146434495,2304.1777110992607,420.0,5686.45114445037,0.3389129356695688,2265.6886393826007,K11cfc3ab0aeb2cb4,K00760
C,"['S003-FOD-01', 'S003-FOD-02', 'S003-WAT-02', 'S003-WAT-03']",['S003'],4,44.0,0.11,5.345302300068184,2304.1777110992607,420.0,inf,0.331837212491477,2281.019372935133,Kee2a7d1f5cbeb8a2,K00780
C,"['S003-FOD-01', 'S003-FOD-02', 'S003-WAT-01', 'S003-WAT-04']",['S003'],4,44.0,0.11,5.345302300068184,2304.1777110992607,420.0,5686.45114445037,0.331837212491477,2281.019372935133,K855156989419efe7,K00779
C,"['S003-MED-01', 'S003-WAT-02', 'S003-WAT-03', 'S003-WAT-04']",['S003'],4,45.0,0.093,5.37485042844424,2304.1777110992607,420.0,5686.45114445037,0.32814369644446995,2289.021991036982,K6dbadf1eb318a53c,K00785
C,"['S003-MED-01', 'S003-WAT-01', 'S003-WAT-02', 'S003-WAT-04']",['S003'],4,45.0,0.093,5.37485042844424,2304.1777110992607,420.0,5686.45114445037,0.32814369644446995,2289.021991036982,Kd65813192fb277ea,K00787
C,"['S003-FOD-01', 'S003-HYG-01', 'S003-MED-01', 'S003-WAT-01', 'S003-WAT-04']",['S003'],5,45.0,0.129,5.37485042844424,2370.1777110992607,450.0,5620.45114445037,0.32814369644446995,2289.021991036982,K195666822f79e319,K00784
C,"['S003-FOD-02', 'S003-HYG-01', 'S003-MED-01', 'S003-WAT-01', 'S003-WAT-04']",['S003'],5,45.0,0.129,5.37485042844424,2370.1777110992607,450.0,5620.45114445037,0.32814369644446995,2289.021991036982,Kba952b7c480c2baf,K00786
C,"['S003-FOD-01', 'S003-FOD-02', 'S003-MED-01', 'S003-WAT-03', 'S003-WAT-04']",['S003'],5,47.0,0.122,5.436589608708976,2370.1777110992607,450.0,5620.45114445037,0.32042629891137797,2305.7430190253476,K13f8d9eae8b8ed40,K00797
C,"['S003-FOD-01', 'S003-FOD-02', 'S003-MED-01', 'S003-WAT-02', 'S003-WAT-03']",['S003'],5,47.0,0.122,5.436589608708976,2370.1777110992607,450.0,5620.45114445037,0.32042629891137797,2305.7430190253476,K2f9ea017cb7aec01,K00798
C,"['S003-FOD-01', 'S003-FOD-02', 'S003-MED-01', 'S003-WAT-01', 'S003-WAT-02']",['S003'],5,47.0,0.122,5.436589608708976,2370.1777110992607,450.0,5620.45114445037,0.32042629891137797,2305.7430190253476,K85579e47fe76ee4c,K00800
C,"['S003-FOD-01', 'S003-FOD-02', 'S003-MED-01', 'S003-WAT-01', 'S003-WAT-04']",['S003'],5,47.0,0.122,5.436589608708976,2370.1777110992607,450.0,5620.45114445037,0.32042629891137797,2305.7430190253476,K84e6aed1a4cef361,K00799
C,"['S003-HYG-01', 'S003-WAT-02', 'S003-WAT-03', 'S003-WAT-04']",['S003'],4,48.0,0.116,5.468847045777464,2304.1777110992607,420.0,inf,0.316394119277817,2314.4794082313965,Kb92fac093609b86b,K00805
C,"['S003-HYG-01', 'S003-WAT-01', 'S003-WAT-02', 'S003-WAT-04']",['S003'],4,48.0,0.116,5.468847045777464,2304.1777110992607,420.0,5686.45114445037,0.316394119277817,2314.4794082313965,K54edc0201f9f2f8b,K00804
C,"['S003-FOD-01', 'S003-WAT-02', 'S003-WAT-03', 'S003-WAT-04']",['S003'],4,50.0,0.109,5.536318526504524,2304.1777110992607,420.0,inf,0.3079601841869345,2332.752934261642,K46e8c348122b61f8,K00821
C,"['S003-FOD-02', 'S003-WAT-01', 'S003-WAT-02', 'S003-WAT-04']",['S003'],4,50.0,0.109,5.536318526504524,2304.1777110992607,420.0,5686.45114445037,0.3079601841869345,2332.752934261642,K9a14aa198fadbb93,K00823
C,"['S003-FOD-01', 'S003-FOD-02', 'S003-HYG-01', 'S003-WAT-03', 'S003-WAT-04']",['S003'],5,50.0,0.14500000000000002,5.536318526504524,2370.1777110992607,450.0,inf,0.3079601841869345,2332.752934261642,K32cc0c389bce4745,K00820
C,"['S003-FOD-01', 'S003-FOD-02', 'S003-HYG-01', 'S003-WAT-02', 'S003-WAT-03']",['S003'],5,50.0,0.14500000000000002,5.536318526504524,2370.1777110992607,450.0,inf,0.3079601841869345,2332.752934261642,Kf2c88ff16e3fb19b,K00824
C,"['S003-FOD-01', 'S003-FOD-02', 'S003-HYG-01', 'S003-WAT-01', 'S003-WAT-02']",['S003'],5,50.0,0.14500000000000002,5.536318526504524,2370.1777110992607,450.0,5620.45114445037,0.3079601841869345,2332.752934261642,K67002cf3ab427f27,K00822
C,"['S003-FOD-01', 'S003-FOD-02', 'S003-HYG-01', 'S003-WAT-01', 'S003-WAT-04']",['S003'],5,50.0,0.14500000000000002,5.536318526504524,2370.1777110992607,450.0,5620.45114445037,0.3079601841869345,2332.752934261642,K3290876bf4e074c4,K00819
C,"['S003-HYG-01', 'S003-MED-01', 'S003-WAT-01', 'S003-WAT-03', 'S003-WAT-04']",['S003'],5,51.0,0.128,5.571611486962257,2370.1777110992607,450.0,5620.45114445037,0.30354856412971787,2342.311444385611,K47698c605ccb9f8f,K00826
C,"['S003-HYG-01', 'S003-MED-01', 'S003-WAT-02', 'S003-WAT-03', 'S003-WAT-04']",['S003'],5,51.0,0.128,5.571611486962257,2370.1777110992607,450.0,5620.45114445037,0.30354856412971787,2342.311444385611,K4dc271567477f629,K00827
C,"['S003-HYG-01', 'S003-MED-01', 'S003-WAT-01', 'S003-WAT-02', 'S003-WAT-03']",['S003'],5,51.0,0.128,5.571611486962257,2370.1777110992607,450.0,5620.45114445037,0.30354856412971787,2342.311444385611,Kd333201f4fa3efc4,K00828
C,"['S003-HYG-01', 'S003-MED-01', 'S003-WAT-01', 'S003-WAT-02', 'S003-WAT-04']",['S003'],5,51.0,0.128,5.571611486962257,2370.1777110992607,450.0,5620.45114445037,0.30354856412971787,2342.311444385611,K1bbb135cf078d054,K00825
C,"['S003-FOD-02', 'S003-MED-01', 'S003-WAT-01', 'S003-WAT-03', 'S003-WAT-04']",['S003'],5,53.0,0.121,5.6455273780296125,2370.1777110992607,450.0,5620.45114445037,0.29430907774629844,2362.330331549687,K8bdcb3ab9326b0f0,K00843
C,"['S003-FOD-02', 'S003-MED-01', 'S003-WAT-02', 'S003-WAT-03', 'S003-WAT-04']",['S003'],5,53.0,0.121,5.6455273780296125,2370.1777110992607,450.0,5620.45114445037,0.29430907774629844,2362.330331549687,K21970076283da226,K00841
C,"['S003-FOD-02', 'S003-MED-01', 'S003-WAT-01', 'S003-WAT-02', 'S003-WAT-03']",['S003'],5,53.0,0.121,5.6455273780296125,2370.1777110992607,450.0,5620.45114445037,0.29430907774629844,2362.330331549687,K6a0c3ec9853b9d6f,K00842
C,"['S003-FOD-02', 'S003-MED-01', 'S003-WAT-01', 'S003-WAT-02', 'S003-WAT-04']",['S003'],5,53.0,0.121,5.6455273780296125,2370.1777110992607,450.0,5620.45114445037,0.29430907774629844,2362.330331549687,K12fb367e4ced1150,K00840
C,"['S003-FOD-01', 'S003-FOD-02', 'S003-HYG-01', 'S003-MED-01', 'S003-WAT-01', 'S003-WAT-02', 'S003-WAT-04']",['S003'],7,67.0,0.184,6.324596372619295,2502.1777110992607,510.0,5488.45114445037,0.20942545342258811,2546.2448509177257,K24c67b70f57e3de1,K00900
C,"['S003-FOD-01', 'S003-FOD-02', 'S003-HYG-01', 'S003-MED-01', 'S003-WAT-01', 'S003-WAT-04']",['S003'],6,53.0,0.157,5.6455273780296125,2436.1777110992607,480.0,5554.45114445037,0.29430907774629844,2362.330331549687,Kb57e6882a2b2a7ef,K00844
C,"['S003-FOD-01', 'S003-HYG-01', 'S003-MED-01', 'S003-WAT-01', 'S003-WAT-02', 'S003-WAT-04']",['S003'],6,59.0,0.156,5.897590650376145,2436.1777110992607,480.0,5554.45114445037,0.26280116870298187,2430.597467810206,Ke9cc3b668bdd5aab,K00871
C,"['S003-FOD-02', 'S003-HYG-01', 'S003-MED-01', 'S003-WAT-01', 'S003-WAT-02', 'S003-WAT-04']",['S003'],6,59.0,0.156,5.897590650376145,2436.1777110992607,480.0,5554.45114445037,0.26280116870298187,2430.597467810206,K77824555ea56bc63,K00869
C,"['S003-FOD-01', 'S003-FOD-02', 'S003-MED-01', 'S003-WAT-01', 'S003-WAT-03', 'S003-WAT-04']",['S003'],6,61.0,0.149,5.993335363055582,2436.1777110992607,480.0,5554.45114445037,0.25083307961805223,2456.5283274942203,Kecb573e5e1b758b0,K00879
C,"['S003-FOD-01', 'S003-FOD-02', 'S003-MED-01', 'S003-WAT-02', 'S003-WAT-03', 'S003-WAT-04']",['S003'],6,61.0,0.149,5.993335363055582,2436.1777110992607,480.0,5554.45114445037,0.25083307961805223,2456.5283274942203,Kd63141937444d8f0,K00878
C,"['S003-FOD-01', 'S003-FOD-02', 'S003-MED-01', 'S003-WAT-01', 'S003-WAT-02', 'S003-WAT-03']",['S003'],6,61.0,0.149,5.993335363055582,2436.1777110992607,480.0,5554.45114445037,0.25083307961805223,2456.5283274942203,Ka24e07d632010133,K00877
C,"['S003-FOD-01', 'S003-FOD-02', 'S003-MED-01', 'S003-WAT-01', 'S003-WAT-02', 'S003-WAT-04']",['S003'],6,61.0,0.149,5.993335363055582,2436.1777110992607,480.0,5554.45114445037,0.25083307961805223,2456.5283274942203,K47c119e4689bcd95,K00876
C,"['S003-FOD-01', 'S003-FOD-02', 'S003-HYG-01', 'S003-WAT-01', 'S003-WAT-03', 'S003-WAT-04']",['S003'],6,64.0,0.17200000000000001,6.150001551451174,2436.1777110992607,480.0,5554.45114445037,0.23124980606860324,2498.9587535180262,K1a90dcc3e645fc0a,K00889
C,"['S003-FOD-01', 'S003-FOD-02', 'S003-HYG-01', 'S003-WAT-02', 'S003-WAT-03', 'S003-WAT-04']",['S003'],6,64.0,0.17200000000000001,6.150001551451174,2436.1777110992607,480.0,inf,0.23124980606860324,2498.9587535180262,Kebb7a67d54956558,K00894
C,"['S003-FOD-01', 'S003-FOD-02', 'S003-HYG-01', 'S003-WAT-01', 'S003-WAT-02', 'S003-WAT-03']",['S003'],6,64.0,0.17200000000000001,6.150001551451174,2436.1777110992607,480.0,5554.45114445037,0.23124980606860324,2498.9587535180262,K991bdc7bd18bfe47,K00890
C,"['S003-FOD-01', 'S003-FOD-02', 'S003-HYG-01', 'S003-WAT-01', 'S003-WAT-02', 'S003-WAT-04']",['S003'],6,64.0,0.17200000000000001,6.150001551451174,2436.1777110992607,480.0,5554.45114445037,0.23124980606860324,2498.9587535180262,Ke863cca4918d68c3,K00892
C,"['S003-HYG-01', 'S003-MED-01', 'S003-WAT-01', 'S003-WAT-02', 'S003-WAT-03', 'S003-WAT-04']",['S003'],6,65.0,0.155,6.206067983691762,2436.1777110992607,480.0,5554.45114445037,0.22424150203852977,2514.143412249852,Ke9e15634f1ae7c3c,K00897
C,"['S003-FOD-02', 'S003-MED-01', 'S003-WAT-01', 'S003-WAT-02', 'S003-WAT-03', 'S003-WAT-04']",['S003'],6,67.0,0.148,6.324596372619295,2436.1777110992607,480.0,5554.45114445037,0.20942545342258811,2546.2448509177257,Kb5df6788b7a45dda,K00901
C,"['S003-FOD-02', 'S003-HYG-01', 'S003-WAT-01', 'S003-WAT-03', 'S003-WAT-04']",['S003'],5,56.0,0.14400000000000002,5.765455505147942,2370.1777110992607,450.0,5620.45114445037,0.2793180618565072,2394.8108659775676,K3ffd63babf4d3fcf,K00854
C,"['S003-FOD-02', 'S003-HYG-01', 'S003-WAT-02', 'S003-WAT-03', 'S003-WAT-04']",['S003'],5,56.0,0.14400000000000002,5.765455505147942,2370.1777110992607,450.0,inf,0.2793180618565072,2394.8108659775676,Kabbb4176947f798a,K00857
C,"['S003-FOD-02', 'S003-HYG-01', 'S003-WAT-01', 'S003-WAT-02', 'S003-WAT-03']",['S003'],5,56.0,0.14400000000000002,5.765455505147942,2370.1777110992607,450.0,5620.45114445037,0.2793180618565072,2394.8108659775676,K55d62ce9c3ff04bf,K00856
C,"['S003-FOD-02', 'S003-HYG-01', 'S003-WAT-01', 'S003-WAT-02', 'S003-WAT-04']",['S003'],5,56.0,0.14400000000000002,5.765455505147942,2370.1777110992607,450.0,5620.45114445037,0.2793180618565072,2394.8108659775676,K5250a392dac6815c,K00855
C,"['S003-FOD-01', 'S003-FOD-02', 'S003-WAT-02', 'S003-WAT-03', 'S003-WAT-04']",['S003'],5,58.0,0.137,5.852085454075027,2370.1777110992607,450.0,inf,0.2684893182406216,2418.2731438119868,K6125548817ecdb4b,K00864
C,"['S003-FOD-01', 'S003-FOD-02', 'S003-WAT-01', 'S003-WAT-02', 'S003-WAT-04']",['S003'],5,58.0,0.137,5.852085454075027,2370.1777110992607,450.0,5620.45114445037,0.2684893182406216,2418.2731438119868,K336a2e71e0d4eb61,K00863
C,"['S003-MED-01', 'S003-WAT-01', 'S003-WAT-02', 'S003-WAT-03', 'S003-WAT-04']",['S003'],5,59.0,0.12,5.897590650376145,2370.1777110992607,450.0,5620.45114445037,0.26280116870298187,2430.597467810206,Kd3dcf1ddefe1b6ba,K00870
C,"['S003-HYG-01', 'S003-WAT-01', 'S003-WAT-02', 'S003-WAT-03', 'S003-WAT-04']",['S003'],5,62.0,0.14300000000000002,6.043731087694578,2370.1777110992607,450.0,5620.45114445037,0.24453361403817775,2470.177169583948,Kde0aeb44c69150b3,K00882
C,"['S003-FOD-01', 'S003-WAT-01', 'S003-WAT-02', 'S003-WAT-03', 'S003-WAT-04']",['S003'],5,64.0,0.136,6.150001551451174,2370.1777110992607,450.0,5620.45114445037,0.23124980606860324,2498.9587535180262,Kbe2868cbe11e0897,K00891
C,"['S003-FOD-02', 'S003-WAT-01', 'S003-WAT-02', 'S003-WAT-03', 'S003-WAT-04']",['S003'],5,64.0,0.136,6.150001551451174,2370.1777110992607,450.0,5620.45114445037,0.23124980606860324,2498.9587535180262,Ke9c403a0390b6047,K00893
C,"['S003-WAT-01', 'S003-WAT-02', 'S003-WAT-03', 'S003-WAT-04']",['S003'],4,56.0,0.108,5.765455505147942,2304.1777110992607,420.0,5686.45114445037,0.2793180618565072,2394.8108659775676,K2db9e4ba825af376,K00853
B,"['S004-HYG-01', 'S004-MED-01']",['S004'],2,9.0,0.047,2.4052615942842133,1921.641663352524,360.0,5957.532501657071,0.3986846014289467,1708.9466908564925,K9d115ac39fa3f970,K00378
B,"['S004-FOD-01', 'S004-MED-01']",['S004'],2,11.0,0.04,2.4397165737090214,1921.641663352524,360.0,5957.532501657071,0.39007085657274465,1723.8771819405758,K76f9c5ab382d9c25,K00391
B,"['S004-FOD-01', 'S004-HYG-01']",['S004'],2,14.0,0.063,2.5012934810896015,1921.641663352524,360.0,inf,0.37467662972759963,1750.5605084721608,K5d627aeef91e0d80,K00418
B,"['S004-MED-01', 'S004-WAT-02']",['S004'],2,17.0,0.039,2.576517691082114,1921.641663352524,360.0,5957.532501657071,0.35587057722947146,1783.1576661355828,Kbe41e1f95928e585,K00447
B,"['S004-MED-01', 'S004-WAT-01']",['S004'],2,17.0,0.039,2.576517691082114,1921.641663352524,360.0,5957.532501657071,0.35587057722947146,1783.1576661355828,K163d846f7be455ae,K00445
B,"['S004-MED-01', 'S004-WAT-03']",['S004'],2,17.0,0.039,2.576517691082114,1921.641663352524,360.0,5957.532501657071,0.35587057722947146,1783.1576661355828,K8fbe43542327993a,K00446
B,"['S004-HYG-01', 'S004-WAT-02']",['S004'],2,20.0,0.062,2.668363625046306,1921.641663352524,360.0,inf,0.3329090937384235,1822.9575708533994,K9d2a071cf34cd162,K00464
B,"['S004-HYG-01', 'S004-WAT-01']",['S004'],2,20.0,0.062,2.668363625046306,1921.641663352524,360.0,5957.532501657071,0.3329090937384235,1822.9575708533994,Kb515b8f045a0fe7c,K00465
B,"['S004-HYG-01', 'S004-WAT-03']",['S004'],2,20.0,0.062,2.668363625046306,1921.641663352524,360.0,inf,0.3329090937384235,1822.9575708533994,Ked848f5319816230,K00466
B,"['S004-FOD-01', 'S004-WAT-02']",['S004'],2,22.0,0.055,2.7409265005856724,1921.641663352524,360.0,inf,0.3147683748535819,1854.4014835871244,K2c4a579962079ce5,K00475
B,"['S004-FOD-01', 'S004-WAT-01']",['S004'],2,22.0,0.055,2.7409265005856724,1921.641663352524,360.0,5957.532501657071,0.3147683748535819,1854.4014835871244,K99e4d3779a76644e,K00477
B,"['S004-FOD-01', 'S004-WAT-03']",['S004'],2,22.0,0.055,2.7409265005856724,1921.641663352524,360.0,inf,0.3147683748535819,1854.4014835871244,K834a2d154084e852,K00476
B,"['S004-FOD-01', 'S004-MED-01', 'S004-WAT-03']",['S004'],3,25.0,0.067,2.8712767698831185,1981.641663352524,390.0,5897.532501657071,0.28218080752922037,1910.8866002826846,K4bd2066b5fe7dc3c,K00513
B,"['S004-WAT-01', 'S004-WAT-02']",['S004'],2,28.0,0.054,3.035352194546981,1921.641663352524,360.0,5957.532501657071,0.2411619513632548,1981.9859509703585,K655ce69f8e729875,K00563
B,"['S004-WAT-02', 'S004-WAT-03']",['S004'],2,28.0,0.054,3.035352194546981,1921.641663352524,360.0,inf,0.2411619513632548,1981.9859509703585,K63dc02fdf42d0da0,K00562
B,"['S004-WAT-01', 'S004-WAT-03']",['S004'],2,28.0,0.054,3.035352194546981,1921.641663352524,360.0,5957.532501657071,0.2411619513632548,1981.9859509703585,K5f473b123abc8c47,K00561
C,"['S004-FOD-01', 'S004-HYG-01', 'S004-MED-01']",['S004'],3,17.0,0.07500000000000001,5.013611126887351,2103.0547187724455,390.0,5814.502640613777,0.3732986091390811,2191.186346865324,K6933f86b93d1eb0e,K00691
C,"['S004-HYG-01', 'S004-MED-01', 'S004-WAT-03']",['S004'],3,23.0,0.07400000000000001,5.102447901093742,2103.0547187724455,390.0,5814.502640613777,0.3621940123632823,2215.2463065462216,Kb1fff0e9212eaab5,K00716
C,"['S004-FOD-01', 'S004-HYG-01', 'S004-WAT-03']",['S004'],3,28.0,0.09,5.190568877545289,2103.0547187724455,390.0,inf,0.3511788903068389,2239.1124043351824,Kb38369f28fb2a26a,K00739
C,"['S004-MED-01', 'S004-WAT-02', 'S004-WAT-03']",['S004'],3,31.0,0.066,5.250107686188111,2103.0547187724455,390.0,5814.502640613777,0.34373653922648617,2255.237498342613,K5c8dd30327cf1a34,K00755
C,"['S004-MED-01', 'S004-WAT-01', 'S004-WAT-02']",['S004'],3,31.0,0.066,5.250107686188111,2103.0547187724455,390.0,5814.502640613777,0.34373653922648617,2255.237498342613,Kb32ba6f9ec899606,K00756
C,"['S004-MED-01', 'S004-WAT-01', 'S004-WAT-03']",['S004'],3,31.0,0.066,5.250107686188111,2103.0547187724455,390.0,5814.502640613777,0.34373653922648617,2255.237498342613,Kdc6c7fa3f971783f,K00759
C,"['S004-FOD-01', 'S004-HYG-01', 'S004-MED-01', 'S004-WAT-01']",['S004'],4,31.0,0.10200000000000001,5.250107686188111,2169.0547187724455,420.0,5748.502640613777,0.34373653922648617,2255.237498342613,K1015236b3bbefdc8,K00754
C,"['S004-FOD-01', 'S004-HYG-01', 'S004-MED-01', 'S004-WAT-02']",['S004'],4,31.0,0.10200000000000001,5.250107686188111,2169.0547187724455,420.0,5748.502640613777,0.34373653922648617,2255.237498342613,Kd9ecf8f69367a806,K00758
C,"['S004-FOD-01', 'S004-HYG-01', 'S004-MED-01', 'S004-WAT-03']",['S004'],4,31.0,0.10200000000000001,5.250107686188111,2169.0547187724455,420.0,5748.502640613777,0.34373653922648617,2255.237498342613,Kcaefb511d94f95e6,K00757
C,"['S004-HYG-01', 'S004-WAT-02', 'S004-WAT-03']",['S004'],3,34.0,0.089,5.3150751991775875,2103.0547187724455,390.0,inf,0.33561560010280156,2272.83286644393,K1a4f78572285b3f6,K00772
C,"['S004-HYG-01', 'S004-WAT-01', 'S004-WAT-02']",['S004'],3,34.0,0.089,5.3150751991775875,2103.0547187724455,390.0,5814.502640613777,0.33561560010280156,2272.83286644393,Kebb9468d8b4e4550,K00774
C,"['S004-HYG-01', 'S004-WAT-01', 'S004-WAT-03']",['S004'],3,34.0,0.089,5.3150751991775875,2103.0547187724455,390.0,5814.502640613777,0.33561560010280156,2272.83286644393,Kb6add5395a9e00fb,K00773
C,"['S004-FOD-01', 'S004-WAT-02', 'S004-WAT-03']",['S004'],3,36.0,0.082,5.361616930520526,2103.0547187724455,390.0,inf,0.32979788368493423,2285.4379186826427,Kd17018df0bb9416b,K00783
C,"['S004-FOD-01', 'S004-WAT-01', 'S004-WAT-02']",['S004'],3,36.0,0.082,5.361616930520526,2103.0547187724455,390.0,5814.502640613777,0.32979788368493423,2285.4379186826427,K3f1a66b98a070d09,K00781
C,"['S004-FOD-01', 'S004-WAT-01', 'S004-WAT-03']",['S004'],3,36.0,0.082,5.361616930520526,2103.0547187724455,390.0,5814.502640613777,0.32979788368493423,2285.4379186826427,K8b188019675d9e57,K00782
C,"['S004-HYG-01', 'S004-MED-01', 'S004-WAT-01', 'S004-WAT-03']",['S004'],4,37.0,0.101,5.385911931192314,2169.0547187724455,420.0,5748.502640613777,0.3267610086009608,2292.0178146979183,Kb1984d91be36bd2b,K00788
C,"['S004-FOD-01', 'S004-MED-01', 'S004-WAT-01', 'S004-WAT-03']",['S004'],4,39.0,0.094,5.436653321971901,2169.0547187724455,420.0,5748.502640613777,0.32041833475351233,2305.760274700723,K7db5dab7555bbfe1,K00801
C,"['S004-WAT-01', 'S004-WAT-02', 'S004-WAT-03']",['S004'],3,42.0,0.081,5.5184906966962375,2103.0547187724455,390.0,5814.502640613777,0.3101886629129703,2327.9245636885644,K50b84828b94f26b6,K00813
C,"['S004-FOD-01', 'S004-HYG-01', 'S004-WAT-01', 'S004-WAT-03']",['S004'],4,42.0,0.117,5.5184906966962375,2169.0547187724455,420.0,5748.502640613777,0.3101886629129703,2327.9245636885644,K37734ca87c2c9f1f,K00812
C,"['S004-MED-01', 'S004-WAT-01', 'S004-WAT-02', 'S004-WAT-03']",['S004'],4,45.0,0.093,5.607828980037022,2169.0547187724455,420.0,5748.502640613777,0.2990213774953723,2352.120348760027,Kd312400dec271da0,K00837
C,"['S004-FOD-01', 'S004-HYG-01', 'S004-MED-01', 'S004-WAT-01', 'S004-WAT-02']",['S004'],5,45.0,0.129,5.607828980037022,2235.0547187724455,450.0,5682.502640613777,0.2990213774953723,2352.120348760027,Kef6348f4a3e70881,K00839
C,"['S004-FOD-01', 'S004-HYG-01', 'S004-MED-01', 'S004-WAT-02', 'S004-WAT-03']",['S004'],5,45.0,0.129,5.607828980037022,2235.0547187724455,450.0,5682.502640613777,0.2990213774953723,2352.120348760027,Ke7a8ab8d3aa9c25c,K00838
C,"['S004-FOD-01', 'S004-HYG-01', 'S004-MED-01', 'S004-WAT-01', 'S004-WAT-03']",['S004'],5,45.0,0.129,5.607828980037022,2235.0547187724455,450.0,5682.502640613777,0.2990213774953723,2352.120348760027,K3fe2a8507829e463,K00836
C,"['S004-HYG-01', 'S004-WAT-01', 'S004-WAT-02', 'S004-WAT-03']",['S004'],4,48.0,0.116,5.705496751575613,2169.0547187724455,420.0,5748.502640613777,0.2868129060530483,2378.572036885062,Kc164b2bd4c6e4b5b,K00846
C,"['S004-FOD-01', 'S004-WAT-01', 'S004-WAT-02', 'S004-WAT-03']",['S004'],4,50.0,0.109,5.775714035902851,2169.0547187724455,420.0,5748.502640613777,0.2780357455121436,2397.5892180570218,K5f39ba62b22883d9,K00858
C,"['S004-HYG-01', 'S004-MED-01', 'S004-WAT-01', 'S004-WAT-02', 'S004-WAT-03']",['S004'],5,51.0,0.128,5.812476552440584,2235.0547187724455,450.0,5682.502640613777,0.273440430944927,2407.545732952658,K1defcda0806616db,K00861
C,"['S004-FOD-01', 'S004-MED-01', 'S004-WAT-01', 'S004-WAT-02', 'S004-WAT-03']",['S004'],5,53.0,0.121,5.889538241844379,2235.0547187724455,450.0,5682.502640613777,0.2638077197694526,2428.4166071661857,Kb42648bc72d877b6,K00868
C,"['S004-FOD-01', 'S004-HYG-01', 'S004-WAT-01', 'S004-WAT-02', 'S004-WAT-03']",['S004'],5,56.0,0.14400000000000002,6.014747052491891,2235.0547187724455,450.0,5682.502640613777,0.24815661843851367,2462.3273267165537,Kd2020041c25a8939,K00881
C,"['S004-FOD-01', 'S004-HYG-01', 'S004-MED-01', 'S004-WAT-01', 'S004-WAT-02', 'S004-WAT-03']",['S004'],6,59.0,0.156,6.152920552274484,2301.0547187724455,480.0,5616.502640613777,0.23088493096568952,2499.749316241006,K1eecbe2e24269c78,K00895
B,"['S005-HYG-01', 'S005-MED-01']",['S005'],2,9.0,0.047,1.6538701524144783,1516.168419267513,360.0,9759.159123699577,0.5865324618963804,1383.3437327129404,Kcfcd174c9f65cf2e,K00150
B,"['S005-FOD-01', 'S005-MED-01']",['S005'],2,11.0,0.04,1.6775565302240167,1516.168419267513,360.0,9759.159123699577,0.5806108674439958,1393.6078297637405,K85ccce4b7a0b5a21,K00152
B,"['S005-FOD-01', 'S005-HYG-01']",['S005'],2,14.0,0.063,1.719858703686679,1516.168419267513,360.0,inf,0.5700353240783302,1411.9387715975608,Kd17bc6313899f2a8,K00157
B,"['S005-MED-01', 'S005-WAT-02']",['S005'],2,17.0,0.039,1.7715022678875556,1516.168419267513,360.0,9759.159123699577,0.5571244330281111,1434.3176494179406,K065b40bb9e039b14,K00163
B,"['S005-MED-01', 'S005-WAT-01']",['S005'],2,17.0,0.039,1.7715022678875556,1516.168419267513,360.0,9759.159123699577,0.5571244330281111,1434.3176494179406,Kdb764c9c8c740f71,K00164
B,"['S005-MED-01', 'S005-WAT-03']",['S005'],2,17.0,0.039,1.7715022678875556,1516.168419267513,360.0,9759.159123699577,0.5571244330281111,1434.3176494179406,Ke297bf9f8430ed1c,K00165
B,"['S005-HYG-01', 'S005-WAT-02']",['S005'],2,20.0,0.062,1.834523173294776,1516.168419267513,360.0,inf,0.5413692066763061,1461.626708427736,Kdbc7a066ccd9a4e0,K00181
B,"['S005-HYG-01', 'S005-WAT-01']",['S005'],2,20.0,0.062,1.834523173294776,1516.168419267513,360.0,9759.159123699577,0.5413692066763061,1461.626708427736,K2588bf42d2f8e24b,K00179
B,"['S005-HYG-01', 'S005-WAT-03']",['S005'],2,20.0,0.062,1.834523173294776,1516.168419267513,360.0,inf,0.5413692066763061,1461.626708427736,K9f8027f4d729b032,K00180
B,"['S005-FOD-01', 'S005-WAT-02']",['S005'],2,22.0,0.055,1.884293881315186,1516.168419267513,360.0,inf,0.5289265296712036,1483.1940152365805,Kfab9c37d67917813,K00195
B,"['S005-FOD-01', 'S005-WAT-01']",['S005'],2,22.0,0.055,1.884293881315186,1516.168419267513,360.0,9759.159123699577,0.5289265296712036,1483.1940152365805,Ke31a3c7fd64e6e2f,K00194
B,"['S005-FOD-01', 'S005-WAT-03']",['S005'],2,22.0,0.055,1.884293881315186,1516.168419267513,360.0,inf,0.5289265296712036,1483.1940152365805,K54c9e349c932045c,K00193
B,"['S005-FOD-01', 'S005-MED-01', 'S005-WAT-03']",['S005'],3,25.0,0.067,1.9736704741201951,1576.168419267513,390.0,9699.159123699577,0.5065823814699513,1521.9238721187512,K2923bf0680b00c8d,K00208
B,"['S005-WAT-01', 'S005-WAT-02']",['S005'],2,28.0,0.054,2.086131471436701,1516.168419267513,360.0,9759.159123699577,0.4784671321408247,1570.6569709559037,Keb73172caa153522,K00296
B,"['S005-WAT-02', 'S005-WAT-03']",['S005'],2,28.0,0.054,2.086131471436701,1516.168419267513,360.0,inf,0.4784671321408247,1570.6569709559037,K3636f05fb4afc88d,K00295
B,"['S005-WAT-01', 'S005-WAT-03']",['S005'],2,28.0,0.054,2.086131471436701,1516.168419267513,360.0,9759.159123699577,0.4784671321408247,1570.6569709559037,K2fe4c1214e980375,K00294
C,"['S005-FOD-01', 'S005-HYG-01', 'S005-MED-01']",['S005'],3,17.0,0.07500000000000001,3.4401899398785707,1679.1887154914712,390.0,9624.770642254265,0.5699762575151787,1765.0514420504462,K475d95e6bcde6019,K00596
C,"['S005-HYG-01', 'S005-MED-01', 'S005-WAT-03']",['S005'],3,23.0,0.07400000000000001,3.5013047450302017,1679.1887154914712,390.0,9624.770642254265,0.5623369068712247,1781.6033684456797,K3f2a2df3528dc0d3,K00597
C,"['S005-FOD-01', 'S005-HYG-01', 'S005-WAT-03']",['S005'],3,28.0,0.09,3.561878387084695,1679.1887154914712,390.0,inf,0.5547652016144131,1798.0087298354383,K69052760936cf3eb,K00599
C,"['S005-MED-01', 'S005-WAT-02', 'S005-WAT-03']",['S005'],3,31.0,0.066,3.602785510022442,1679.1887154914712,390.0,9624.770642254265,0.5496518112471948,1809.0877422977446,K7b3859af070c2a7e,K00605
C,"['S005-MED-01', 'S005-WAT-01', 'S005-WAT-02']",['S005'],3,31.0,0.066,3.602785510022442,1679.1887154914712,390.0,9624.770642254265,0.5496518112471948,1809.0877422977446,K6cf977a3164812ef,K00603
C,"['S005-MED-01', 'S005-WAT-01', 'S005-WAT-03']",['S005'],3,31.0,0.066,3.602785510022442,1679.1887154914712,390.0,9624.770642254265,0.5496518112471948,1809.0877422977446,K14320e278d1822eb,K00602
C,"['S005-FOD-01', 'S005-HYG-01', 'S005-MED-01', 'S005-WAT-01']",['S005'],4,31.0,0.10200000000000001,3.602785510022442,1745.1887154914712,420.0,9558.770642254265,0.5496518112471948,1809.0877422977446,Kba073d7e67f00046,K00607
C,"['S005-FOD-01', 'S005-HYG-01', 'S005-MED-01', 'S005-WAT-02']",['S005'],4,31.0,0.10200000000000001,3.602785510022442,1745.1887154914712,420.0,9558.770642254265,0.5496518112471948,1809.0877422977446,Ka81c760a4f43fab5,K00606
C,"['S005-FOD-01', 'S005-HYG-01', 'S005-MED-01', 'S005-WAT-03']",['S005'],4,31.0,0.10200000000000001,3.602785510022442,1745.1887154914712,420.0,9558.770642254265,0.5496518112471948,1809.0877422977446,K70db7ef9a99e8361,K00604
C,"['S005-HYG-01', 'S005-WAT-02', 'S005-WAT-03']",['S005'],3,34.0,0.089,3.6474085063416437,1679.1887154914712,390.0,inf,0.5440739367072945,1821.1731371341953,Kd5bed0e12e9713ce,K00611
C,"['S005-HYG-01', 'S005-WAT-01', 'S005-WAT-02']",['S005'],3,34.0,0.089,3.6474085063416437,1679.1887154914712,390.0,9624.770642254265,0.5440739367072945,1821.1731371341953,K5b318adde4604933,K00610
C,"['S005-HYG-01', 'S005-WAT-01', 'S005-WAT-03']",['S005'],3,34.0,0.089,3.6474085063416437,1679.1887154914712,390.0,9624.770642254265,0.5440739367072945,1821.1731371341953,Ke4f1d85eabfead50,K00612
C,"['S005-FOD-01', 'S005-WAT-02', 'S005-WAT-03']",['S005'],3,36.0,0.082,3.679368099425561,1679.1887154914712,390.0,inf,0.5400789875718048,1829.8288602610892,K9badbaff3314d186,K00615
C,"['S005-FOD-01', 'S005-WAT-01', 'S005-WAT-02']",['S005'],3,36.0,0.082,3.679368099425561,1679.1887154914712,390.0,9624.770642254265,0.5400789875718048,1829.8288602610892,Kaa5af88efcff79d0,K00616
C,"['S005-FOD-01', 'S005-WAT-01', 'S005-WAT-03']",['S005'],3,36.0,0.082,3.679368099425561,1679.1887154914712,390.0,9624.770642254265,0.5400789875718048,1829.8288602610892,K84564b52767c10c4,K00614
C,"['S005-HYG-01', 'S005-MED-01', 'S005-WAT-01', 'S005-WAT-03']",['S005'],4,37.0,0.101,3.696048902274677,1745.1887154914712,420.0,9558.770642254265,0.5379938872156653,1834.346577699392,K359e5a42fe834334,K00617
C,"['S005-FOD-01', 'S005-MED-01', 'S005-WAT-01', 'S005-WAT-03']",['S005'],4,39.0,0.094,3.7308831044209634,1745.1887154914712,420.0,9558.770642254265,0.5336396119473796,1843.7808407806774,K65f2875d99192e8c,K00618
C,"['S005-WAT-01', 'S005-WAT-02', 'S005-WAT-03']",['S005'],3,42.0,0.081,3.7870532888289805,1679.1887154914712,390.0,9624.770642254265,0.5266183388963774,1858.9935990578488,K3fa5b7960f8b0a86,K00619
C,"['S005-FOD-01', 'S005-HYG-01', 'S005-WAT-01', 'S005-WAT-03']",['S005'],4,42.0,0.117,3.7870532888289805,1745.1887154914712,420.0,9558.770642254265,0.5266183388963774,1858.9935990578488,Ka81a66ca99e6b444,K00620
C,"['S005-MED-01', 'S005-WAT-01', 'S005-WAT-02', 'S005-WAT-03']",['S005'],4,45.0,0.093,3.848357741910472,1745.1887154914712,420.0,9558.770642254265,0.5189552822611909,1875.5968884340864,Kf66f0dd1819cc102,K00624
C,"['S005-FOD-01', 'S005-HYG-01', 'S005-MED-01', 'S005-WAT-01', 'S005-WAT-02']",['S005'],5,45.0,0.129,3.848357741910472,1811.1887154914712,450.0,9492.770642254265,0.5189552822611909,1875.5968884340864,K1245f2bea9034683,K00621
C,"['S005-FOD-01', 'S005-HYG-01', 'S005-MED-01', 'S005-WAT-02', 'S005-WAT-03']",['S005'],5,45.0,0.129,3.848357741910472,1811.1887154914712,450.0,9492.770642254265,0.5189552822611909,1875.5968884340864,K43b0d4f2f1111538,K00622
C,"['S005-FOD-01', 'S005-HYG-01', 'S005-MED-01', 'S005-WAT-01', 'S005-WAT-03']",['S005'],5,45.0,0.129,3.848357741910472,1811.1887154914712,450.0,9492.770642254265,0.5189552822611909,1875.5968884340864,Kd00b13a691543a0b,K00623
C,"['S005-HYG-01', 'S005-WAT-01', 'S005-WAT-02', 'S005-WAT-03']",['S005'],4,48.0,0.116,3.915363614980777,1745.1887154914712,420.0,9558.770642254265,0.5105795481274029,1893.7443123906269,K4736d988a7434094,K00627
C,"['S005-FOD-01', 'S005-WAT-01', 'S005-WAT-02', 'S005-WAT-03']",['S005'],4,50.0,0.109,3.963528798111202,1745.1887154914712,420.0,9558.770642254265,0.5045589002360997,1906.7890494884502,Kc6b55ca3d31b15c8,K00629
C,"['S005-HYG-01', 'S005-MED-01', 'S005-WAT-01', 'S005-WAT-02', 'S005-WAT-03']",['S005'],5,51.0,0.128,3.988743443914518,1811.1887154914712,450.0,9492.770642254265,0.5014070695106853,1913.618016060182,K8052f0b9ebd39e7e,K00630
C,"['S005-FOD-01', 'S005-MED-01', 'S005-WAT-01', 'S005-WAT-02', 'S005-WAT-03']",['S005'],5,53.0,0.121,4.041593528084276,1811.1887154914712,450.0,9492.770642254265,0.49480080898946555,1927.9315805228246,Ka89f338c37d95fa9,K00631
C,"['S005-FOD-01', 'S005-HYG-01', 'S005-WAT-01', 'S005-WAT-02', 'S005-WAT-03']",['S005'],5,56.0,0.14400000000000002,4.127450863232362,1811.1887154914712,450.0,9492.770642254265,0.4840686420959548,1951.184608792098,K5c2501a7b974cde0,K00632
C,"['S005-FOD-01', 'S005-HYG-01', 'S005-MED-01', 'S005-WAT-01', 'S005-WAT-02', 'S005-WAT-03']",['S005'],6,59.0,0.156,4.222182349592158,1877.1887154914712,480.0,9426.770642254265,0.47222720630098025,1976.8410530145427,K1b4069e1511c59e5,K00633
B,"['S006-HYG-01', 'S006-MED-01']",['S006'],2,9.0,0.047,1.0242122157330984,1207.2700113681328,360.0,2717.6016609826,0.7439469460667254,1110.4919601510094,Ka93220e0027fb766,K00044
B,"['S006-FOD-01', 'S006-MED-01']",['S006'],2,11.0,0.04,1.0394010555764905,1207.2700113681328,360.0,2717.6016609826,0.7401497361058773,1117.0737907498128,Ka523428cefae4163,K00053
B,"['S006-FOD-01', 'S006-HYG-01']",['S006'],2,14.0,0.063,1.0662707636515811,1207.2700113681328,360.0,inf,0.7334323090871047,1128.7173309156851,Kcce97b55f3b2bd6b,K00063
B,"['S006-MED-01', 'S006-WAT-02']",['S006'],2,17.0,0.039,1.098776870208618,1207.2700113681328,360.0,2717.6016609826,0.7253057824478455,1142.8033104237345,K4ed674e50e271e92,K00075
B,"['S006-MED-01', 'S006-WAT-01']",['S006'],2,17.0,0.039,1.098776870208618,1207.2700113681328,360.0,2717.6016609826,0.7253057824478455,1142.8033104237345,K037be1de7fcd6805,K00074
B,"['S006-MED-01', 'S006-WAT-03']",['S006'],2,17.0,0.039,1.098776870208618,1207.2700113681328,360.0,2717.6016609826,0.7253057824478455,1142.8033104237345,K8503a3f07b16a1c1,K00076
B,"['S006-HYG-01', 'S006-WAT-02']",['S006'],2,20.0,0.062,1.1381478248917143,1207.2700113681328,360.0,inf,0.7154630437770715,1159.8640574530762,Kafdc0da8cd294d1d,K00086
B,"['S006-HYG-01', 'S006-WAT-01']",['S006'],2,20.0,0.062,1.1381478248917143,1207.2700113681328,360.0,2717.6016609826,0.7154630437770715,1159.8640574530762,Kade4f088a7d97b63,K00085
B,"['S006-HYG-01', 'S006-WAT-03']",['S006'],2,20.0,0.062,1.1381478248917143,1207.2700113681328,360.0,inf,0.7154630437770715,1159.8640574530762,Kdc55089ea2bae430,K00087
B,"['S006-FOD-01', 'S006-WAT-02']",['S006'],2,22.0,0.055,1.169075400360595,1207.2700113681328,360.0,inf,0.7077311499098513,1173.2660068229243,K1ddc71e246626170,K00097
B,"['S006-FOD-01', 'S006-WAT-01']",['S006'],2,22.0,0.055,1.169075400360595,1207.2700113681328,360.0,2717.6016609826,0.7077311499098513,1173.2660068229243,K9f6886a54e3fca4f,K00098
B,"['S006-FOD-01', 'S006-WAT-03']",['S006'],2,22.0,0.055,1.169075400360595,1207.2700113681328,360.0,inf,0.7077311499098513,1173.2660068229243,K0d8d3f6a8e8cbf66,K00096
B,"['S006-FOD-01', 'S006-MED-01', 'S006-WAT-03']",['S006'],3,25.0,0.067,1.224348821882151,1267.2700113681328,390.0,2657.6016609826,0.6939127945294623,1197.2178228155985,K0b73f8c4d2df77a9,K00118
B,"['S006-WAT-01', 'S006-WAT-02']",['S006'],2,28.0,0.054,1.293550887027719,1207.2700113681328,360.0,2717.6016609826,0.6766122782430702,1227.2053843786782,K7ba401b9a5d5ddf1,K00126
B,"['S006-WAT-02', 'S006-WAT-03']",['S006'],2,28.0,0.054,1.293550887027719,1207.2700113681328,360.0,inf,0.6766122782430702,1227.2053843786782,Kc92796bf07cc4c51,K00127
B,"['S006-WAT-01', 'S006-WAT-03']",['S006'],2,28.0,0.054,1.293550887027719,1207.2700113681328,360.0,2717.6016609826,0.6766122782430702,1227.2053843786782,K5d596b73a9a81845,K00125
C,"['S006-FOD-01', 'S006-HYG-01', 'S006-MED-01']",['S006'],3,17.0,0.07500000000000001,2.1073063437585646,1363.5526244866226,390.0,2588.578687756689,0.7365867070301795,1404.0621347679444,Kb2c34775950be72a,K00307
C,"['S006-HYG-01', 'S006-MED-01', 'S006-WAT-03']",['S006'],3,23.0,0.07400000000000001,2.146872664991172,1363.5526244866226,390.0,2588.578687756689,0.7316409168761036,1414.778013435109,Ka27619eca0f392fd,K00310
C,"['S006-FOD-01', 'S006-HYG-01', 'S006-WAT-03']",['S006'],3,28.0,0.09,2.185663970702378,1363.5526244866226,390.0,inf,0.7267920036622028,1425.2839920652273,K2167708b719b97af,K00313
C,"['S006-MED-01', 'S006-WAT-02', 'S006-WAT-03']",['S006'],3,31.0,0.066,2.211691934664495,1363.5526244866226,390.0,2588.578687756689,0.7235385081669381,1432.3332323049674,K381f07667a8dc249,K00320
C,"['S006-MED-01', 'S006-WAT-01', 'S006-WAT-02']",['S006'],3,31.0,0.066,2.211691934664495,1363.5526244866226,390.0,2588.578687756689,0.7235385081669381,1432.3332323049674,K9f9a4576d1eae193,K00321
C,"['S006-MED-01', 'S006-WAT-01', 'S006-WAT-03']",['S006'],3,31.0,0.066,2.211691934664495,1363.5526244866226,390.0,2588.578687756689,0.7235385081669381,1432.3332323049674,K2e23315dc1767645,K00319
C,"['S006-FOD-01', 'S006-HYG-01', 'S006-MED-01', 'S006-WAT-01']",['S006'],4,31.0,0.10200000000000001,2.211691934664495,1429.5526244866223,420.0,2522.578687756689,0.7235385081669381,1432.3332323049674,K0a00b41942134f5a,K00318
C,"['S006-FOD-01', 'S006-HYG-01', 'S006-MED-01', 'S006-WAT-02']",['S006'],4,31.0,0.10200000000000001,2.211691934664495,1429.5526244866223,420.0,2522.578687756689,0.7235385081669381,1432.3332323049674,Kc1f5be5cb9115544,K00322
C,"['S006-FOD-01', 'S006-HYG-01', 'S006-MED-01', 'S006-WAT-03']",['S006'],4,31.0,0.10200000000000001,2.211691934664495,1429.5526244866223,420.0,2522.578687756689,0.7235385081669381,1432.3332323049674,Kc41f0dbc2a1aa9a8,K00323
C,"['S006-HYG-01', 'S006-WAT-02', 'S006-WAT-03']",['S006'],3,34.0,0.089,2.239961978384679,1363.5526244866226,390.0,inf,0.7200047527019151,1439.989702479184,Kb5534896ff5a43fc,K00328
C,"['S006-HYG-01', 'S006-WAT-01', 'S006-WAT-02']",['S006'],3,34.0,0.089,2.239961978384679,1363.5526244866226,390.0,2588.578687756689,0.7200047527019151,1439.989702479184,K028af80e457cf2ad,K00327
C,"['S006-HYG-01', 'S006-WAT-01', 'S006-WAT-03']",['S006'],3,34.0,0.089,2.239961978384679,1363.5526244866226,390.0,2588.578687756689,0.7200047527019151,1439.989702479184,Kd58ff77a6a204f5a,K00329
C,"['S006-FOD-01', 'S006-WAT-02', 'S006-WAT-03']",['S006'],3,36.0,0.082,2.260142702126318,1363.5526244866226,390.0,inf,0.7174821622342102,1445.455315159211,K4528336b3da23bde,K00334
C,"['S006-FOD-01', 'S006-WAT-01', 'S006-WAT-02']",['S006'],3,36.0,0.082,2.260142702126318,1363.5526244866226,390.0,2588.578687756689,0.7174821622342102,1445.455315159211,K6703be8220fc42c1,K00335
C,"['S006-FOD-01', 'S006-WAT-01', 'S006-WAT-03']",['S006'],3,36.0,0.082,2.260142702126318,1363.5526244866226,390.0,2588.578687756689,0.7174821622342102,1445.455315159211,Kc2f8de70484bfc2d,K00336
C,"['S006-HYG-01', 'S006-MED-01', 'S006-WAT-01', 'S006-WAT-03']",['S006'],4,37.0,0.101,2.2706560364427,1429.5526244866223,420.0,2522.578687756689,0.7161679954446625,1448.3026765365646,Kb2238c8208989db7,K00338
C,"['S006-FOD-01', 'S006-MED-01', 'S006-WAT-01', 'S006-WAT-03']",['S006'],4,39.0,0.094,2.2925712387656754,1429.5526244866223,420.0,2522.578687756689,0.7134285951542906,1454.2380438323705,K2129960ec9529356,K00343
C,"['S006-WAT-01', 'S006-WAT-02', 'S006-WAT-03']",['S006'],3,42.0,0.081,2.327808612644558,1363.5526244866226,390.0,2588.578687756689,0.7090239234194302,1463.7814992579013,K50224fba1f132675,K00351
C,"['S006-FOD-01', 'S006-HYG-01', 'S006-WAT-01', 'S006-WAT-03']",['S006'],4,42.0,0.117,2.327808612644558,1429.5526244866223,420.0,2522.578687756689,0.7090239234194302,1463.7814992579013,K8e83f0663a5b60a4,K00352
C,"['S006-MED-01', 'S006-WAT-01', 'S006-WAT-02', 'S006-WAT-03']",['S006'],4,45.0,0.093,2.3661438961354095,1429.5526244866223,420.0,2522.578687756689,0.7042320129830738,1474.163971870007,K9aa4511c47c986a8,K00366
C,"['S006-FOD-01', 'S006-HYG-01', 'S006-MED-01', 'S006-WAT-01', 'S006-WAT-02']",['S006'],5,45.0,0.129,2.3661438961354095,1495.5526244866223,450.0,2456.578687756689,0.7042320129830738,1474.163971870007,Kec20547e275137fa,K00369
C,"['S006-FOD-01', 'S006-HYG-01', 'S006-MED-01', 'S006-WAT-02', 'S006-WAT-03']",['S006'],5,45.0,0.129,2.3661438961354095,1495.5526244866223,450.0,2456.578687756689,0.7042320129830738,1474.163971870007,Ke0b00cd7b1d63cf2,K00368
C,"['S006-FOD-01', 'S006-HYG-01', 'S006-MED-01', 'S006-WAT-01', 'S006-WAT-03']",['S006'],5,45.0,0.129,2.3661438961354095,1495.5526244866223,450.0,2456.578687756689,0.7042320129830738,1474.163971870007,Kc19bba168290dce6,K00367
C,"['S006-HYG-01', 'S006-WAT-01', 'S006-WAT-02', 'S006-WAT-03']",['S006'],4,48.0,0.116,2.4079192964001397,1429.5526244866223,420.0,2522.578687756689,0.6990100879499825,1485.478142775038,Kf887a0e2ed636eed,K00380
C,"['S006-FOD-01', 'S006-WAT-01', 'S006-WAT-02', 'S006-WAT-03']",['S006'],4,50.0,0.109,2.437878131955849,1429.5526244866223,420.0,2522.578687756689,0.6952652335055189,1493.5919940713757,K42db65e1bb65da0b,K00390
C,"['S006-HYG-01', 'S006-MED-01', 'S006-WAT-01', 'S006-WAT-02', 'S006-WAT-03']",['S006'],5,51.0,0.128,2.4535406074247836,1495.5526244866223,450.0,2456.578687756689,0.693307424071902,1497.833914510879,K2f4b583240f5b4a0,K00399
C,"['S006-FOD-01', 'S006-MED-01', 'S006-WAT-01', 'S006-WAT-02', 'S006-WAT-03']",['S006'],5,53.0,0.121,2.4863262136237703,1495.5526244866223,450.0,2456.578687756689,0.6892092232970287,1506.7133495231046,K6ff06c0c20ea2142,K00411
C,"['S006-FOD-01', 'S006-HYG-01', 'S006-WAT-01', 'S006-WAT-02', 'S006-WAT-03']",['S006'],5,56.0,0.14400000000000002,2.539476189175561,1495.5526244866223,450.0,2456.578687756689,0.6825654763530549,1521.1081345683813,Kef6cd7807e8b8618,K00429
C,"['S006-FOD-01', 'S006-HYG-01', 'S006-MED-01', 'S006-WAT-01', 'S006-WAT-02', 'S006-WAT-03']",['S006'],6,59.0,0.156,2.5979806407170596,1561.5526244866223,480.0,2390.578687756689,0.6752524199103676,1536.9530901942037,K8e2c748c649551ef,K00455
B,"['S007-HYG-01', 'S007-MED-01']",['S007'],2,9.0,0.047,1.4925484771849282,1576.3096400610816,360.0,2534.205179969459,0.6268628807037679,1313.4376734468021,Ke6d702ee030ab09a,K00133
B,"['S007-FOD-01', 'S007-MED-01']",['S007'],2,11.0,0.04,1.5145062489010668,1576.3096400610816,360.0,2534.205179969459,0.6213734377747333,1322.9527078571289,K60bd7f215206973c,K00134
B,"['S007-FOD-01', 'S007-HYG-01']",['S007'],2,14.0,0.063,1.5532588925489035,1576.3096400610816,360.0,inf,0.6116852768627741,1339.745520104525,K6af2703045534af5,K00141
B,"['S007-MED-01', 'S007-WAT-02']",['S007'],2,17.0,0.039,1.6000334693253646,1576.3096400610816,360.0,2534.205179969459,0.5999916326686588,1360.0145033743247,K13021c463b9eb7d1,K00144
B,"['S007-HYG-01', 'S007-WAT-02']",['S007'],2,20.0,0.062,1.6565783547096733,1576.3096400610816,360.0,inf,0.5858554113225817,1384.5172870408583,K68ef48bbef64ea3a,K00151
B,"['S007-FOD-01', 'S007-WAT-02']",['S007'],2,22.0,0.055,1.7009360836185439,1576.3096400610816,360.0,inf,0.5747659790953641,1403.7389695680356,Kbbe489c76fccb053,K00154
B,"['S007-FOD-01', 'S007-MED-01', 'S007-WAT-01']",['S007'],3,25.0,0.067,1.7801139545816596,1636.3096400610816,390.0,2474.205179969459,0.5549715113545851,1438.049380318719,Kc0903fcc2fbf3c59,K00168
B,"['S007-FOD-01', 'S007-MED-01', 'S007-WAT-02']",['S007'],3,25.0,0.067,1.7801139545816596,1636.3096400610816,390.0,2474.205179969459,0.5549715113545851,1438.049380318719,K75288894dc86cf2a,K00167
B,"['S007-WAT-01', 'S007-WAT-02']",['S007'],2,28.0,0.054,1.879115592101055,1576.3096400610816,360.0,2534.205179969459,0.5302211019747363,1480.950089910457,K6c08e05b68ca0776,K00191
C,"['S007-FOD-01', 'S007-HYG-01', 'S007-MED-01']",['S007'],3,17.0,0.07500000000000001,3.0379221016868057,1775.600698410691,390.0,2384.2396507946546,0.6202597372891493,1656.1039025401765,K3bfa93242f211f99,K00566
C,"['S007-HYG-01', 'S007-MED-01', 'S007-WAT-01']",['S007'],3,23.0,0.07400000000000001,3.0952557102023843,1775.600698410691,390.0,2384.2396507946546,0.613093036224702,1671.6317548464788,K66890d10ed36584a,K00572
C,"['S007-HYG-01', 'S007-MED-01', 'S007-WAT-02']",['S007'],3,23.0,0.07400000000000001,3.0952557102023843,1775.600698410691,390.0,2384.2396507946546,0.613093036224702,1671.6317548464788,Kebecc446398a73c0,K00573
C,"['S007-FOD-01', 'S007-HYG-01', 'S007-WAT-01']",['S007'],3,28.0,0.09,3.1513160642575735,1775.600698410691,390.0,2384.2396507946546,0.6060854919678034,1686.8147674030924,K04014e5aa697fde8,K00580
C,"['S007-FOD-01', 'S007-HYG-01', 'S007-WAT-02']",['S007'],3,28.0,0.09,3.1513160642575735,1775.600698410691,390.0,inf,0.6060854919678034,1686.8147674030924,Ka8fe7e59d0b1b5f0,K00581
C,"['S007-MED-01', 'S007-WAT-01', 'S007-WAT-02']",['S007'],3,31.0,0.066,3.18887070620143,1775.600698410691,390.0,2384.2396507946546,0.6013911617248213,1696.985816262887,Kbf83c901f19c2c98,K00583
C,"['S007-FOD-01', 'S007-HYG-01', 'S007-MED-01', 'S007-WAT-02']",['S007'],4,31.0,0.10200000000000001,3.18887070620143,1841.600698410691,420.0,2318.2396507946546,0.6013911617248213,1696.985816262887,K01e7e01c35d1a2c8,K00582
C,"['S007-HYG-01', 'S007-WAT-01', 'S007-WAT-02']",['S007'],3,34.0,0.089,3.229616359913858,1775.600698410691,390.0,2384.2396507946546,0.5962979550107678,1708.0210974766696,K7c74b47c3aa7fc54,K00584
C,"['S007-FOD-01', 'S007-WAT-01', 'S007-WAT-02']",['S007'],3,36.0,0.082,3.2586787674973614,1775.600698410691,390.0,2384.2396507946546,0.5926651540628298,1715.8921661972022,Kf1c3f00d12aa06e5,K00585
C,"['S007-HYG-01', 'S007-MED-01', 'S007-WAT-01', 'S007-WAT-02']",['S007'],4,37.0,0.101,3.2738119614933936,1841.600698410691,420.0,2318.2396507946546,0.5907735048133258,1719.9907395711273,K04c8c5251d94e73e,K00586
C,"['S007-FOD-01', 'S007-MED-01', 'S007-WAT-01', 'S007-WAT-02']",['S007'],4,39.0,0.094,3.305342943865759,1841.600698410691,420.0,2318.2396507946546,0.5868321320167802,1728.5303806303095,Kaa5d91dcc5783e66,K00587
C,"['S007-FOD-01', 'S007-HYG-01', 'S007-WAT-01', 'S007-WAT-02']",['S007'],4,42.0,0.117,3.356004762447856,1841.600698410691,420.0,2318.2396507946546,0.580499404694018,1742.2512898296277,K4f013ac1af6818a5,K00589
C,"['S007-FOD-01', 'S007-HYG-01', 'S007-MED-01', 'S007-WAT-01', 'S007-WAT-02']",['S007'],5,45.0,0.129,3.411075641855823,1907.600698410691,450.0,2252.2396507946546,0.5736155447680221,1757.1663196692853,K47d3c93c96fd1eb3,K00592
B,"['S008-HYG-01', 'S008-MED-01']",['S008'],2,9.0,0.047,2.4895227564411706,1901.841747175703,360.0,5968.852459745482,0.37761931088970735,1745.4598611245074,Keb79aa21dd1e52ce,K00413
B,"['S008-FOD-01', 'S008-MED-01']",['S008'],2,11.0,0.04,2.5253168631828644,1901.841747175703,360.0,5968.852459745482,0.3686707842042839,1760.9706407125745,K4fd6ebfe75476e6a,K00428
B,"['S008-FOD-01', 'S008-HYG-01']",['S008'],2,14.0,0.063,2.58936985843806,1901.841747175703,360.0,inf,0.35265753539048506,1788.7269386564928,K13881f596af99fa4,K00452
B,"['S008-MED-01', 'S008-WAT-02']",['S008'],2,17.0,0.039,2.6677148323107938,1901.841747175703,360.0,5968.852459745482,0.33307129192230156,1822.6764273346773,Kaca493c98d7a11d6,K00463
B,"['S008-HYG-01', 'S008-WAT-02']",['S008'],2,20.0,0.062,2.7634667129067774,1901.841747175703,360.0,inf,0.30913332177330566,1864.1689089262702,Kfff3112b2fa97910,K00480
B,"['S008-FOD-01', 'S008-WAT-02']",['S008'],2,22.0,0.055,2.8391688697529984,1901.841747175703,360.0,inf,0.2902077825617504,1896.973176892966,K4b99d3767150c8e1,K00500
B,"['S008-FOD-01', 'S008-MED-01', 'S008-WAT-01']",['S008'],3,25.0,0.067,2.9752439668052673,1961.841747175703,390.0,5908.852459745482,0.2561890082986832,1955.9390522822823,K0b1e988d1480b516,K00539
B,"['S008-FOD-01', 'S008-MED-01', 'S008-WAT-02']",['S008'],3,25.0,0.067,2.9752439668052673,1961.841747175703,390.0,5908.852459745482,0.2561890082986832,1955.9390522822823,Kfce8e277aafcc7c1,K00540
B,"['S008-WAT-01', 'S008-WAT-02']",['S008'],2,28.0,0.054,3.1466373397891148,1901.841747175703,360.0,5968.852459745482,0.2133406650527213,2030.2095139086164,K3ea048e908dd1c74,K00579
C,"['S008-FOD-01', 'S008-HYG-01', 'S008-MED-01']",['S008'],3,17.0,0.07500000000000001,5.217817140702433,2067.7115246008334,390.0,5834.304237699584,0.3477728574121959,2246.4921422735756,K78f93e5563338713,K00745
C,"['S008-HYG-01', 'S008-MED-01', 'S008-WAT-01']",['S008'],3,23.0,0.07400000000000001,5.309985010415447,2067.7115246008334,390.0,5834.304237699584,0.3362518736980691,2271.454273654184,K600057066bffcdc0,K00770
C,"['S008-HYG-01', 'S008-MED-01', 'S008-WAT-02']",['S008'],3,23.0,0.07400000000000001,5.309985010415447,2067.7115246008334,390.0,5834.304237699584,0.3362518736980691,2271.454273654184,K7d86a86d22555c02,K00771
C,"['S008-FOD-01', 'S008-HYG-01', 'S008-WAT-01']",['S008'],3,28.0,0.09,5.401547503736372,2067.7115246008334,390.0,5834.304237699584,0.32480656203295355,2296.2524489286006,Kb7b821afa5732bb0,K00794
C,"['S008-FOD-01', 'S008-HYG-01', 'S008-WAT-02']",['S008'],3,28.0,0.09,5.401547503736372,2067.7115246008334,390.0,inf,0.32480656203295355,2296.2524489286006,K4aeca9fe53584c84,K00793
C,"['S008-MED-01', 'S008-WAT-01', 'S008-WAT-02']",['S008'],3,31.0,0.066,5.463466123840026,2067.7115246008334,390.0,5834.304237699584,0.3170667345199968,2313.022075206674,K96d25215c52dfb75,K00802
C,"['S008-FOD-01', 'S008-HYG-01', 'S008-MED-01', 'S008-WAT-02']",['S008'],4,31.0,0.10200000000000001,5.463466123840026,2133.7115246008334,420.0,5768.304237699584,0.3170667345199968,2313.022075206674,Ka8bcc6d52e351810,K00803
C,"['S008-HYG-01', 'S008-WAT-01', 'S008-WAT-02']",['S008'],3,34.0,0.089,5.53106989130573,2067.7115246008334,390.0,5834.304237699584,0.30861626358678373,2331.331428895302,Kbe17aef6cdff6ad0,K00818
C,"['S008-FOD-01', 'S008-WAT-01', 'S008-WAT-02']",['S008'],3,36.0,0.082,5.579521708137209,2067.7115246008334,390.0,5834.304237699584,0.30255978648284887,2344.453795953827,K5f85726f27826f28,K00829
C,"['S008-HYG-01', 'S008-MED-01', 'S008-WAT-01', 'S008-WAT-02']",['S008'],4,37.0,0.101,5.604820129996977,2133.7115246008334,420.0,5768.304237699584,0.2993974837503779,2351.3054518741815,K5bac0ae08fc1493d,K00835
C,"['S008-FOD-01', 'S008-MED-01', 'S008-WAT-01', 'S008-WAT-02']",['S008'],4,39.0,0.094,5.6576699912315345,2133.7115246008334,420.0,5768.304237699584,0.2927912510960582,2365.618955958541,K156d30fdad0d791e,K00845
C,"['S008-FOD-01', 'S008-HYG-01', 'S008-WAT-01', 'S008-WAT-02']",['S008'],4,42.0,0.117,5.742940524801234,2133.7115246008334,420.0,5768.304237699584,0.2821324343998457,2388.7130588003347,K608eb25483aca08f,K00852
C,"['S008-FOD-01', 'S008-HYG-01', 'S008-MED-01', 'S008-WAT-01', 'S008-WAT-02']",['S008'],5,45.0,0.129,5.836066297505489,2199.7115246008334,450.0,5702.304237699584,0.27049171281181383,2413.93462224107,K057be62281aeda8d,K00862
B,"['S009-FOD-01', 'S009-MED-01']",['S009'],2,11.0,0.04,1.7789650392338696,1498.4628643343576,360.0,9769.178567832821,0.5552587401915325,1437.5515170013437,K1924a3ae02e4f2dc,K00166
B,"['S009-MED-01', 'S009-WAT-01']",['S009'],2,17.0,0.039,1.8793502571332028,1498.4628643343576,360.0,9769.178567832821,0.5301624357166993,1481.0517780910545,K32b4bf9f6520dbc8,K00192
B,"['S009-FOD-01', 'S009-WAT-01']",['S009'],2,22.0,0.055,2.000283167911353,1498.4628643343576,360.0,9769.178567832821,0.4999292080221618,1533.4560394282528,Kc02894f8f2e66e7a,K00220
B,"['S009-FOD-01', 'S009-MED-01', 'S009-WAT-01']",['S009'],3,25.0,0.067,2.096289967733762,1558.4628643343576,390.0,9709.178567832821,0.4759275080665595,1575.0589860179634,K1526eb750f035542,K00306
B,"['S010-FOD-01', 'S010-MED-01']",['S010'],2,11.0,0.04,1.5481783385521746,1495.4035197802173,360.0,2574.7615734432247,0.6129554153619563,1337.5439467059423,K2474b0cf4cf2b6af,K00137
B,"['S010-MED-01', 'S010-WAT-01']",['S010'],2,17.0,0.039,1.6362054126244532,1495.4035197802173,360.0,2574.7615734432247,0.5909486468438867,1375.689012137263,Kf2176dae3c3f68f5,K00147
B,"['S010-FOD-01', 'S010-WAT-01']",['S010'],2,22.0,0.055,1.7408244629979905,1495.4035197802173,360.0,2574.7615734432247,0.5647938842505024,1421.0239339657958,K1b2140f22d8bdee0,K00160
B,"['S010-FOD-01', 'S010-MED-01', 'S010-WAT-01']",['S010'],3,25.0,0.067,1.8232594430204316,1555.4035197802173,390.0,2514.7615734432247,0.5441851392448921,1456.7457586421872,Kada50d43912b2f82,K00176
B,"['S011-FOD-01', 'S011-MED-01']",['S011'],2,11.0,0.04,0.9132114407377612,1128.4247628605203,360.0,9953.600951903074,0.7716971398155597,1062.3916243196966,K385548a9a04a6a28,K00003
B,"['S011-MED-01', 'S011-WAT-01']",['S011'],2,17.0,0.039,0.9645774962190066,1128.4247628605203,360.0,9953.600951903074,0.7588556259452484,1084.6502483615695,K92996df2e77fbc83,K00013
B,"['S011-FOD-01', 'S011-WAT-01']",['S011'],2,22.0,0.055,1.025730763798712,1128.4247628605203,360.0,9953.600951903074,0.743567309050322,1111.1499976461087,Kaee2e76a8cee348f,K00045
B,"['S011-FOD-01', 'S011-MED-01', 'S011-WAT-01']",['S011'],3,25.0,0.067,1.073963183411491,1188.4247628605203,390.0,9893.600951903074,0.7315092041471272,1132.0507128116462,K4c7b7001c84eb366,K00064
B,"['S012-FOD-01', 'S012-MED-01']",['S012'],2,11.0,0.04,2.337783895616958,1862.826814149187,360.0,2388.6565929254066,0.41555402609576053,1679.7063547673483,Ke68b450bc047cc7d,K00355
B,"['S012-MED-01', 'S012-WAT-01']",['S012'],2,17.0,0.039,2.4694474689863455,1862.826814149187,360.0,2388.6565929254066,0.38263813275341363,1736.7605698940831,K47c530f458cdb9bb,K00402
B,"['S012-FOD-01', 'S012-WAT-01']",['S012'],2,22.0,0.055,2.627460965538071,1862.826814149187,360.0,2388.6565929254066,0.34313475861548226,1805.2330850664976,Kb74f550f70b6320c,K00456
B,"['S012-FOD-01', 'S012-MED-01', 'S012-WAT-01']",['S012'],3,25.0,0.067,2.7526443904556688,1922.826814149187,390.0,2328.6565929254066,0.3118389023860828,1859.4792358641232,K3b9ffe6936063ff2,K00478
B,"['S013-FOD-01', 'S013-MED-01']",['S013'],2,11.0,0.04,1.5482063622933455,1450.511588744525,360.0,2597.210872294404,0.6129484094266636,1337.5560903271164,K3e1a8736afe9717b,K00138
B,"['S013-MED-01', 'S013-WAT-01']",['S013'],2,17.0,0.039,1.6365041342738142,1450.511588744525,360.0,2597.210872294404,0.5908739664315464,1375.8184581853195,Kd56b57c13a1c6833,K00148
B,"['S013-FOD-01', 'S013-WAT-01']",['S013'],2,22.0,0.055,1.7417725780696058,1450.511588744525,360.0,2597.210872294404,0.5645568554825986,1421.4347838301624,K0bdbf8f430cfc131,K00161
B,"['S013-FOD-01', 'S013-MED-01', 'S013-WAT-01']",['S013'],3,25.0,0.067,1.8248637585718632,1510.511588744525,390.0,2537.210872294404,0.5437840603570342,1457.4409620478075,Kb4dcea9456a134a0,K00178
B,"['S014-FOD-01', 'S014-MED-01']",['S014'],2,11.0,0.04,1.8226672194725744,1809.7476752786915,360.0,2417.569495693988,0.5443331951318564,1456.4891284381156,Kbd9b9d5527409308,K00175
B,"['S014-MED-01', 'S014-WAT-01']",['S014'],2,17.0,0.039,1.9249960179206762,1809.7476752786915,360.0,2417.569495693988,0.518750995519831,1500.8316077656264,K0b71ca4f3760b7ef,K00199
B,"['S014-FOD-01', 'S014-WAT-01']",['S014'],2,22.0,0.055,2.045681371119658,1809.7476752786915,360.0,2417.569495693988,0.48857965722008545,1553.128594151852,K59229054be372e1f,K00249
B,"['S014-FOD-01', 'S014-MED-01', 'S014-WAT-01']",['S014'],3,25.0,0.067,2.140365220765654,1869.7476752786915,390.0,2357.569495693988,0.46490869480858654,1594.1582623317836,K645309ed991e9fa2,K00309
B,"['S015-FOD-01', 'S015-MED-01']",['S015'],2,11.0,0.04,1.959037166925235,1768.3275601736595,360.0,6042.39621991317,0.5102407082686913,1515.5827723342686,Kaff607927d7a24d0,K00204
B,"['S015-MED-01', 'S015-WAT-01']",['S015'],2,17.0,0.039,2.0709046821415655,1768.3275601736595,360.0,6042.39621991317,0.4822738294646086,1564.0586955946783,K61b5b0db027e8a55,K00268
B,"['S015-FOD-01', 'S015-WAT-01']",['S015'],2,22.0,0.055,2.2033955309626636,1768.3275601736595,360.0,9642.396219913171,0.4491511172593341,1621.4713967504874,K580791909bdf3ce7,K00316
B,"['S015-FOD-01', 'S015-MED-01', 'S015-WAT-01']",['S015'],3,25.0,0.067,2.307588337094472,1828.3275601736595,390.0,5982.39621991317,0.42310291572638203,1666.6216127409377,K8d90beceb5941288,K00345
C,"['S001-FOD-01', 'S001-FOD-02', 'S001-FOD-03', 'S001-HYG-01', 'S001-HYG-02', 'S001-MED-01', 'S001-MED-02', 'S009-MED-01']","['S001', 'S009']",8,45.0,0.19,3.90045391061875,2234.7423900531326,540.0,2321.7274770689883,0.5124432611726563,1889.7062674592446,Kbd33ca0fdf725e90,K01489
C,"['S001-FOD-01', 'S001-FOD-02', 'S001-FOD-03', 'S001-HYG-01', 'S001-HYG-02', 'S001-MED-01', 'S001-MED-02', 'S009-FOD-01']","['S001', 'S009']",8,50.0,0.20600000000000002,3.9806349788787854,2234.7423900531326,540.0,2321.7274770689883,0.5024206276401518,1911.4219734463377,K2e3f939489cc983d,K01493
C,"['S001-FOD-01', 'S001-FOD-03', 'S001-HYG-01', 'S001-HYG-02', 'S001-MED-01', 'S001-MED-02', 'S001-WAT-04', 'S009-MED-01']","['S001', 'S009']",8,51.0,0.189,3.9823368504623753,2234.7423900531326,540.0,2321.7274770689883,0.5022078936922031,1911.8828970002269,Ke624647a7ee2f80e,K01494
C,"['S001-FOD-01', 'S001-FOD-03', 'S001-HYG-01', 'S001-HYG-02', 'S001-MED-01', 'S001-MED-02', 'S001-WAT-04', 'S009-FOD-01']","['S001', 'S009']",8,56.0,0.20500000000000002,4.0761301406017,2234.7423900531326,540.0,2321.7274770689883,0.4904837324247875,1937.2852464129603,Kd9af43e2fc71267a,K01504
C,"['S001-FOD-01', 'S001-FOD-02', 'S001-FOD-03', 'S001-HYG-01', 'S001-HYG-02', 'S001-MED-01', 'S001-MED-02', 'S001-WAT-04', 'S009-MED-01']","['S001', 'S009']",9,59.0,0.217,4.118267334055779,2300.7423900531326,570.0,2255.7274770689883,0.48521658324302763,1948.6974029734401,K214314a9a7b0dd4b,K01507
C,"['S001-FOD-01', 'S001-FOD-02', 'S001-FOD-03', 'S001-HYG-01', 'S001-HYG-02', 'S001-MED-01', 'S001-MED-02', 'S001-WAT-08', 'S009-MED-01']","['S001', 'S009']",9,59.0,0.217,4.118267334055779,2300.7423900531326,570.0,2255.7274770689883,0.48521658324302763,1948.6974029734401,K4e38ca277ee0261a,K01508
C,"['S001-FOD-01', 'S001-FOD-02', 'S001-FOD-03', 'S001-HYG-01', 'S001-HYG-02', 'S001-MED-01', 'S001-MED-02', 'S001-WAT-04', 'S009-FOD-01']","['S001', 'S009']",9,64.0,0.233,4.2366846472832576,2300.7423900531326,570.0,2255.7274770689883,0.4704144190895928,1980.7687586392155,K284a6ad703c3c046,K01517
C,"['S001-FOD-01', 'S001-FOD-02', 'S001-FOD-03', 'S001-HYG-01', 'S001-HYG-02', 'S001-MED-01', 'S001-MED-02', 'S001-WAT-08', 'S009-FOD-01']","['S001', 'S009']",9,64.0,0.233,4.2366846472832576,2300.7423900531326,570.0,2255.7274770689883,0.4704144190895928,1980.7687586392155,K2e015fa1ea9860e0,K01518
C,"['S001-FOD-01', 'S001-FOD-03', 'S001-HYG-01', 'S001-HYG-02', 'S001-MED-01', 'S001-MED-02', 'S001-WAT-04', 'S001-WAT-05', 'S009-MED-01']","['S001', 'S009']",9,65.0,0.216,4.247120575104203,2300.7423900531326,570.0,2255.7274770689883,0.4691099281119746,1983.5951557573883,Kde5bdaab1b4bf11d,K01520
C,"['S001-FOD-01', 'S001-FOD-03', 'S001-HYG-01', 'S001-HYG-02', 'S001-MED-01', 'S001-MED-02', 'S001-WAT-01', 'S001-WAT-08', 'S009-MED-01']","['S001', 'S009']",9,65.0,0.216,4.247120575104203,2300.7423900531326,570.0,2255.7274770689883,0.4691099281119746,1983.5951557573883,Kc9ccd2b137b6fd10,K01519
C,"['S001-FOD-01', 'S001-FOD-02', 'S001-FOD-03', 'S001-HYG-02', 'S001-MED-01', 'S001-MED-02', 'S001-WAT-04', 'S001-WAT-05', 'S009-MED-01']","['S001', 'S009']",9,67.0,0.20900000000000002,4.296673704949326,2300.7423900531326,570.0,2255.7274770689883,0.4629157868813343,1997.0157950904425,Kf72be390805010cd,K01523
C,"['S001-FOD-01', 'S001-FOD-02', 'S001-FOD-03', 'S001-HYG-02', 'S001-MED-01', 'S001-MED-02', 'S001-WAT-01', 'S001-WAT-08', 'S009-MED-01']","['S001', 'S009']",9,67.0,0.20900000000000002,4.296673704949326,2300.7423900531326,570.0,2255.7274770689883,0.4629157868813343,1997.0157950904425,K98c3a34ec458d5b2,K01522
C,"['S001-FOD-01', 'S001-FOD-02', 'S001-FOD-03', 'S001-HYG-01', 'S001-HYG-02', 'S001-MED-01', 'S001-MED-02', 'S009-MED-01']","['S009', 'S001']",8,45.0,0.19,4.359424519246659,2234.7423900531326,540.0,1677.1601328778788,0.45507193509416766,2014.0108072959702,K953b2047d5d38966,K01528
C,"['S001-FOD-01', 'S001-FOD-03', 'S001-HYG-01', 'S001-HYG-02', 'S001-MED-01', 'S001-MED-02', 'S001-WAT-04', 'S001-WAT-05', 'S009-FOD-01']","['S001', 'S009']",9,70.0,0.232,4.391500984927307,2300.7423900531326,570.0,2255.7274770689883,0.4510623768840867,2022.6981834178123,K7957576a0e5d0f74,K01532
C,"['S001-FOD-01', 'S001-FOD-03', 'S001-HYG-01', 'S001-HYG-02', 'S001-MED-01', 'S001-MED-02', 'S001-WAT-01', 'S001-WAT-08', 'S009-FOD-01']","['S001', 'S009']",9,70.0,0.232,4.391500984927307,2300.7423900531326,570.0,2255.7274770689883,0.4510623768840867,2022.6981834178123,K28b3c71ba7ebeba1,K01531
C,"['S001-FOD-01', 'S001-FOD-02', 'S001-FOD-03', 'S001-HYG-02', 'S001-MED-01', 'S001-MED-02', 'S001-WAT-04', 'S001-WAT-05', 'S009-FOD-01']","['S001', 'S009']",9,72.0,0.225,4.451761758712591,2300.7423900531326,570.0,2255.7274770689883,0.44352978016092615,2039.0188096513264,K589236463556fe43,K01534
C,"['S001-FOD-01', 'S001-FOD-02', 'S001-FOD-03', 'S001-HYG-01', 'S001-HYG-02', 'S001-MED-01', 'S001-MED-02', 'S010-MED-01']","['S001', 'S010']",8,45.0,0.19,3.9878419312524427,2386.75851247643,540.0,1719.8026700211003,0.5015197585934447,1913.37385638087,Kc8db11e167aca87f,K01495
C,"['S001-FOD-01', 'S001-FOD-03', 'S001-HYG-01', 'S001-HYG-02', 'S001-MED-01', 'S001-MED-02', 'S001-WAT-04', 'S010-MED-01']","['S001', 'S010']",8,51.0,0.189,4.069724871096069,2386.75851247643,540.0,1719.8026700211003,0.4912843911129914,1935.550485921852,K31c4dfe903bb2430,K01500
C,"['S001-FOD-01', 'S001-FOD-02', 'S001-FOD-03', 'S001-HYG-01', 'S001-HYG-02', 'S001-MED-01', 'S001-MED-02', 'S010-FOD-01']","['S001', 'S010']",8,50.0,0.20600000000000002,4.074996935223094,2386.75851247643,540.0,2321.7274770689883,0.49062538309711323,1936.9783366229212,K716441e5d225044f,K01503
C,"['S001-FOD-01', 'S001-FOD-03', 'S001-HYG-01', 'S001-HYG-02', 'S001-MED-01', 'S001-MED-02', 'S001-WAT-04', 'S010-FOD-01']","['S001', 'S010']",8,56.0,0.20500000000000002,4.17049209694601,2386.75851247643,540.0,2321.7274770689883,0.4786884878817488,1962.8416095895443,Kd12aeb75eee17f16,K01512
C,"['S001-FOD-01', 'S001-FOD-02', 'S001-FOD-03', 'S001-HYG-01', 'S001-HYG-02', 'S001-MED-01', 'S001-MED-02', 'S001-WAT-04', 'S010-MED-01']","['S001', 'S010']",9,59.0,0.217,4.205655354689473,2452.75851247643,570.0,1653.8026700211003,0.4742930806638159,1972.3649918950657,K22c558d7af4d4f3c,K01513
C,"['S001-FOD-01', 'S001-FOD-02', 'S001-FOD-03', 'S001-HYG-01', 'S001-HYG-02', 'S001-MED-01', 'S001-MED-02', 'S001-WAT-08', 'S010-MED-01']","['S001', 'S010']",9,59.0,0.217,4.205655354689473,2452.75851247643,570.0,1653.8026700211003,0.4742930806638159,1972.3649918950657,Kdaddd9d065bb04a4,K01514
C,"['S001-FOD-01', 'S001-FOD-02', 'S001-FOD-03', 'S001-HYG-01', 'S001-HYG-02', 'S001-MED-01', 'S001-MED-02', 'S001-WAT-04', 'S010-FOD-01']","['S001', 'S010']",9,64.0,0.233,4.331046603627567,2452.75851247643,570.0,2255.7274770689883,0.4586191745465541,2006.3251218157995,Keeb6482479b9f6ef,K01524
C,"['S001-FOD-01', 'S001-FOD-02', 'S001-FOD-03', 'S001-HYG-01', 'S001-HYG-02', 'S001-MED-01', 'S001-MED-02', 'S001-WAT-08', 'S010-FOD-01']","['S001', 'S010']",9,64.0,0.233,4.331046603627567,2452.75851247643,570.0,2255.7274770689883,0.4586191745465541,2006.3251218157995,Kffc0bc0ae1b1e747,K01525
C,"['S001-FOD-01', 'S001-FOD-03', 'S001-HYG-01', 'S001-HYG-02', 'S001-MED-01', 'S001-MED-02', 'S001-WAT-04', 'S001-WAT-05', 'S010-MED-01']","['S001', 'S010']",9,65.0,0.216,4.334508595737896,2452.75851247643,570.0,1653.8026700211003,0.458186425532763,2007.2627446790132,Kc567ad87ce03be48,K01527
C,"['S001-FOD-01', 'S001-FOD-03', 'S001-HYG-01', 'S001-HYG-02', 'S001-MED-01', 'S001-MED-02', 'S001-WAT-01', 'S001-WAT-08', 'S010-MED-01']","['S001', 'S010']",9,65.0,0.216,4.334508595737896,2452.75851247643,570.0,1653.8026700211003,0.458186425532763,2007.2627446790132,K7a5ab53f3ec303b4,K01526
C,"['S001-FOD-01', 'S001-FOD-02', 'S001-FOD-03', 'S001-HYG-02', 'S001-MED-01', 'S001-MED-02', 'S001-WAT-04', 'S001-WAT-05', 'S010-MED-01']","['S001', 'S010']",9,67.0,0.20900000000000002,4.384061725583019,2452.75851247643,570.0,1653.8026700211003,0.45199228430212257,2020.6833840120678,K21a922f541424809,K01530
C,"['S001-FOD-01', 'S001-FOD-02', 'S001-FOD-03', 'S001-HYG-02', 'S001-MED-01', 'S001-MED-02', 'S001-WAT-01', 'S001-WAT-08', 'S010-MED-01']","['S001', 'S010']",9,67.0,0.20900000000000002,4.384061725583019,2452.75851247643,570.0,1653.8026700211003,0.45199228430212257,2020.6833840120678,K14424c6dbc559399,K01529
C,"['S001-FOD-01', 'S001-FOD-02', 'S001-FOD-03', 'S001-HYG-01', 'S001-HYG-02', 'S001-MED-01', 'S001-MED-02', 'S010-MED-01']","['S010', 'S001']",8,45.0,0.19,4.471476459606492,2386.75851247643,540.0,1525.1440104545813,0.44106544254918845,2044.3582078100917,Ke4c615b5afa227f8,K01535
C,"['S001-FOD-01', 'S001-FOD-03', 'S001-HYG-01', 'S001-HYG-02', 'S001-MED-01', 'S001-MED-02', 'S001-WAT-04', 'S001-WAT-05', 'S010-FOD-01']","['S001', 'S010']",9,70.0,0.232,4.485862941271615,2452.75851247643,570.0,2255.7274770689883,0.4392671323410481,2048.254546594396,Ke192437d12423e00,K01538
C,"['S001-FOD-01', 'S001-FOD-03', 'S001-HYG-01', 'S001-HYG-02', 'S001-MED-01', 'S001-MED-02', 'S001-WAT-01', 'S001-WAT-08', 'S010-FOD-01']","['S001', 'S010']",9,70.0,0.232,4.485862941271615,2452.75851247643,570.0,2255.7274770689883,0.4392671323410481,2048.254546594396,K94aa38c101e7ff0f,K01537
C,"['S001-FOD-01', 'S001-FOD-02', 'S001-FOD-03', 'S001-HYG-02', 'S001-MED-01', 'S001-MED-02', 'S001-WAT-04', 'S001-WAT-05', 'S010-FOD-01']","['S001', 'S010']",9,72.0,0.225,4.5461237150569,2452.75851247643,570.0,2255.7274770689883,0.43173453561788755,2064.57517282791,Kf8bbcf472c88dae1,K01544
C,"['S001-FOD-01', 'S001-FOD-02', 'S001-FOD-03', 'S001-HYG-01', 'S001-HYG-02', 'S001-MED-01', 'S001-MED-02', 'S011-MED-01']","['S001', 'S011']",8,45.0,0.19,2.9179793163351295,2024.6817001132097,540.0,2321.7274770689883,0.6352525854581088,1623.6193981740973,K5189b807e8e45832,K01335
C,"['S001-FOD-01', 'S001-FOD-02', 'S001-FOD-03', 'S001-HYG-01', 'S001-HYG-02', 'S001-MED-01', 'S001-MED-02', 'S011-FOD-01']","['S001', 'S011']",8,50.0,0.20600000000000002,2.996618220202883,2024.6817001132097,540.0,2321.7274770689883,0.6254227224746396,1644.9174346382808,K641fad7211ef2976,K01379
C,"['S001-FOD-01', 'S001-FOD-03', 'S001-HYG-01', 'S001-HYG-02', 'S001-MED-01', 'S001-MED-02', 'S001-WAT-04', 'S011-MED-01']","['S001', 'S011']",8,51.0,0.189,2.999862256178756,2024.6817001132097,540.0,2321.7274770689883,0.6250172179776555,1645.7960277150796,Kaf33696172fde16c,K01382
C,"['S001-FOD-01', 'S001-FOD-03', 'S001-HYG-01', 'S001-HYG-02', 'S001-MED-01', 'S001-MED-02', 'S001-WAT-04', 'S011-FOD-01']","['S001', 'S011']",8,56.0,0.20500000000000002,3.0921133819257984,2024.6817001132097,540.0,2321.7274770689883,0.6134858272592751,1670.7807076049037,K964abf770e043ccc,K01420
C,"['S001-FOD-01', 'S001-FOD-02', 'S001-FOD-03', 'S001-HYG-01', 'S001-HYG-02', 'S001-MED-01', 'S001-MED-02', 'S011-MED-01']","['S011', 'S001']",8,45.0,0.19,3.0924801387915792,2024.6817001132094,540.0,1887.220822817802,0.6134399826510526,1670.880037589386,K33ea82def728d4d6,K01421
C,"['S001-FOD-01', 'S001-FOD-02', 'S001-FOD-03', 'S001-HYG-01', 'S001-HYG-02', 'S001-MED-01', 'S001-MED-02', 'S001-WAT-04', 'S011-MED-01']","['S001', 'S011']",9,59.0,0.217,3.1357927397721594,2090.6817001132094,570.0,2255.7274770689883,0.6080259075284801,1682.6105336882931,Kc500d53d1fbc6160,K01439
C,"['S001-FOD-01', 'S001-FOD-02', 'S001-FOD-03', 'S001-HYG-01', 'S001-HYG-02', 'S001-MED-01', 'S001-MED-02', 'S001-WAT-08', 'S011-MED-01']","['S001', 'S011']",9,59.0,0.217,3.1357927397721594,2090.6817001132094,570.0,2255.7274770689883,0.6080259075284801,1682.6105336882931,K10587d7cded8d79c,K01438
C,"['S001-FOD-01', 'S001-FOD-02', 'S001-FOD-03', 'S001-HYG-01', 'S001-HYG-02', 'S001-MED-01', 'S001-MED-02', 'S011-FOD-01']","['S011', 'S001']",8,50.0,0.20600000000000002,3.15489874305638,2024.6817001132094,540.0,1887.220822817802,0.6056376571179525,1687.7850762444364,K8d1b5d289c83070b,K01450
C,"['S001-FOD-01', 'S001-FOD-03', 'S001-HYG-01', 'S001-HYG-02', 'S001-MED-01', 'S001-MED-02', 'S001-WAT-04', 'S011-MED-01']","['S011', 'S001']",8,51.0,0.189,3.225200861395426,2024.6817001132094,540.0,1887.220822817802,0.5968498923255717,1706.8252332945945,K5e09a50c9be62464,K01470
C,"['S001-FOD-01', 'S001-FOD-02', 'S001-FOD-03', 'S001-HYG-01', 'S001-HYG-02', 'S001-MED-01', 'S001-MED-02', 'S001-WAT-04', 'S011-FOD-01']","['S001', 'S011']",9,64.0,0.233,3.252667888607356,2090.6817001132094,570.0,2255.7274770689883,0.5934165139240806,1714.2642198311587,Ke7c41d97e81efd29,K01472
C,"['S001-FOD-01', 'S001-FOD-02', 'S001-FOD-03', 'S001-HYG-01', 'S001-HYG-02', 'S001-MED-01', 'S001-MED-02', 'S001-WAT-08', 'S011-FOD-01']","['S001', 'S011']",9,64.0,0.233,3.252667888607356,2090.6817001132094,570.0,2255.7274770689883,0.5934165139240806,1714.2642198311587,Kb9edeaee81c5ba87,K01471
C,"['S001-FOD-01', 'S001-FOD-03', 'S001-HYG-01', 'S001-HYG-02', 'S001-MED-01', 'S001-MED-02', 'S001-WAT-04', 'S001-WAT-05', 'S011-MED-01']","['S001', 'S011']",9,65.0,0.216,3.2646459808205828,2090.6817001132094,570.0,2255.7274770689883,0.5919192523974272,1717.508286472241,K895c7bcd82cf91d3,K01474
C,"['S001-FOD-01', 'S001-FOD-03', 'S001-HYG-01', 'S001-HYG-02', 'S001-MED-01', 'S001-MED-02', 'S001-WAT-01', 'S001-WAT-08', 'S011-MED-01']","['S001', 'S011']",9,65.0,0.216,3.2646459808205828,2090.6817001132094,570.0,2255.7274770689883,0.5919192523974272,1717.508286472241,K58de9c2d071a8431,K01473
C,"['S001-FOD-01', 'S001-FOD-03', 'S001-HYG-01', 'S001-HYG-02', 'S001-MED-01', 'S001-MED-02', 'S001-WAT-04', 'S011-FOD-01']","['S011', 'S001']",8,56.0,0.20500000000000002,3.300135599278777,2024.6817001132094,540.0,1887.220822817802,0.5874830500901529,1727.1200581380022,K11af4547c3e1aa69,K01475
C,"['S001-FOD-01', 'S001-FOD-02', 'S001-FOD-03', 'S001-HYG-02', 'S001-MED-01', 'S001-MED-02', 'S001-WAT-04', 'S001-WAT-05', 'S011-MED-01']","['S001', 'S011']",9,67.0,0.20900000000000002,3.3141991106657063,2090.6817001132094,570.0,2255.7274770689883,0.5857251111667867,1730.9289258052956,K3d118742a2830773,K01476
C,"['S001-FOD-01', 'S001-FOD-02', 'S001-FOD-03', 'S001-HYG-02', 'S001-MED-01', 'S001-MED-02', 'S001-WAT-01', 'S001-WAT-08', 'S011-MED-01']","['S001', 'S011']",9,67.0,0.20900000000000002,3.3141991106657063,2090.6817001132094,570.0,2255.7274770689883,0.5857251111667867,1730.9289258052956,Kdfb825968f5322cf,K01477
C,"['S001-FOD-01', 'S001-FOD-02', 'S001-FOD-03', 'S001-HYG-01', 'S001-HYG-02', 'S001-MED-01', 'S001-MED-02', 'S012-MED-01']","['S001', 'S012']",8,45.0,0.19,5.109455039559337,2674.996503766265,540.0,1613.9470691205029,0.3613181200550829,2217.144073213987,Keaee7b0dd9855f65,K01569
C,"['S001-FOD-01', 'S001-FOD-03', 'S001-HYG-01', 'S001-HYG-02', 'S001-MED-01', 'S001-MED-02', 'S001-WAT-04', 'S012-MED-01']","['S001', 'S012']",8,51.0,0.189,5.191337979402963,2674.996503766265,540.0,1613.9470691205029,0.3510827525746296,2239.3207027549693,K0cabe91b6a71060a,K01575
C,"['S001-FOD-01', 'S001-FOD-02', 'S001-FOD-03', 'S001-HYG-01', 'S001-HYG-02', 'S001-MED-01', 'S001-MED-02', 'S012-FOD-01']","['S001', 'S012']",8,50.0,0.20600000000000002,5.200769575126386,2674.996503766265,540.0,2321.7274770689883,0.34990380310920177,2241.8750932633966,K229c22b7e62025a9,K01576
C,"['S001-FOD-01', 'S001-FOD-03', 'S001-HYG-01', 'S001-HYG-02', 'S001-MED-01', 'S001-MED-02', 'S001-WAT-04', 'S012-FOD-01']","['S001', 'S012']",8,56.0,0.20500000000000002,5.296264736849301,2674.996503766265,540.0,2321.7274770689883,0.3379669078938373,2267.738366230019,K9a370558dca42af4,K01579
C,"['S001-FOD-01', 'S001-FOD-02', 'S001-FOD-03', 'S001-HYG-01', 'S001-HYG-02', 'S001-MED-01', 'S001-MED-02', 'S001-WAT-04', 'S012-MED-01']","['S001', 'S012']",9,59.0,0.217,5.327268462996367,2740.996503766265,570.0,1547.9470691205029,0.33409144212545416,2276.1352087281825,Ka54f5c51a3a7e2be,K01587
C,"['S001-FOD-01', 'S001-FOD-02', 'S001-FOD-03', 'S001-HYG-01', 'S001-HYG-02', 'S001-MED-01', 'S001-MED-02', 'S001-WAT-08', 'S012-MED-01']","['S001', 'S012']",9,59.0,0.217,5.327268462996367,2740.996503766265,570.0,1547.9470691205029,0.33409144212545416,2276.1352087281825,K4a329173f2febfed,K01586
C,"['S001-FOD-01', 'S001-FOD-03', 'S001-HYG-01', 'S001-HYG-02', 'S001-MED-01', 'S001-MED-02', 'S001-WAT-04', 'S001-WAT-05', 'S012-MED-01']","['S001', 'S012']",9,65.0,0.216,5.45612170404479,2740.996503766265,570.0,1547.9470691205029,0.31798478699440125,2311.0329615121304,K29c0b859faa6fb1e,K01603
C,"['S001-FOD-01', 'S001-FOD-03', 'S001-HYG-01', 'S001-HYG-02', 'S001-MED-01', 'S001-MED-02', 'S001-WAT-01', 'S001-WAT-08', 'S012-MED-01']","['S001', 'S012']",9,65.0,0.216,5.45612170404479,2740.996503766265,570.0,1547.9470691205029,0.31798478699440125,2311.0329615121304,K61cbdb503fb6b160,K01604
C,"['S001-FOD-01', 'S001-FOD-02', 'S001-FOD-03', 'S001-HYG-01', 'S001-HYG-02', 'S001-MED-01', 'S001-MED-02', 'S001-WAT-04', 'S012-FOD-01']","['S001', 'S012']",9,64.0,0.233,5.456819243530859,2740.996503766265,570.0,2255.7274770689883,0.31789759455864264,2311.221878456274,K66e480b49adb9d45,K01605
C,"['S001-FOD-01', 'S001-FOD-02', 'S001-FOD-03', 'S001-HYG-01', 'S001-HYG-02', 'S001-MED-01', 'S001-MED-02', 'S001-WAT-08', 'S012-FOD-01']","['S001', 'S012']",9,64.0,0.233,5.456819243530859,2740.996503766265,570.0,2255.7274770689883,0.31789759455864264,2311.221878456274,Ke914af4823357020,K01606
C,"['S001-FOD-01', 'S001-FOD-02', 'S001-FOD-03', 'S001-HYG-02', 'S001-MED-01', 'S001-MED-02', 'S001-WAT-04', 'S001-WAT-05', 'S012-MED-01']","['S001', 'S012']",9,67.0,0.20900000000000002,5.5056748338899135,2740.996503766265,570.0,1547.9470691205029,0.3117906457637608,2324.4536008451846,K1d6c3353331b0182,K01610
C,"['S001-FOD-01', 'S001-FOD-02', 'S001-FOD-03', 'S001-HYG-02', 'S001-MED-01', 'S001-MED-02', 'S001-WAT-01', 'S001-WAT-08', 'S012-MED-01']","['S001', 'S012']",9,67.0,0.20900000000000002,5.5056748338899135,2740.996503766265,570.0,1547.9470691205029,0.3117906457637608,2324.4536008451846,K6e8962febc56f9b6,K01611
C,"['S001-FOD-01', 'S001-FOD-03', 'S001-HYG-01', 'S001-HYG-02', 'S001-MED-01', 'S001-MED-02', 'S001-WAT-04', 'S001-WAT-05', 'S012-FOD-01']","['S001', 'S012']",9,70.0,0.232,5.611635581174907,2740.996503766265,570.0,2255.7274770689883,0.2985455523531366,2353.1513032348707,K5b2cbdf097fc6fbe,K01621
C,"['S001-FOD-01', 'S001-FOD-03', 'S001-HYG-01', 'S001-HYG-02', 'S001-MED-01', 'S001-MED-02', 'S001-WAT-01', 'S001-WAT-08', 'S012-FOD-01']","['S001', 'S012']",9,70.0,0.232,5.611635581174907,2740.996503766265,570.0,2255.7274770689883,0.2985455523531366,2353.1513032348707,Kf6bc67addca2a873,K01622
C,"['S001-FOD-01', 'S001-FOD-02', 'S001-FOD-03', 'S001-HYG-02', 'S001-MED-01', 'S001-MED-02', 'S001-WAT-04', 'S001-WAT-05', 'S012-FOD-01']","['S001', 'S012']",9,72.0,0.225,5.671896354960191,2740.996503766265,570.0,2255.7274770689883,0.2910129556299761,2369.471929468385,K4d20b28262c90253,K01624
C,"['S001-FOD-01', 'S001-FOD-02', 'S001-FOD-03', 'S001-HYG-02', 'S001-MED-01', 'S001-MED-02', 'S001-WAT-01', 'S001-WAT-08', 'S012-FOD-01']","['S001', 'S012']",9,72.0,0.225,5.671896354960191,2740.996503766265,570.0,2255.7274770689883,0.2910129556299761,2369.471929468385,K1b3b607a7587544c,K01623
C,"['S001-FOD-01', 'S001-FOD-02', 'S001-FOD-03', 'S001-HYG-01', 'S001-HYG-02', 'S001-MED-01', 'S001-MED-02', 'S013-MED-01']","['S001', 'S013']",8,45.0,0.19,3.733075958126772,2256.6720462975345,540.0,1821.3640520298059,0.5333655052341535,1844.374738659334,K8efc694e5c608bf7,K01486
C,"['S001-FOD-01', 'S001-FOD-03', 'S001-HYG-01', 'S001-HYG-02', 'S001-MED-01', 'S001-MED-02', 'S001-WAT-04', 'S013-MED-01']","['S001', 'S013']",8,51.0,0.189,3.8149588979703983,2256.6720462975345,540.0,1821.3640520298059,0.5231301377537002,1866.5513682003163,K778ea34deca40356,K01487
C,"['S001-FOD-01', 'S001-FOD-02', 'S001-FOD-03', 'S001-HYG-01', 'S001-HYG-02', 'S001-MED-01', 'S001-MED-02', 'S013-FOD-01']","['S001', 'S013']",8,50.0,0.20600000000000002,3.8158903945280347,2256.6720462975345,540.0,2321.7274770689883,0.5230137006839957,1866.8036485180094,Kd4b780b10886ee5f,K01488
C,"['S001-FOD-01', 'S001-FOD-03', 'S001-HYG-01', 'S001-HYG-02', 'S001-MED-01', 'S001-MED-02', 'S001-WAT-04', 'S013-FOD-01']","['S001', 'S013']",8,56.0,0.20500000000000002,3.9113855562509494,2256.6720462975345,540.0,2321.7274770689883,0.5110768054686313,1892.666921484632,K293f6ae2d00727ce,K01490
C,"['S001-FOD-01', 'S001-FOD-02', 'S001-FOD-03', 'S001-HYG-01', 'S001-HYG-02', 'S001-MED-01', 'S001-MED-02', 'S001-WAT-04', 'S013-MED-01']","['S001', 'S013']",9,59.0,0.217,3.950889381563802,2322.6720462975345,570.0,1755.3640520298059,0.5061388273045248,1903.3658741735296,Kd996f3c708ef9b0a,K01492
C,"['S001-FOD-01', 'S001-FOD-02', 'S001-FOD-03', 'S001-HYG-01', 'S001-HYG-02', 'S001-MED-01', 'S001-MED-02', 'S001-WAT-08', 'S013-MED-01']","['S001', 'S013']",9,59.0,0.217,3.950889381563802,2322.6720462975345,570.0,1755.3640520298059,0.5061388273045248,1903.3658741735296,K9505222c9862a163,K01491
C,"['S001-FOD-01', 'S001-FOD-02', 'S001-FOD-03', 'S001-HYG-01', 'S001-HYG-02', 'S001-MED-01', 'S001-MED-02', 'S001-WAT-04', 'S013-FOD-01']","['S001', 'S013']",9,64.0,0.233,4.071940062932507,2322.6720462975345,570.0,2255.7274770689883,0.49100749213343664,1936.1504337108875,Ka3fdee58f13add5c,K01502
C,"['S001-FOD-01', 'S001-FOD-02', 'S001-FOD-03', 'S001-HYG-01', 'S001-HYG-02', 'S001-MED-01', 'S001-MED-02', 'S001-WAT-08', 'S013-FOD-01']","['S001', 'S013']",9,64.0,0.233,4.071940062932507,2322.6720462975345,570.0,2255.7274770689883,0.49100749213343664,1936.1504337108875,K70dd941557411165,K01501
C,"['S001-FOD-01', 'S001-FOD-03', 'S001-HYG-01', 'S001-HYG-02', 'S001-MED-01', 'S001-MED-02', 'S001-WAT-04', 'S001-WAT-05', 'S013-MED-01']","['S001', 'S013']",9,65.0,0.216,4.079742622612225,2322.6720462975345,570.0,1755.3640520298059,0.49003217217347184,1938.2636269574778,K401ec5fd1b22952c,K01505
C,"['S001-FOD-01', 'S001-FOD-03', 'S001-HYG-01', 'S001-HYG-02', 'S001-MED-01', 'S001-MED-02', 'S001-WAT-01', 'S001-WAT-08', 'S013-MED-01']","['S001', 'S013']",9,65.0,0.216,4.079742622612225,2322.6720462975345,570.0,1755.3640520298059,0.49003217217347184,1938.2636269574778,Kd0de75a0b5f77ee2,K01506
C,"['S001-FOD-01', 'S001-FOD-02', 'S001-FOD-03', 'S001-HYG-02', 'S001-MED-01', 'S001-MED-02', 'S001-WAT-04', 'S001-WAT-05', 'S013-MED-01']","['S001', 'S013']",9,67.0,0.20900000000000002,4.129295752457349,2322.6720462975345,570.0,1755.3640520298059,0.4838380309428314,1951.684266290532,Kae0199299c43da9d,K01510
C,"['S001-FOD-01', 'S001-FOD-02', 'S001-FOD-03', 'S001-HYG-02', 'S001-MED-01', 'S001-MED-02', 'S001-WAT-01', 'S001-WAT-08', 'S013-MED-01']","['S001', 'S013']",9,67.0,0.20900000000000002,4.129295752457349,2322.6720462975345,570.0,1755.3640520298059,0.4838380309428314,1951.684266290532,K4763338e98a50524,K01509
C,"['S001-FOD-01', 'S001-FOD-02', 'S001-FOD-03', 'S001-HYG-01', 'S001-HYG-02', 'S001-MED-01', 'S001-MED-02', 'S013-MED-01']","['S013', 'S001']",8,45.0,0.19,4.145273550653654,2256.672046297535,540.0,1655.2304766334764,0.4818408061682933,1956.0115866353647,K391fa4464df18131,K01511
C,"['S001-FOD-01', 'S001-FOD-03', 'S001-HYG-01', 'S001-HYG-02', 'S001-MED-01', 'S001-MED-02', 'S001-WAT-04', 'S001-WAT-05', 'S013-FOD-01']","['S001', 'S013']",9,70.0,0.232,4.226756400576556,2322.6720462975345,570.0,2255.7274770689883,0.4716554499279305,1978.079858489484,K2d1e282b7f5ed671,K01515
C,"['S001-FOD-01', 'S001-FOD-03', 'S001-HYG-01', 'S001-HYG-02', 'S001-MED-01', 'S001-MED-02', 'S001-WAT-01', 'S001-WAT-08', 'S013-FOD-01']","['S001', 'S013']",9,70.0,0.232,4.226756400576556,2322.6720462975345,570.0,2255.7274770689883,0.4716554499279305,1978.079858489484,Ka6dd4720f7c7f155,K01516
C,"['S001-FOD-01', 'S001-FOD-02', 'S001-FOD-03', 'S001-HYG-01', 'S001-HYG-02', 'S001-MED-01', 'S001-MED-02', 'S013-FOD-01']","['S013', 'S001']",8,50.0,0.20600000000000002,4.252727202552937,2256.672046297535,540.0,1655.2304766334764,0.46840909968088285,1985.113617358087,Kc7caffd3866887d0,K01521
C,"['S001-FOD-01', 'S001-FOD-02', 'S001-FOD-03', 'S001-HYG-01', 'S001-HYG-02', 'S001-MED-01', 'S001-MED-02', 'S014-MED-01']","['S001', 'S014']",8,45.0,0.19,4.730395438037558,2821.4545052586523,540.0,1468.3505636632453,0.40870057024530526,2114.4820978018383,K3ee4f367cbdd3b88,K01545
C,"['S001-FOD-01', 'S001-FOD-03', 'S001-HYG-01', 'S001-HYG-02', 'S001-MED-01', 'S001-MED-02', 'S001-WAT-04', 'S014-MED-01']","['S001', 'S014']",8,51.0,0.189,4.812278377881183,2821.4545052586523,540.0,1468.3505636632453,0.3984652027648521,2136.6587273428204,Ke4fd13a5b9d4979a,K01546
C,"['S001-FOD-01', 'S001-FOD-02', 'S001-FOD-03', 'S001-HYG-01', 'S001-HYG-02', 'S001-MED-01', 'S001-MED-02', 'S014-FOD-01']","['S001', 'S014']",8,50.0,0.20600000000000002,4.8268742451945155,2821.4545052586523,540.0,2321.7274770689883,0.39664071935068557,2140.6117747401813,K75ce06b989f8ceac,K01547
C,"['S001-FOD-01', 'S001-FOD-03', 'S001-HYG-01', 'S001-HYG-02', 'S001-MED-01', 'S001-MED-02', 'S001-WAT-04', 'S014-FOD-01']","['S001', 'S014']",8,56.0,0.20500000000000002,4.922369406917431,2821.4545052586523,540.0,2321.7274770689883,0.3847038241353211,2166.475047706804,K82935ea65fe6ff01,K01554
C,"['S001-FOD-01', 'S001-FOD-02', 'S001-FOD-03', 'S001-HYG-01', 'S001-HYG-02', 'S001-MED-01', 'S001-MED-02', 'S001-WAT-04', 'S014-MED-01']","['S001', 'S014']",9,59.0,0.217,4.948208861474587,2887.4545052586523,570.0,1402.3505636632453,0.38147389231567663,2173.4732333160337,K35b01ed603f122fc,K01556
C,"['S001-FOD-01', 'S001-FOD-02', 'S001-FOD-03', 'S001-HYG-01', 'S001-HYG-02', 'S001-MED-01', 'S001-MED-02', 'S001-WAT-08', 'S014-MED-01']","['S001', 'S014']",9,59.0,0.217,4.948208861474587,2887.4545052586523,570.0,1402.3505636632453,0.38147389231567663,2173.4732333160337,K6ede27c25d804083,K01557
C,"['S001-FOD-01', 'S001-FOD-03', 'S001-HYG-01', 'S001-HYG-02', 'S001-MED-01', 'S001-MED-02', 'S001-WAT-04', 'S001-WAT-05', 'S014-MED-01']","['S001', 'S014']",9,65.0,0.216,5.077062102523011,2887.4545052586523,570.0,1402.3505636632453,0.3653672371846236,2208.370986099982,Ka72d765039a3095c,K01563
C,"['S001-FOD-01', 'S001-FOD-03', 'S001-HYG-01', 'S001-HYG-02', 'S001-MED-01', 'S001-MED-02', 'S001-WAT-01', 'S001-WAT-08', 'S014-MED-01']","['S001', 'S014']",9,65.0,0.216,5.077062102523011,2887.4545052586523,570.0,1402.3505636632453,0.3653672371846236,2208.370986099982,K2ec1c1ce447960a2,K01562
C,"['S001-FOD-01', 'S001-FOD-02', 'S001-FOD-03', 'S001-HYG-01', 'S001-HYG-02', 'S001-MED-01', 'S001-MED-02', 'S001-WAT-04', 'S014-FOD-01']","['S001', 'S014']",9,64.0,0.233,5.0829239135989885,2887.4545052586523,570.0,2255.7274770689883,0.36463451080012643,2209.9585599330594,Kea361e2bd756c496,K01565
C,"['S001-FOD-01', 'S001-FOD-02', 'S001-FOD-03', 'S001-HYG-01', 'S001-HYG-02', 'S001-MED-01', 'S001-MED-02', 'S001-WAT-08', 'S014-FOD-01']","['S001', 'S014']",9,64.0,0.233,5.0829239135989885,2887.4545052586523,570.0,2255.7274770689883,0.36463451080012643,2209.9585599330594,Kc61bf198963d697c,K01564
C,"['S001-FOD-01', 'S001-FOD-02', 'S001-FOD-03', 'S001-HYG-02', 'S001-MED-01', 'S001-MED-02', 'S001-WAT-04', 'S001-WAT-05', 'S014-MED-01']","['S001', 'S014']",9,67.0,0.20900000000000002,5.126615232368134,2887.4545052586523,570.0,1402.3505636632453,0.3591730959539833,2221.791625433036,Kfe52d6038bc42db5,K01571
C,"['S001-FOD-01', 'S001-FOD-02', 'S001-FOD-03', 'S001-HYG-02', 'S001-MED-01', 'S001-MED-02', 'S001-WAT-01', 'S001-WAT-08', 'S014-MED-01']","['S001', 'S014']",9,67.0,0.20900000000000002,5.126615232368134,2887.4545052586523,570.0,1402.3505636632453,0.3591730959539833,2221.791625433036,K689c1375b68db812,K01570
C,"['S001-FOD-01', 'S001-FOD-03', 'S001-HYG-01', 'S001-HYG-02', 'S001-MED-01', 'S001-MED-02', 'S001-WAT-04', 'S001-WAT-05', 'S014-FOD-01']","['S001', 'S014']",9,70.0,0.232,5.237740251243037,2887.4545052586523,570.0,2255.7274770689883,0.3452824685946204,2251.887984711656,Kcb306c40928297d0,K01578
C,"['S001-FOD-01', 'S001-FOD-03', 'S001-HYG-01', 'S001-HYG-02', 'S001-MED-01', 'S001-MED-02', 'S001-WAT-01', 'S001-WAT-08', 'S014-FOD-01']","['S001', 'S014']",9,70.0,0.232,5.237740251243037,2887.4545052586523,570.0,2255.7274770689883,0.3452824685946204,2251.887984711656,K28dd759759913086,K01577
C,"['S001-FOD-01', 'S001-FOD-02', 'S001-FOD-03', 'S001-HYG-02', 'S001-MED-01', 'S001-MED-02', 'S001-WAT-04', 'S001-WAT-05', 'S014-FOD-01']","['S001', 'S014']",9,72.0,0.225,5.298001025028321,2887.4545052586523,570.0,2255.7274770689883,0.3377498718714599,2268.20861094517,K58ac5a91e6a3f2b3,K01580
C,"['S001-FOD-01', 'S001-FOD-02', 'S001-FOD-03', 'S001-HYG-02', 'S001-MED-01', 'S001-MED-02', 'S001-WAT-01', 'S001-WAT-08', 'S014-FOD-01']","['S001', 'S014']",9,72.0,0.225,5.298001025028321,2887.4545052586523,570.0,2255.7274770689883,0.3377498718714599,2268.20861094517,Kaace32b6f6d2ba8d,K01581
C,"['S001-FOD-01', 'S001-FOD-02', 'S001-FOD-03', 'S001-HYG-01', 'S001-HYG-02', 'S001-MED-01', 'S001-MED-02', 'S015-MED-01']","['S001', 'S015']",8,45.0,0.19,4.967401957755235,2749.3784901025083,540.0,2321.7274770689883,0.37907475528059564,2178.67136355871,K273258257cd91203,K01558
C,"['S001-FOD-01', 'S001-FOD-03', 'S001-HYG-01', 'S001-HYG-02', 'S001-MED-01', 'S001-MED-02', 'S001-WAT-04', 'S015-MED-01']","['S001', 'S015']",8,51.0,0.189,5.049284897598861,2749.3784901025083,540.0,2321.7274770689883,0.36883938780014236,2200.8479930996914,K1b308a79938f3bf7,K01560
C,"['S001-FOD-01', 'S001-FOD-02', 'S001-FOD-03', 'S001-HYG-01', 'S001-HYG-02', 'S001-MED-01', 'S001-MED-02', 'S015-FOD-01']","['S001', 'S015']",8,50.0,0.20600000000000002,5.065085467691355,2749.3784901025083,540.0,2321.7274770689883,0.36686431653858065,2205.1273141664087,K55b4189296068b80,K01561
C,"['S001-FOD-01', 'S001-FOD-03', 'S001-HYG-01', 'S001-HYG-02', 'S001-MED-01', 'S001-MED-02', 'S001-WAT-04', 'S015-FOD-01']","['S001', 'S015']",8,56.0,0.20500000000000002,5.16058062941427,2749.3784901025083,540.0,2321.7274770689883,0.3549274213232162,2230.9905871330316,K7046478453a0e7fa,K01572
C,"['S001-FOD-01', 'S001-FOD-02', 'S001-FOD-03', 'S001-HYG-01', 'S001-HYG-02', 'S001-MED-01', 'S001-MED-02', 'S001-WAT-04', 'S015-MED-01']","['S001', 'S015']",9,59.0,0.217,5.185215381192265,2815.3784901025083,570.0,2255.7274770689883,0.3518480773509669,2237.662499072905,K3499aae784870514,K01574
C,"['S001-FOD-01', 'S001-FOD-02', 'S001-FOD-03', 'S001-HYG-01', 'S001-HYG-02', 'S001-MED-01', 'S001-MED-02', 'S001-WAT-08', 'S015-MED-01']","['S001', 'S015']",9,59.0,0.217,5.185215381192265,2815.3784901025083,570.0,2255.7274770689883,0.3518480773509669,2237.662499072905,K2fd9f42360add9fd,K01573
C,"['S001-FOD-01', 'S001-FOD-03', 'S001-HYG-01', 'S001-HYG-02', 'S001-MED-01', 'S001-MED-02', 'S001-WAT-04', 'S001-WAT-05', 'S015-MED-01']","['S001', 'S015']",9,65.0,0.216,5.314068622240688,2815.3784901025083,570.0,2255.7274770689883,0.335741422219914,2272.560251856853,K3fc2ae58af206cc2,K01583
C,"['S001-FOD-01', 'S001-FOD-03', 'S001-HYG-01', 'S001-HYG-02', 'S001-MED-01', 'S001-MED-02', 'S001-WAT-01', 'S001-WAT-08', 'S015-MED-01']","['S001', 'S015']",9,65.0,0.216,5.314068622240688,2815.3784901025083,570.0,2255.7274770689883,0.335741422219914,2272.560251856853,K35d9dabc5136bc98,K01582
C,"['S001-FOD-01', 'S001-FOD-02', 'S001-FOD-03', 'S001-HYG-01', 'S001-HYG-02', 'S001-MED-01', 'S001-MED-02', 'S001-WAT-04', 'S015-FOD-01']","['S001', 'S015']",9,64.0,0.233,5.321135136095828,2815.3784901025083,570.0,2255.7274770689883,0.3348581079880215,2274.4740993592864,K32e09ae2de97b897,K01584
C,"['S001-FOD-01', 'S001-FOD-02', 'S001-FOD-03', 'S001-HYG-01', 'S001-HYG-02', 'S001-MED-01', 'S001-MED-02', 'S001-WAT-08', 'S015-FOD-01']","['S001', 'S015']",9,64.0,0.233,5.321135136095828,2815.3784901025083,570.0,2255.7274770689883,0.3348581079880215,2274.4740993592864,K936203846be4b1f7,K01585
C,"['S001-FOD-01', 'S001-FOD-02', 'S001-FOD-03', 'S001-HYG-02', 'S001-MED-01', 'S001-MED-02', 'S001-WAT-04', 'S001-WAT-05', 'S015-MED-01']","['S001', 'S015']",9,67.0,0.20900000000000002,5.363621752085812,2815.3784901025083,570.0,2255.7274770689883,0.32954728098927355,2285.9808911899077,Kf6e248fb44dfc28f,K01592
C,"['S001-FOD-01', 'S001-FOD-02', 'S001-FOD-03', 'S001-HYG-02', 'S001-MED-01', 'S001-MED-02', 'S001-WAT-01', 'S001-WAT-08', 'S015-MED-01']","['S001', 'S015']",9,67.0,0.20900000000000002,5.363621752085812,2815.3784901025083,570.0,2255.7274770689883,0.32954728098927355,2285.9808911899077,Kd269902ffab12675,K01591
C,"['S001-FOD-01', 'S001-FOD-03', 'S001-HYG-01', 'S001-HYG-02', 'S001-MED-01', 'S001-MED-02', 'S001-WAT-04', 'S001-WAT-05', 'S015-FOD-01']","['S001', 'S015']",9,70.0,0.232,5.475951473739876,2815.3784901025083,570.0,2255.7274770689883,0.3155060657825155,2316.403524137883,Kdc2645f9b31a9340,K01607
C,"['S001-FOD-01', 'S001-FOD-03', 'S001-HYG-01', 'S001-HYG-02', 'S001-MED-01', 'S001-MED-02', 'S001-WAT-01', 'S001-WAT-08', 'S015-FOD-01']","['S001', 'S015']",9,70.0,0.232,5.475951473739876,2815.3784901025083,570.0,2255.7274770689883,0.3155060657825155,2316.403524137883,Kedbb652b1e284b63,K01608
C,"['S001-FOD-01', 'S001-FOD-02', 'S001-FOD-03', 'S001-HYG-02', 'S001-MED-01', 'S001-MED-02', 'S001-WAT-04', 'S001-WAT-05', 'S015-FOD-01']","['S001', 'S015']",9,72.0,0.225,5.53621224752516,2815.3784901025083,570.0,2255.7274770689883,0.30797346905935497,2332.7241503713976,K83ea26ef82d0138a,K01612
C,"['S001-FOD-01', 'S001-FOD-02', 'S001-FOD-03', 'S001-HYG-02', 'S001-MED-01', 'S001-MED-02', 'S001-WAT-01', 'S001-WAT-08', 'S015-FOD-01']","['S001', 'S015']",9,72.0,0.225,5.53621224752516,2815.3784901025083,570.0,2255.7274770689883,0.30797346905935497,2332.7241503713976,Ka424916c9121ff13,K01613
C,"['S002-FOD-01', 'S002-FOD-02', 'S002-HYG-01', 'S002-MED-01', 'S002-WAT-01', 'S002-WAT-04', 'S009-MED-01']","['S009', 'S002']",7,56.0,0.169,5.740563103861021,2429.370896233787,510.0,1791.1401867784903,0.2824296120173724,2388.0691739623594,Kee900917b729d01a,K01627
C,"['S002-FOD-01', 'S002-FOD-02', 'S002-HYG-01', 'S002-MED-01', 'S002-WAT-01', 'S002-WAT-04', 'S009-MED-01']","['S002', 'S009']",7,56.0,0.169,5.7522009578679665,2429.370896233787,510.0,2082.6689169877227,0.2809748802665042,2391.2210927559076,K1c7431c329a62308,K01628
C,"['S002-FOD-01', 'S002-FOD-02', 'S002-HYG-01', 'S002-MED-01', 'S002-WAT-01', 'S002-WAT-04', 'S009-FOD-01']","['S009', 'S002']",7,61.0,0.185,5.9162293142164515,2429.370896233787,510.0,1791.1401867784903,0.26047133572294356,2435.6454392669557,Ka7cbebd417426e78,K01645
C,"['S002-FOD-01', 'S002-FOD-02', 'S002-HYG-01', 'S002-MED-01', 'S002-WAT-01', 'S002-WAT-04', 'S009-FOD-01']","['S002', 'S009']",7,61.0,0.185,5.988930434485338,2429.370896233787,510.0,2082.6689169877227,0.2513836956893327,2455.335326006446,K300c88c7bb433e26,K01651
C,"['S002-FOD-01', 'S002-HYG-01', 'S002-MED-01', 'S002-WAT-01', 'S002-WAT-02', 'S002-WAT-04', 'S009-MED-01']","['S009', 'S002']",7,62.0,0.168,6.014884733650646,2429.370896233787,510.0,1791.1401867784903,0.2481394082936692,2462.364615363717,K6466d9a765d7a986,K01660
C,"['S002-FOD-02', 'S002-HYG-01', 'S002-MED-01', 'S002-WAT-01', 'S002-WAT-02', 'S002-WAT-04', 'S009-MED-01']","['S009', 'S002']",7,62.0,0.168,6.014884733650646,2429.370896233787,510.0,1791.1401867784903,0.2481394082936692,2462.364615363717,K62b718cf7426866b,K01659
C,"['S002-FOD-01', 'S002-HYG-01', 'S002-MED-01', 'S002-WAT-01', 'S002-WAT-02', 'S002-WAT-04', 'S009-MED-01']","['S002', 'S009']",7,62.0,0.168,6.03019290332003,2429.370896233787,510.0,2082.6689169877227,0.24622588708499626,2466.510577982508,K7211932aae57e890,K01661
C,"['S002-FOD-02', 'S002-HYG-01', 'S002-MED-01', 'S002-WAT-01', 'S002-WAT-02', 'S002-WAT-04', 'S009-MED-01']","['S002', 'S009']",7,62.0,0.168,6.03019290332003,2429.370896233787,510.0,2082.6689169877227,0.24622588708499626,2466.510577982508,Kf985a2e5fe802c6b,K01662
C,"['S002-FOD-01', 'S002-FOD-02', 'S002-MED-01', 'S002-WAT-01', 'S002-WAT-03', 'S002-WAT-04', 'S009-MED-01']","['S009', 'S002']",7,64.0,0.161,6.119721529790279,2429.370896233787,510.0,1791.1401867784903,0.23503480877621508,2490.7579143182006,Kf0d1710c2a1d9528,K01671
C,"['S002-FOD-01', 'S002-FOD-02', 'S002-MED-01', 'S002-WAT-02', 'S002-WAT-03', 'S002-WAT-04', 'S009-MED-01']","['S009', 'S002']",7,64.0,0.161,6.119721529790279,2429.370896233787,510.0,1791.1401867784903,0.23503480877621508,2490.7579143182006,K70739f4f26659d70,K01670
C,"['S002-FOD-01', 'S002-FOD-02', 'S002-MED-01', 'S002-WAT-01', 'S002-WAT-02', 'S002-WAT-03', 'S009-MED-01']","['S009', 'S002']",7,64.0,0.161,6.119721529790279,2429.370896233787,510.0,1791.1401867784903,0.23503480877621508,2490.7579143182006,K0e594c13c0c53451,K01669
C,"['S002-FOD-01', 'S002-FOD-02', 'S002-MED-01', 'S002-WAT-01', 'S002-WAT-03', 'S002-WAT-04', 'S009-MED-01']","['S002', 'S009']",7,64.0,0.161,6.136643580881881,2429.370896233787,510.0,2082.6689169877227,0.23291955238976492,2495.340969822176,Kbd43ee56877180d0,K01675
C,"['S002-FOD-01', 'S002-FOD-02', 'S002-MED-01', 'S002-WAT-02', 'S002-WAT-03', 'S002-WAT-04', 'S009-MED-01']","['S002', 'S009']",7,64.0,0.161,6.136643580881881,2429.370896233787,510.0,2082.6689169877227,0.23291955238976492,2495.340969822176,K396f9c3d99dc439f,K01674
C,"['S002-FOD-01', 'S002-FOD-02', 'S002-MED-01', 'S002-WAT-01', 'S002-WAT-02', 'S002-WAT-03', 'S009-MED-01']","['S002', 'S009']",7,64.0,0.161,6.136643580881881,2429.370896233787,510.0,2082.6689169877227,0.23291955238976492,2495.340969822176,K02417e2305650879,K01673
C,"['S002-FOD-01', 'S002-HYG-01', 'S002-MED-01', 'S002-WAT-01', 'S002-WAT-02', 'S002-WAT-04', 'S009-FOD-01']","['S009', 'S002']",7,67.0,0.184,6.232167841093878,2429.370896233787,510.0,1791.1401867784903,0.2209790198632653,2521.2121236295916,Kc63d4995b3669f52,K01684
C,"['S002-FOD-02', 'S002-HYG-01', 'S002-MED-01', 'S002-WAT-01', 'S002-WAT-02', 'S002-WAT-04', 'S009-FOD-01']","['S009', 'S002']",7,67.0,0.184,6.232167841093878,2429.370896233787,510.0,1791.1401867784903,0.2209790198632653,2521.2121236295916,K9ecc7c91fba64d02,K01683
C,"['S002-FOD-01', 'S002-FOD-02', 'S002-HYG-01', 'S002-MED-01', 'S002-WAT-01', 'S002-WAT-04', 'S011-MED-01']","['S002', 'S011']",7,56.0,0.169,6.128786389877573,2554.929993845163,510.0,2082.6689169877227,0.2339017012653034,2493.2129805918426,K7e112b766bfb3678,K01672
C,"['S002-FOD-01', 'S002-FOD-02', 'S002-HYG-01', 'S002-MED-01', 'S002-WAT-01', 'S002-WAT-04', 'S011-MED-01']","['S011', 'S002']",7,56.0,0.169,6.222889570894669,2554.929993845163,510.0,1665.5810891671142,0.2221388036381664,2518.6992587839727,K93e73a032ef592ec,K01681
C,"['S002-FOD-01', 'S002-FOD-02', 'S002-HYG-01', 'S002-MED-01', 'S002-WAT-01', 'S002-WAT-04', 'S011-FOD-01']","['S011', 'S002']",7,61.0,0.185,6.310982146953103,2554.929993845163,510.0,1665.5810891671142,0.2111272316308621,2542.557664799799,Kd32d636402598e9f,K01685
C,"['S002-FOD-01', 'S002-FOD-02', 'S002-HYG-01', 'S002-MED-01', 'S002-WAT-01', 'S002-WAT-04', 'S011-FOD-01']","['S002', 'S011']",7,61.0,0.185,6.382877151536139,2554.929993845163,510.0,2082.6689169877227,0.20214035605798264,2562.0292285410374,K7d6bba7a86af5956,K01700
C,"['S002-FOD-01', 'S002-FOD-02', 'S002-HYG-01', 'S002-MED-01', 'S002-WAT-01', 'S002-WAT-04', 'S013-MED-01']","['S002', 'S013']",7,56.0,0.169,6.367974030205576,2589.8884302735532,510.0,1488.1476680537871,0.204003246224303,2557.9929665140103,K52ce93a941e89c9d,K01695
C,"['S003-FOD-01', 'S003-FOD-02', 'S003-HYG-01', 'S003-MED-01', 'S003-WAT-01', 'S003-WAT-04', 'S011-MED-01']","['S003', 'S011']",7,56.0,0.169,6.066734905004979,2793.4999343196178,510.0,5524.45114445037,0.24165813687437765,2476.407370105515,K874e084ff455c284,K01665
C,"['S003-FOD-01', 'S003-FOD-02', 'S003-HYG-01', 'S003-MED-01', 'S003-WAT-01', 'S003-WAT-04', 'S011-MED-01']","['S011', 'S003']",7,56.0,0.169,6.10942217327721,2793.4999343196178,510.0,5197.128921230013,0.23632222834034877,2487.9685052625778,Kc324aaa5774fb3ba,K01668
C,"['S003-FOD-01', 'S003-FOD-02', 'S003-HYG-01', 'S003-MED-01', 'S003-WAT-01', 'S003-WAT-04', 'S011-FOD-01']","['S011', 'S003']",7,61.0,0.185,6.197514749335646,2793.4999343196178,510.0,5197.128921230013,0.22531065633304426,2511.826911278404,K9912571b7da57459,K01679
C,"['S003-FOD-01', 'S003-FOD-02', 'S003-HYG-01', 'S003-MED-01', 'S003-WAT-01', 'S003-WAT-04', 'S011-FOD-01']","['S003', 'S011']",7,61.0,0.185,6.3204264686125,2793.4999343196178,510.0,5524.45114445037,0.20994669142343747,2545.1155019158855,Kf719d53143cabb9c,K01686
C,"['S003-FOD-01', 'S003-HYG-01', 'S003-MED-01', 'S003-WAT-01', 'S003-WAT-02', 'S003-WAT-04', 'S011-MED-01']","['S003', 'S011']",7,62.0,0.168,6.345010487551614,2793.4999343196178,510.0,5524.45114445037,0.2068736890560483,2551.7736737118953,K201b60e9dd755386,K01688
C,"['S003-FOD-02', 'S003-HYG-01', 'S003-MED-01', 'S003-WAT-01', 'S003-WAT-02', 'S003-WAT-04', 'S011-MED-01']","['S003', 'S011']",7,62.0,0.168,6.345010487551614,2793.4999343196178,510.0,5524.45114445037,0.2068736890560483,2551.7736737118953,K9995b35f7251cf67,K01689
C,"['S003-FOD-01', 'S003-FOD-02', 'S003-HYG-01', 'S003-MED-01', 'S003-WAT-01', 'S003-WAT-04', 'S015-MED-01']","['S003', 'S015']",7,56.0,0.169,6.195855112185186,2794.0922059007034,510.0,5067.528116747975,0.2255181109768517,2511.3774262168213,Kff0c9d49ca9870e8,K01678
C,"['S003-FOD-01', 'S003-FOD-02', 'S003-HYG-01', 'S003-MED-01', 'S003-WAT-01', 'S003-WAT-04', 'S015-MED-01']","['S015', 'S003']",7,56.0,0.169,6.347532949789933,2794.0922059007034,510.0,5196.536649648927,0.20655838127625836,2552.456840568107,K4fe5e287197ee898,K01690
B,"['S004-HYG-01', 'S004-MED-01', 'S009-MED-01']","['S009', 'S004']",3,12.0,0.059000000000000004,2.591770472178049,2189.5310660099913,390.0,5689.643098999604,0.35205738195548775,1789.767204610488,K607a5cb101bdef2c,K01185
B,"['S004-HYG-01', 'S004-MED-01', 'S009-MED-01']","['S004', 'S009']",3,12.0,0.059000000000000004,2.6028540497428043,2189.5310660099917,390.0,5927.532501657071,0.3492864875642989,1794.5700882218819,K9af72b6352306ced,K01195
B,"['S004-FOD-01', 'S004-MED-01', 'S009-MED-01']","['S009', 'S004']",3,14.0,0.052000000000000005,2.636149279271118,2189.5310660099913,390.0,5689.643098999604,0.34096268018222053,1808.9980210174845,K43284e28dfc510eb,K01213
B,"['S004-FOD-01', 'S004-MED-01', 'S009-MED-01']","['S004', 'S009']",3,14.0,0.052000000000000005,2.645283916698951,2189.5310660099917,390.0,5927.532501657071,0.33867902082526224,1812.9563639028786,Kbf374ef7d8ced4e5,K01217
B,"['S004-FOD-01', 'S004-MED-01', 'S009-FOD-01']","['S009', 'S004']",3,19.0,0.068,2.7348684537375054,2189.5310660099913,390.0,5689.643098999604,0.31628288656562364,1851.776329952919,K62e4976b6e1aa77f,K01255
B,"['S004-FOD-01', 'S004-MED-01', 'S009-FOD-01']","['S004', 'S009']",3,19.0,0.068,2.8023788956124043,2189.5310660099917,390.0,5927.532501657071,0.29940527609689893,1881.0308547653751,Kd6aed10b3de27f1e,K01282
B,"['S004-MED-01', 'S004-WAT-02', 'S009-MED-01']","['S009', 'S004']",3,20.0,0.051000000000000004,2.811644206640327,2189.5310660099913,390.0,5689.643098999604,0.2970889483399183,1885.0458228774748,K629040e7aaa1df96,K01288
B,"['S004-MED-01', 'S004-WAT-02', 'S009-MED-01']","['S004', 'S009']",3,20.0,0.051000000000000004,2.8123540606556556,2189.5310660099917,390.0,5927.532501657071,0.2969114848360861,1885.3534262841174,Kd39252f2a1507b3e,K01289
B,"['S004-FOD-01', 'S004-MED-01', 'S009-WAT-01']","['S009', 'S004']",3,25.0,0.067,2.9083279511012456,2189.5310660099913,390.0,5689.643098999604,0.2729180122246886,1926.9421121438731,Ke1ee69d8361d1a80,K01329
B,"['S004-MED-01', 'S004-WAT-02', 'S009-FOD-01']","['S009', 'S004']",3,25.0,0.067,2.961052552589847,2189.5310660099913,390.0,5689.643098999604,0.2597368618525383,1949.7894394556004,Kf0a5e82f8aced629,K01361
B,"['S004-MED-01', 'S004-WAT-02', 'S009-FOD-01']","['S004', 'S009']",3,25.0,0.067,3.0379906736057927,2189.5310660099917,390.0,5927.532501657071,0.24050233159855183,1983.1292918958436,Ke64441c751304910,K01399
B,"['S004-FOD-01', 'S004-MED-01', 'S009-WAT-01']","['S004', 'S009']",3,25.0,0.067,3.080933714271204,2189.5310660099917,390.0,5927.532501657071,0.22976657143219903,2001.7379428508552,K7433424418efc381,K01412
C,"['S004-FOD-01', 'S004-HYG-01', 'S004-MED-01', 'S004-WAT-01', 'S004-WAT-02', 'S009-MED-01']","['S004', 'S009']",6,48.0,0.14100000000000001,6.007944397895935,2537.311710744692,480.0,5652.502640613777,0.24900695026300812,2460.484941096816,K6610d86e427af485,K01658
C,"['S004-FOD-01', 'S004-HYG-01', 'S004-MED-01', 'S004-WAT-02', 'S004-WAT-03', 'S009-MED-01']","['S004', 'S009']",6,48.0,0.14100000000000001,6.007944397895935,2537.311710744692,480.0,5652.502640613777,0.24900695026300812,2460.484941096816,K0ec1ef83388115e6,K01656
C,"['S004-FOD-01', 'S004-HYG-01', 'S004-MED-01', 'S004-WAT-01', 'S004-WAT-03', 'S009-MED-01']","['S004', 'S009']",6,48.0,0.14100000000000001,6.007944397895935,2537.311710744692,480.0,5652.502640613777,0.24900695026300812,2460.484941096816,K3099558a73b74239,K01657
C,"['S004-FOD-01', 'S004-HYG-01', 'S004-MED-01', 'S004-WAT-01', 'S004-WAT-02', 'S009-MED-01']","['S009', 'S004']",6,48.0,0.14100000000000001,6.06401699823916,2537.311710744692,480.0,5380.24564864153,0.24199787522010496,2475.671270356439,Kf0321443d0e628f8,K01664
B,"['S004-HYG-01', 'S004-MED-01', 'S010-MED-01']","['S004', 'S010']",3,12.0,0.059000000000000004,3.177474084385811,2563.1123857409943,390.0,1507.0527074824477,0.20563147890354727,2043.5721032338513,K60875c7a69ad7957,K01463
B,"['S004-HYG-01', 'S004-MED-01', 'S010-MED-01']","['S010', 'S004']",3,12.0,0.059000000000000004,3.1967075888638945,2563.1123857409943,390.0,2574.7615734432247,0.20082310278402637,2051.9066218410208,Kbc51ac817039fec4,K01469
B,"['S004-HYG-01', 'S004-MED-01', 'S011-MED-01']","['S011', 'S004']",3,12.0,0.059000000000000004,2.514917850398176,2198.6496270677535,390.0,5680.524537941841,0.371270537400456,1756.4644018392098,K77df3dac651a8d0e,K01146
B,"['S004-HYG-01', 'S004-MED-01', 'S011-MED-01']","['S004', 'S011']",3,12.0,0.059000000000000004,2.553383130634884,2198.6496270677535,390.0,5927.532501657071,0.361654217341279,1773.132689941783,K3c7443a0d7c471e8,K01165
B,"['S004-FOD-01', 'S004-MED-01', 'S011-MED-01']","['S011', 'S004']",3,14.0,0.052000000000000005,2.554714260654017,2198.6496270677535,390.0,5680.524537941841,0.3613214348364957,1773.709512950074,Kf21ae7c965f88370,K01168
B,"['S004-FOD-01', 'S004-MED-01', 'S011-MED-01']","['S004', 'S011']",3,14.0,0.052000000000000005,2.5958129975910307,2198.6496270677535,390.0,5927.532501657071,0.35104675060224233,1791.51896562278,K1e2760b638fc484f,K01191
B,"['S004-FOD-01', 'S004-MED-01', 'S011-FOD-01']","['S011', 'S004']",3,19.0,0.068,2.604934098318305,2198.6496270677535,390.0,5680.524537941841,0.3487664754204237,1795.471442604599,Kf192dd94d7eb085c,K01198
B,"['S004-FOD-01', 'S004-MED-01', 'S011-WAT-01']","['S011', 'S004']",3,25.0,0.067,2.6922667513106884,2198.6496270677535,390.0,5680.524537941841,0.3269333121723279,1833.3155922346316,Kc83fe038af9b8444,K01235
B,"['S004-MED-01', 'S004-WAT-02', 'S011-MED-01']","['S011', 'S004']",3,20.0,0.051000000000000004,2.712004520404675,2198.6496270677535,390.0,5680.524537941841,0.3219988698988312,1841.8686255086927,K5947ebcd9e89e90d,K01244
B,"['S004-MED-01', 'S004-WAT-02', 'S011-MED-01']","['S004', 'S011']",3,20.0,0.051000000000000004,2.7628831415477353,2198.6496270677535,390.0,5927.532501657071,0.3092792146130662,1863.9160280040187,K643bf5f361473bcc,K01266
B,"['S004-FOD-01', 'S004-MED-01', 'S011-FOD-01']","['S004', 'S011']",3,19.0,0.068,2.770509912612952,2198.6496270677535,390.0,5927.532501657071,0.307372521846762,1867.220962132279,Kf3babbd4128e3b8f,K01270
B,"['S004-MED-01', 'S004-WAT-02', 'S011-FOD-01']","['S011', 'S004']",3,25.0,0.067,2.787173177848909,2198.6496270677535,390.0,5680.524537941841,0.30320670553777274,1874.441710401194,Ke8551e6f77103da6,K01277
B,"['S004-MED-01', 'S004-WAT-02', 'S011-FOD-01']","['S004', 'S011']",3,25.0,0.067,3.0061216906063404,2198.6496270677535,390.0,5927.532501657071,0.2484695773484149,1969.3193992627475,K17bebbc590560e13,K01385
B,"['S004-FOD-01', 'S004-MED-01', 'S011-WAT-01']","['S004', 'S011']",3,25.0,0.067,3.0828849589109484,2198.6496270677535,390.0,5927.532501657071,0.2292787602722629,2002.5834821947444,K59aec11739466852,K01414
C,"['S004-FOD-01', 'S004-HYG-01', 'S004-MED-01', 'S004-WAT-01', 'S004-WAT-02', 'S011-MED-01']","['S011', 'S004']",6,48.0,0.14100000000000001,5.862248126480226,2555.756266675501,480.0,5361.801092710722,0.2672189841899717,2421.0255342550613,Ke40ebc85c436a623,K01638
C,"['S004-FOD-01', 'S004-HYG-01', 'S004-MED-01', 'S004-WAT-02', 'S004-WAT-03', 'S011-MED-01']","['S011', 'S004']",6,48.0,0.14100000000000001,5.862248126480226,2555.756266675501,480.0,5361.801092710722,0.2672189841899717,2421.0255342550613,Kb4fbf943bc9e9a18,K01637
C,"['S004-FOD-01', 'S004-HYG-01', 'S004-MED-01', 'S004-WAT-01', 'S004-WAT-03', 'S011-MED-01']","['S011', 'S004']",6,48.0,0.14100000000000001,5.862248126480226,2555.756266675501,480.0,5361.801092710722,0.2672189841899717,2421.0255342550613,Kb097ed5d96142bf4,K01636
C,"['S004-FOD-01', 'S004-HYG-01', 'S004-MED-01', 'S004-WAT-01', 'S004-WAT-02', 'S011-MED-01']","['S004', 'S011']",6,48.0,0.14100000000000001,5.878772957374518,2555.7562666755007,480.0,5652.502640613777,0.26515338032818525,2425.501009288932,K77b86e4b4ab7aaf3,K01639
B,"['S004-HYG-01', 'S004-MED-01', 'S013-MED-01']","['S004', 'S013']",3,12.0,0.059000000000000004,2.953916076515476,2369.5514918878007,390.0,1678.1709691511285,0.26152098087113096,1946.6969664900396,K856d37ae31cca070,K01354
B,"['S004-HYG-01', 'S004-MED-01', 'S013-MED-01']","['S013', 'S004']",3,12.0,0.059000000000000004,2.958153393246299,2369.5514918878007,390.0,2597.210872294404,0.2604616516884253,1948.5331370733961,K69a036e6be2dfb7e,K01359
B,"['S004-FOD-01', 'S004-MED-01', 'S013-MED-01']","['S004', 'S013']",3,14.0,0.052000000000000005,2.996345943471623,2369.5514918878007,390.0,1678.1709691511285,0.2509135141320943,1965.0832421710363,K1adf37df206f1478,K01377
B,"['S004-FOD-01', 'S004-MED-01', 'S013-MED-01']","['S013', 'S004']",3,14.0,0.052000000000000005,3.011780000569353,2369.5514918878007,390.0,2597.210872294404,0.24705499985766177,1971.771333580053,K77c7958862851376,K01389
B,"['S004-FOD-01', 'S004-MED-01', 'S013-FOD-01']","['S013', 'S004']",3,19.0,0.068,3.098166655880264,2369.5514918878007,390.0,5509.622673121795,0.22545833602993404,2009.2055508814476,K2bc76545db6756b4,K01422
B,"['S004-MED-01', 'S004-WAT-02', 'S013-MED-01']","['S004', 'S013']",3,20.0,0.051000000000000004,3.1634160874283275,2369.5514918878007,390.0,1678.1709691511285,0.20914597814291813,2037.4803045522754,K516fe656568d9625,K01453
B,"['S004-FOD-01', 'S004-MED-01', 'S013-FOD-01']","['S004', 'S013']",3,19.0,0.068,3.1768021391951744,2369.5514918878007,390.0,5927.532501657071,0.2057994652012064,2043.2809269845757,K731949c5374ee610,K01461
B,"['S004-HYG-01', 'S004-MED-01', 'S015-MED-01']","['S004', 'S015']",3,12.0,0.059000000000000004,3.1347907426465924,2680.865682462176,390.0,5129.858097624654,0.2163023143383519,2025.07598848019,Kb5ff5867630b8d86,K01437
B,"['S004-HYG-01', 'S004-MED-01', 'S015-MED-01']","['S015', 'S004']",3,12.0,0.059000000000000004,3.1652374525982143,2680.8656824621767,390.0,5198.308482547419,0.20869063685044642,2038.2695627925593,K19ec641bf7f92378,K01455
B,"['S004-FOD-01', 'S004-MED-01', 'S015-MED-01']","['S004', 'S015']",3,14.0,0.052000000000000005,3.177220609602739,2680.865682462176,390.0,5129.858097624654,0.20569484759931522,2043.462264161187,K917c787f7ad2e7ef,K01462
B,"['S005-HYG-01', 'S005-MED-01', 'S009-MED-01']","['S005', 'S009']",3,12.0,0.059000000000000004,2.161889717875296,2004.8182895448504,390.0,9262.823142622328,0.459527570531176,1603.4855444126283,K182e5d00449c71bc,K01034
B,"['S005-FOD-01', 'S005-MED-01', 'S009-MED-01']","['S005', 'S009']",3,14.0,0.052000000000000005,2.191034796399685,2004.8182895448504,390.0,9262.823142622328,0.45224130090007875,1616.1150784398635,K5ff0bdfa4fba9705,K01043
B,"['S005-HYG-01', 'S005-MED-01', 'S009-MED-01']","['S009', 'S005']",3,12.0,0.059000000000000004,2.1938820083199966,2004.8182895448506,390.0,9270.509253422239,0.45152949792000086,1617.3488702719985,Kca59ce6eb00ac237,K01046
B,"['S005-FOD-01', 'S005-MED-01', 'S009-MED-01']","['S009', 'S005']",3,14.0,0.052000000000000005,2.237145467932165,2004.8182895448506,390.0,9270.509253422239,0.44071363301695876,1636.0963694372715,Kd5fedcde01fbe862,K01059
B,"['S005-FOD-01', 'S005-MED-01', 'S009-FOD-01']","['S005', 'S009']",3,19.0,0.068,2.305004270612234,2004.8182895448504,390.0,9729.159123699577,0.42374893234694155,1665.5018505986345,K4c478aff6ebf5773,K01077
B,"['S005-MED-01', 'S005-WAT-02', 'S009-MED-01']","['S005', 'S009']",3,20.0,0.051000000000000004,2.3056992660077817,2004.8182895448504,390.0,9262.823142622328,0.42357518349805456,1665.8030152700385,Keb3928d22aa01807,K01078
B,"['S005-FOD-01', 'S005-MED-01', 'S009-FOD-01']","['S009', 'S005']",3,19.0,0.068,2.3358646423985525,2004.8182895448506,390.0,9270.509253422239,0.41603383940036187,1678.874678372706,K4e9b2d4b0f060c6d,K01087
B,"['S005-MED-01', 'S005-WAT-02', 'S009-MED-01']","['S009', 'S005']",3,20.0,0.051000000000000004,2.4078441039546763,2004.8182895448506,390.0,9270.509253422239,0.3980389740113309,1710.0657783803597,K5c99d7cc229de9e8,K01100
B,"['S005-MED-01', 'S005-WAT-02', 'S009-FOD-01']","['S005', 'S009']",3,25.0,0.067,2.466584545019183,2004.8182895448504,390.0,9729.159123699577,0.3833538637452043,1735.5199695083127,K290b53df3f8d523e,K01122
B,"['S005-FOD-01', 'S005-MED-01', 'S009-WAT-01']","['S005', 'S009']",3,25.0,0.067,2.506588138028988,2004.8182895448504,390.0,9262.823142622328,0.373352965492753,1752.8548598125615,Kda20631b9b90b306,K01139
B,"['S005-FOD-01', 'S005-MED-01', 'S009-WAT-01']","['S009', 'S005']",3,25.0,0.067,2.5093241397622927,2004.8182895448506,390.0,9270.509253422239,0.3726689650594268,1754.0404605636602,K925e0ea9a45398de,K01141
B,"['S005-MED-01', 'S005-WAT-02', 'S009-FOD-01']","['S009', 'S005']",3,25.0,0.067,2.557252449904196,2004.8182895448506,390.0,9270.509253422239,0.36068688752395095,1774.809394958485,K5925e763f18fc2c4,K01169
C,"['S005-FOD-01', 'S005-HYG-01', 'S005-MED-01', 'S005-WAT-01', 'S005-WAT-02', 'S009-MED-01']","['S005', 'S009']",6,48.0,0.14100000000000001,4.8933599281669204,2352.568790033132,480.0,8935.840794192965,0.38833000897913494,2158.618313878541,K51578999994dd717,K01552
C,"['S005-FOD-01', 'S005-HYG-01', 'S005-MED-01', 'S005-WAT-02', 'S005-WAT-03', 'S009-MED-01']","['S005', 'S009']",6,48.0,0.14100000000000001,4.8933599281669204,2352.568790033132,480.0,8935.840794192965,0.38833000897913494,2158.618313878541,K1b39ef2211f9b170,K01551
C,"['S005-FOD-01', 'S005-HYG-01', 'S005-MED-01', 'S005-WAT-01', 'S005-WAT-03', 'S009-MED-01']","['S005', 'S009']",6,48.0,0.14100000000000001,4.8933599281669204,2352.568790033132,480.0,8935.840794192965,0.38833000897913494,2158.618313878541,K69a8f6c888e4b6c3,K01553
C,"['S005-FOD-01', 'S005-HYG-01', 'S005-MED-01', 'S005-WAT-01', 'S005-WAT-02', 'S009-FOD-01']","['S005', 'S009']",6,53.0,0.157,5.0337068862782095,2352.568790033132,480.0,9462.770642254265,0.3707866392152238,2196.6289483670153,K3f026386c8f4a729,K01559
B,"['S005-HYG-01', 'S005-MED-01', 'S010-MED-01']","['S005', 'S010']",3,12.0,0.059000000000000004,2.599364744972435,2281.3556252257345,390.0,1788.8094679977075,0.3501588137568913,1793.0580561547217,Kc66a804c05e830ff,K01193
B,"['S005-FOD-01', 'S005-MED-01', 'S010-MED-01']","['S005', 'S010']",3,14.0,0.052000000000000005,2.628509823496824,2281.3556252257345,390.0,1788.8094679977075,0.34287254412579404,1805.687590181957,K0f99082b52c378b8,K01205
B,"['S005-HYG-01', 'S005-MED-01', 'S010-MED-01']","['S010', 'S005']",3,12.0,0.059000000000000004,2.6528999327910814,2281.355625225734,390.0,2574.7615734432247,0.33677501680222965,1816.2566375428019,Kc4c0bdc01231acce,K01218
B,"['S005-FOD-01', 'S005-MED-01', 'S010-MED-01']","['S010', 'S005']",3,14.0,0.052000000000000005,2.7078686273141797,2281.355625225734,390.0,2574.7615734432247,0.3230328431714551,1840.0764051694778,K75b779d4119891e4,K01241
B,"['S005-MED-01', 'S005-WAT-02', 'S010-MED-01']","['S005', 'S010']",3,20.0,0.051000000000000004,2.7431742931049206,2281.3556252257345,390.0,1788.8094679977075,0.31420642672376986,1855.3755270121324,Ka0bf332a50ef9bd3,K01257
B,"['S005-FOD-01', 'S005-MED-01', 'S010-FOD-01']","['S005', 'S010']",3,19.0,0.068,2.7703890122245842,2281.3556252257345,390.0,9729.159123699577,0.30740274694385394,1867.1685719639863,Ke2a614748320b416,K01269
B,"['S005-FOD-01', 'S005-MED-01', 'S010-FOD-01']","['S010', 'S005']",3,19.0,0.068,2.793858432317307,2281.355625225734,390.0,8993.971917741355,0.30153539192067325,1877.3386540041665,Kbcadf20bafc84d23,K01279
B,"['S005-MED-01', 'S005-WAT-02', 'S010-MED-01']","['S010', 'S005']",3,20.0,0.051000000000000004,2.9250209675750174,2281.355625225734,390.0,2574.7615734432247,0.26874475810624565,1934.1757526158408,K21380f9836a7eaac,K01337
B,"['S005-MED-01', 'S005-WAT-02', 'S010-FOD-01']","['S005', 'S010']",3,25.0,0.067,2.9319692866315337,2281.3556252257345,390.0,9729.159123699577,0.2670076783421166,1937.1866908736647,K2c0a6174a8690cde,K01339
B,"['S005-FOD-01', 'S005-MED-01', 'S010-WAT-01']","['S010', 'S005']",3,25.0,0.067,2.943168248891914,2281.355625225734,390.0,2574.7615734432247,0.26420793777702145,1942.0395745198296,K800409d3119ebea1,K01347
B,"['S005-FOD-01', 'S005-MED-01', 'S010-WAT-01']","['S005', 'S010']",3,25.0,0.067,3.0249504579986,2281.3556252257345,390.0,1788.8094679977075,0.24376238550035,1977.4785317993933,K2cf761668cda1b48,K01393
B,"['S005-MED-01', 'S005-WAT-02', 'S010-FOD-01']","['S010', 'S005']",3,25.0,0.067,3.053520551209218,2281.355625225734,390.0,8993.971917741355,0.23661986219769549,1989.8589055239945,Kff84ea30748bad44,K01404
C,"['S005-FOD-01', 'S005-HYG-01', 'S005-MED-01', 'S005-WAT-01', 'S005-WAT-02', 'S010-MED-01']","['S005', 'S010']",6,48.0,0.14100000000000001,5.790325123349624,2649.6724058246928,480.0,1456.8887766728376,0.276209359581297,2401.546387573857,K616bd371ed8e3089,K01630
C,"['S005-FOD-01', 'S005-HYG-01', 'S005-MED-01', 'S005-WAT-02', 'S005-WAT-03', 'S010-MED-01']","['S005', 'S010']",6,48.0,0.14100000000000001,5.790325123349624,2649.6724058246928,480.0,1456.8887766728376,0.276209359581297,2401.546387573857,K5bb332fc608ba51f,K01629
C,"['S005-FOD-01', 'S005-HYG-01', 'S005-MED-01', 'S005-WAT-01', 'S005-WAT-03', 'S010-MED-01']","['S005', 'S010']",6,48.0,0.14100000000000001,5.790325123349624,2649.6724058246928,480.0,1456.8887766728376,0.276209359581297,2401.546387573857,K716001c69439ba28,K01631
C,"['S005-HYG-01', 'S005-MED-01', 'S005-WAT-01', 'S005-WAT-02', 'S005-WAT-03', 'S010-MED-01']","['S005', 'S010']",6,54.0,0.14,5.944258990304122,2649.6724058246928,480.0,1456.8887766728376,0.25696762621198477,2443.236809874033,K1b4c503fdc7d4800,K01648
B,"['S005-HYG-01', 'S005-MED-01', 'S011-MED-01']","['S011', 'S005']",3,12.0,0.059000000000000004,1.7541625168680444,1824.7467056094706,390.0,9450.580837357618,0.5614593707829889,1426.803757309486,Kd889fc6df1686516,K00918
B,"['S005-HYG-01', 'S005-MED-01', 'S011-MED-01']","['S005', 'S011']",3,12.0,0.059000000000000004,1.7708120915983592,1824.7467056094706,390.0,9257.279009154123,0.5572969771004102,1434.0185730259557,Kdb5080d3b8c4934e,K00921
B,"['S005-FOD-01', 'S005-MED-01', 'S011-MED-01']","['S011', 'S005']",3,14.0,0.052000000000000005,1.7829293598867477,1824.7467056094706,390.0,9450.580837357618,0.5542676600283131,1439.2693892842574,K6ea05fae48fa3c47,K00923
B,"['S005-FOD-01', 'S005-MED-01', 'S011-MED-01']","['S005', 'S011']",3,14.0,0.052000000000000005,1.7999571701227481,1824.7467056094706,390.0,9257.279009154123,0.550010707469313,1446.6481070531909,Kfeedf378186aca02,K00928
B,"['S005-FOD-01', 'S005-MED-01', 'S011-FOD-01']","['S011', 'S005']",3,19.0,0.068,1.833149197551036,1824.7467056094706,390.0,9450.580837357618,0.5417127006122411,1461.031318938782,K7f0b274299fc899a,K00934
B,"['S005-MED-01', 'S005-WAT-02', 'S011-MED-01']","['S011', 'S005']",3,20.0,0.051000000000000004,1.8958572616992222,1824.7467056094706,390.0,9450.580837357618,0.5260356845751945,1488.2048134029963,K6f6ac4890058a7ac,K00942
B,"['S005-MED-01', 'S005-WAT-02', 'S011-MED-01']","['S005', 'S011']",3,20.0,0.051000000000000004,1.9146216397308449,1824.7467056094706,390.0,9257.279009154123,0.5213445900672888,1496.336043883366,K6d29520a7504aeed,K00946
B,"['S005-FOD-01', 'S005-MED-01', 'S011-FOD-01']","['S005', 'S011']",3,19.0,0.068,1.914686585436859,1824.7467056094706,390.0,9729.159123699577,0.5213283536407852,1496.364187022639,Kf3368ec7f35a0a12,K00947
B,"['S005-FOD-01', 'S005-MED-01', 'S011-WAT-01']","['S011', 'S005']",3,25.0,0.067,1.9204818505434194,1824.7467056094706,390.0,9450.580837357618,0.5198795373641452,1498.8754685688152,K3829e04a57c5eab3,K00948
B,"['S005-MED-01', 'S005-WAT-02', 'S011-FOD-01']","['S011', 'S005']",3,25.0,0.067,1.971025919143456,1824.7467056094706,390.0,9450.580837357618,0.507243520214136,1520.7778982954976,Kcfc05e6c32c49e84,K00957
B,"['S005-MED-01', 'S005-WAT-02', 'S011-FOD-01']","['S005', 'S011']",3,25.0,0.067,2.076266859843808,1824.7467056094706,390.0,9729.159123699577,0.480933285039048,1566.3823059323167,K2172d510864dedbb,K00997
B,"['S005-FOD-01', 'S005-MED-01', 'S011-WAT-01']","['S005', 'S011']",3,25.0,0.067,2.1179800196993472,1824.7467056094706,390.0,9257.279009154123,0.4705049950751632,1584.4580085363837,K14889cc5828ecbc1,K01018
C,"['S005-FOD-01', 'S005-HYG-01', 'S005-MED-01', 'S005-WAT-01', 'S005-WAT-02', 'S011-MED-01']","['S005', 'S011']",6,48.0,0.14100000000000001,4.04972381546759,2173.166966229588,480.0,8931.17570776252,0.4937845230665513,1930.1335333558054,K1ebbd89cb39ce7ff,K01497
C,"['S005-FOD-01', 'S005-HYG-01', 'S005-MED-01', 'S005-WAT-02', 'S005-WAT-03', 'S011-MED-01']","['S005', 'S011']",6,48.0,0.14100000000000001,4.04972381546759,2173.166966229588,480.0,8931.17570776252,0.4937845230665513,1930.1335333558054,K08192708f6842593,K01496
C,"['S005-FOD-01', 'S005-HYG-01', 'S005-MED-01', 'S005-WAT-01', 'S005-WAT-03', 'S011-MED-01']","['S005', 'S011']",6,48.0,0.14100000000000001,4.04972381546759,2173.166966229588,480.0,8931.17570776252,0.4937845230665513,1930.1335333558054,K98a0cf262f50d3ca,K01498
C,"['S005-FOD-01', 'S005-HYG-01', 'S005-MED-01', 'S005-WAT-01', 'S005-WAT-02', 'S011-MED-01']","['S011', 'S005']",6,48.0,0.14100000000000001,4.0615879402458335,2173.166966229588,480.0,9130.792391516148,0.4923015074692708,1933.34673381658,K62e62b5e5025e3e3,K01499
B,"['S005-HYG-01', 'S005-MED-01', 'S012-MED-01']","['S005', 'S012']",3,12.0,0.059000000000000004,2.850662840324045,2366.9874627208474,390.0,1884.4959443537462,0.2873342899189888,1901.9538974737527,K1bc35d212038a977,K01308
B,"['S005-FOD-01', 'S005-MED-01', 'S012-MED-01']","['S005', 'S012']",3,14.0,0.052000000000000005,2.879807918848434,2366.9874627208474,390.0,1884.4959443537462,0.28004802028789155,1914.583431500988,Ke6d1b651ea43a17e,K01320
B,"['S005-HYG-01', 'S005-MED-01', 'S012-MED-01']","['S012', 'S005']",3,12.0,0.059000000000000004,2.9420448204839835,2366.9874627208474,390.0,2388.6565929254066,0.2644887948790041,1941.5527555430594,K773d9de7fe53ec5f,K01346
B,"['S005-MED-01', 'S005-WAT-02', 'S012-MED-01']","['S005', 'S012']",3,20.0,0.051000000000000004,2.9944723884565305,2366.9874627208474,390.0,1884.4959443537462,0.25138190288586737,1964.2713683311633,K7a550d81681eba30,K01375
B,"['S005-FOD-01', 'S005-MED-01', 'S012-MED-01']","['S012', 'S005']",3,14.0,0.052000000000000005,3.007156299196751,2366.9874627208474,390.0,2388.6565929254066,0.24821092520081223,1969.7677296519255,Kf1486807f0690fd1,K01386
B,"['S005-FOD-01', 'S005-MED-01', 'S012-FOD-01']","['S005', 'S012']",3,19.0,0.068,3.01458464625037,2366.9874627208474,390.0,9729.159123699577,0.24635383843740755,1972.986680041827,Kfe09ed742b3ff291,K01390
B,"['S005-FOD-01', 'S005-MED-01', 'S012-FOD-01']","['S012', 'S005']",3,19.0,0.068,3.1363922136006432,2366.9874627208474,390.0,8908.340080246242,0.2159019465998392,2025.7699592269455,K921da6b4556946bc,K01440
B,"['S005-MED-01', 'S005-WAT-02', 'S012-FOD-01']","['S005', 'S012']",3,25.0,0.067,3.176164920657319,2366.9874627208474,390.0,9729.159123699577,0.2059587698356703,2043.0047989515049,K9fbea5d0ee9d0fff,K01460
C,"['S005-FOD-01', 'S005-HYG-01', 'S005-MED-01', 'S005-WAT-01', 'S005-WAT-02', 'S012-MED-01']","['S005', 'S012']",6,48.0,0.14100000000000001,6.3492484613723175,2726.449976962384,480.0,1562.4935959243842,0.20634394232846032,2552.921458288336,Kbbc86d2ac384e501,K01693
C,"['S005-FOD-01', 'S005-HYG-01', 'S005-MED-01', 'S005-WAT-02', 'S005-WAT-03', 'S012-MED-01']","['S005', 'S012']",6,48.0,0.14100000000000001,6.3492484613723175,2726.449976962384,480.0,1562.4935959243842,0.20634394232846032,2552.921458288336,K03e6c9a986290b62,K01691
C,"['S005-FOD-01', 'S005-HYG-01', 'S005-MED-01', 'S005-WAT-01', 'S005-WAT-03', 'S012-MED-01']","['S005', 'S012']",6,48.0,0.14100000000000001,6.3492484613723175,2726.449976962384,480.0,1562.4935959243842,0.20634394232846032,2552.921458288336,K2698c939ee048435,K01692
B,"['S005-HYG-01', 'S005-MED-01', 'S013-MED-01']","['S005', 'S013']",3,12.0,0.059000000000000004,2.4099699955681273,2115.172787809098,390.0,1932.5496732298313,0.3975075011079682,1710.986998079522,Kf95e0757a3497c4e,K01102
B,"['S005-FOD-01', 'S005-MED-01', 'S013-MED-01']","['S005', 'S013']",3,14.0,0.052000000000000005,2.4391150740925163,2115.172787809098,390.0,1932.5496732298313,0.39022123147687093,1723.616532106757,K16fd89fb1031c520,K01108
B,"['S005-HYG-01', 'S005-MED-01', 'S013-MED-01']","['S013', 'S005']",3,12.0,0.059000000000000004,2.4507309617540742,2115.172787809098,390.0,2597.210872294404,0.38731725956148144,1728.6500834267654,K7d3ed459be8ebbcb,K01114
B,"['S005-FOD-01', 'S005-MED-01', 'S013-MED-01']","['S013', 'S005']",3,14.0,0.052000000000000005,2.5002513091435383,2115.172787809098,390.0,2597.210872294404,0.3749371727141154,1750.1089006288669,Kd195d19c6fa28eaa,K01136
B,"['S005-MED-01', 'S005-WAT-02', 'S013-MED-01']","['S005', 'S013']",3,20.0,0.051000000000000004,2.553779543700613,2115.172787809098,390.0,1932.5496732298313,0.36155511407484675,1773.3044689369324,K943c53d79382a760,K01167
B,"['S005-FOD-01', 'S005-MED-01', 'S013-FOD-01']","['S005', 'S013']",3,19.0,0.068,2.571235213141779,2115.172787809098,390.0,9729.159123699577,0.35719119671455524,1780.8685923614375,K9ef1291a4378fe5c,K01177
B,"['S005-FOD-01', 'S005-MED-01', 'S013-FOD-01']","['S013', 'S005']",3,19.0,0.068,2.5866379644544493,2115.172787809098,390.0,9160.154755157992,0.3533405088863877,1787.5431179302614,Ke24a6b4832094cca,K01181
B,"['S005-MED-01', 'S005-WAT-02', 'S013-MED-01']","['S013', 'S005']",3,20.0,0.051000000000000004,2.6964231326549437,2115.172787809098,390.0,2597.210872294404,0.3258942168362641,1835.1166908171422,Kf8ae34a35f310e0f,K01237
B,"['S005-MED-01', 'S005-WAT-02', 'S013-FOD-01']","['S005', 'S013']",3,25.0,0.067,2.732815487548728,2115.172787809098,390.0,9729.159123699577,0.316796128112818,1850.8867112711155,K5f51bbf7cc21c7b2,K01253
B,"['S005-FOD-01', 'S005-MED-01', 'S013-WAT-01']","['S013', 'S005']",3,25.0,0.067,2.7370492444538908,2115.172787809098,390.0,2597.210872294404,0.3157376888865273,1852.7213392633525,K21f1f5307f7ad562,K01256
B,"['S005-FOD-01', 'S005-MED-01', 'S013-WAT-01']","['S005', 'S013']",3,25.0,0.067,2.808065121808141,2115.172787809098,390.0,1932.5496732298313,0.29798371954796476,1883.494886116861,K03c134db6f949106,K01286
B,"['S005-MED-01', 'S005-WAT-02', 'S013-FOD-01']","['S013', 'S005']",3,25.0,0.067,2.8258958407120356,2115.172787809098,390.0,9160.154755157992,0.2935260398219911,1891.2215309752153,Kc7e183f720a785a5,K01297
C,"['S005-FOD-01', 'S005-HYG-01', 'S005-MED-01', 'S005-WAT-01', 'S005-WAT-02', 'S013-MED-01']","['S005', 'S013']",6,48.0,0.14100000000000001,5.421091344895747,2462.1123162107906,480.0,1615.9237821165502,0.3223635818880316,2301.5455725759316,K84caf717eb009f1e,K01599
C,"['S005-FOD-01', 'S005-HYG-01', 'S005-MED-01', 'S005-WAT-02', 'S005-WAT-03', 'S013-MED-01']","['S005', 'S013']",6,48.0,0.14100000000000001,5.421091344895747,2462.1123162107906,480.0,1615.9237821165502,0.3223635818880316,2301.5455725759316,Ka0e00bfecd3dd0ea,K01600
C,"['S005-FOD-01', 'S005-HYG-01', 'S005-MED-01', 'S005-WAT-01', 'S005-WAT-03', 'S013-MED-01']","['S005', 'S013']",6,48.0,0.14100000000000001,5.421091344895747,2462.1123162107906,480.0,1615.9237821165502,0.3223635818880316,2301.5455725759316,Kc995c3e6944a3791,K01601
C,"['S005-FOD-01', 'S005-HYG-01', 'S005-MED-01', 'S005-WAT-01', 'S005-WAT-02', 'S013-FOD-01']","['S005', 'S013']",6,53.0,0.157,5.572215955984045,2462.1123162107906,480.0,9462.770642254265,0.3034730055019944,2342.4751547456785,Kdf930fd7110a736e,K01616
B,"['S005-HYG-01', 'S005-MED-01', 'S014-MED-01']","['S005', 'S014']",3,12.0,0.059000000000000004,3.0004930697808163,2647.9560169479737,390.0,1579.3611540247055,0.24987673255479592,1966.8803302383537,Kfde313dd1f1a69e5,K01383
B,"['S005-FOD-01', 'S005-MED-01', 'S014-MED-01']","['S005', 'S014']",3,14.0,0.052000000000000005,3.029638148305205,2647.9560169479737,390.0,1579.3611540247055,0.2425904629236988,1979.5098642655887,Kc22619ba21536255,K01395
B,"['S005-HYG-01', 'S005-MED-01', 'S014-MED-01']","['S014', 'S005']",3,12.0,0.059000000000000004,3.089758866269421,2647.9560169479737,390.0,2417.569495693988,0.22756028343264478,2005.5621753834157,K92c75fe6707862d9,K01419
B,"['S005-MED-01', 'S005-WAT-02', 'S014-MED-01']","['S005', 'S014']",3,20.0,0.051000000000000004,3.1443026179133016,2647.9560169479737,390.0,1579.3611540247055,0.2139243455216746,2029.1978010957641,K8c38b4e54081096e,K01443
B,"['S005-FOD-01', 'S005-MED-01', 'S014-MED-01']","['S014', 'S005']",3,14.0,0.052000000000000005,3.157137600010156,2647.9560169479737,390.0,2417.569495693988,0.21071559999746103,2034.7596266710675,K558e2be961d688af,K01451
B,"['S005-FOD-01', 'S005-MED-01', 'S014-FOD-01']","['S005', 'S014']",3,19.0,0.068,3.185538396271496,2647.9560169479737,390.0,9729.159123699577,0.20361540093212604,2047.066638384315,Kadb28833ecf42d53,K01466
B,"['S005-HYG-01', 'S005-MED-01', 'S015-MED-01']","['S005', 'S015']",3,12.0,0.059000000000000004,2.4394687593504734,2310.8211559962833,390.0,5499.902624090546,0.39013281016238166,1723.7697957185385,K916f873c497d2052,K01109
B,"['S005-FOD-01', 'S005-MED-01', 'S015-MED-01']","['S005', 'S015']",3,14.0,0.052000000000000005,2.4686138378748623,2310.8211559962833,390.0,5499.902624090546,0.3828465405312844,1736.3993297457735,K4066ca13664cb733,K01124
B,"['S005-HYG-01', 'S005-MED-01', 'S015-MED-01']","['S015', 'S005']",3,12.0,0.059000000000000004,2.4966576197535892,2310.8211559962833,390.0,6042.39621991317,0.3758355950616027,1748.5516352265552,K45e4a47988d03ef8,K01135
B,"['S005-FOD-01', 'S005-MED-01', 'S015-MED-01']","['S015', 'S005']",3,14.0,0.052000000000000005,2.54834610792129,2310.8211559962833,390.0,6042.39621991317,0.36291347301967747,1770.9499800992257,K99546b0985a13046,K01162
B,"['S005-MED-01', 'S005-WAT-02', 'S015-MED-01']","['S005', 'S015']",3,20.0,0.051000000000000004,2.583278307482959,2310.8211559962833,390.0,5499.902624090546,0.35418042312926024,1786.087266575949,K886408c3a476c1b7,K01180
B,"['S005-FOD-01', 'S005-MED-01', 'S015-FOD-01']","['S005', 'S015']",3,19.0,0.068,2.5951433408350355,2310.8211559962833,390.0,9729.159123699577,0.3512141647912411,1791.2287810285156,K2f7fdc8de32b6227,K01189
B,"['S005-FOD-01', 'S005-MED-01', 'S015-FOD-01']","['S015', 'S005']",3,19.0,0.068,2.657437792462952,2310.8211559962833,390.0,8964.506386970806,0.335640551884262,1818.2230434006126,K25dce1a62616c46a,K01221
B,"['S005-MED-01', 'S005-WAT-02', 'S015-MED-01']","['S015', 'S005']",3,20.0,0.051000000000000004,2.7506800644571507,2310.8211559962833,390.0,6042.39621991317,0.3123299838857123,1858.628027931432,K328891e4ec7e3fe2,K01259
B,"['S005-MED-01', 'S005-WAT-02', 'S015-FOD-01']","['S005', 'S015']",3,25.0,0.067,2.7567236152419845,2310.8211559962833,390.0,9729.159123699577,0.3108190961895039,1861.2468999381933,K0a5c0c06a24998ab,K01262
B,"['S005-FOD-01', 'S005-MED-01', 'S015-WAT-01']","['S005', 'S015']",3,25.0,0.067,2.817602290606247,2310.8211559962833,390.0,9099.902624090546,0.29559942734843825,1887.627659262707,K34554c8783746326,K01292
B,"['S005-FOD-01', 'S005-MED-01', 'S015-WAT-01']","['S015', 'S005']",3,25.0,0.067,2.846279169518261,2310.8211559962833,390.0,8964.506386970806,0.2884302076204347,1900.0543067912465,K511c248a111f02e0,K01307
B,"['S005-MED-01', 'S005-WAT-02', 'S015-FOD-01']","['S015', 'S005']",3,25.0,0.067,2.9131659297019605,2310.8211559962833,390.0,8964.506386970806,0.27170851757450987,1929.0385695375162,K102da6a0e916d87d,K01331
C,"['S005-FOD-01', 'S005-HYG-01', 'S005-MED-01', 'S005-WAT-01', 'S005-WAT-02', 'S015-MED-01']","['S005', 'S015']",6,48.0,0.14100000000000001,5.407837526618856,2706.7584037176375,480.0,5154.861918931041,0.324020309172643,2297.955996792607,Kc35c1d5f064003e2,K01597
C,"['S005-FOD-01', 'S005-HYG-01', 'S005-MED-01', 'S005-WAT-02', 'S005-WAT-03', 'S015-MED-01']","['S005', 'S015']",6,48.0,0.14100000000000001,5.407837526618856,2706.7584037176375,480.0,5154.861918931041,0.324020309172643,2297.955996792607,Ke9610d9712b5b623,K01598
C,"['S005-FOD-01', 'S005-HYG-01', 'S005-MED-01', 'S005-WAT-01', 'S005-WAT-03', 'S015-MED-01']","['S005', 'S015']",6,48.0,0.14100000000000001,5.407837526618856,2706.7584037176375,480.0,5154.861918931041,0.324020309172643,2297.955996792607,K03a5e93af7e26a0d,K01596
C,"['S005-FOD-01', 'S005-HYG-01', 'S005-MED-01', 'S005-WAT-01', 'S005-WAT-02', 'S015-FOD-01']","['S005', 'S015']",6,53.0,0.157,5.557567003851049,2706.7584037176375,480.0,9462.770642254265,0.3053041245186189,2338.5077302096593,Kcee11b32e28446ab,K01615
C,"['S006-FOD-01', 'S006-HYG-01', 'S006-MED-01', 'S006-WAT-01', 'S006-WAT-02', 'S007-FOD-01', 'S007-HYG-01', 'S007-MED-01', 'S007-WAT-02']","['S006', 'S007']",9,76.0,0.231,4.517318690420991,2545.580449852823,570.0,1614.2598993525223,0.4353351636973761,2056.773811989018,K09cb24ed928a11c3,K01540
C,"['S006-FOD-01', 'S006-HYG-01', 'S006-MED-01', 'S006-WAT-02', 'S006-WAT-03', 'S007-FOD-01', 'S007-HYG-01', 'S007-MED-01', 'S007-WAT-02']","['S006', 'S007']",9,76.0,0.231,4.517318690420991,2545.580449852823,570.0,1614.2598993525223,0.4353351636973761,2056.773811989018,K916f613364e58653,K01541
C,"['S006-FOD-01', 'S006-HYG-01', 'S006-MED-01', 'S006-WAT-01', 'S006-WAT-03', 'S007-FOD-01', 'S007-HYG-01', 'S007-MED-01', 'S007-WAT-02']","['S006', 'S007']",9,76.0,0.231,4.517318690420991,2545.580449852823,570.0,1614.2598993525223,0.4353351636973761,2056.773811989018,Ke6dbc4d0230002e0,K01542
C,"['S006-FOD-01', 'S006-HYG-01', 'S006-MED-01', 'S006-WAT-01', 'S006-WAT-02', 'S007-FOD-01', 'S007-HYG-01', 'S007-MED-01', 'S007-WAT-02']","['S007', 'S006']",9,76.0,0.231,5.092336810922461,2545.580449852823,570.0,1406.550862390488,0.36345789863469236,2212.5078862914997,K378311807b553a9c,K01567
C,"['S006-FOD-01', 'S006-HYG-01', 'S006-MED-01', 'S006-WAT-02', 'S006-WAT-03', 'S007-FOD-01', 'S007-HYG-01', 'S007-MED-01', 'S007-WAT-02']","['S007', 'S006']",9,76.0,0.231,5.092336810922461,2545.580449852823,570.0,1406.550862390488,0.36345789863469236,2212.5078862914997,K81f40d7f3ec265be,K01568
C,"['S006-FOD-01', 'S006-HYG-01', 'S006-MED-01', 'S006-WAT-01', 'S006-WAT-03', 'S007-FOD-01', 'S007-HYG-01', 'S007-MED-01', 'S007-WAT-02']","['S007', 'S006']",9,76.0,0.231,5.092336810922461,2545.580449852823,570.0,1406.550862390488,0.36345789863469236,2212.5078862914997,K35e5dfc8668bdb2b,K01566
B,"['S006-HYG-01', 'S006-MED-01', 'S009-MED-01']","['S006', 'S009']",3,12.0,0.059000000000000004,2.5409532215019883,2161.2071468350327,390.0,2687.6016609826,0.3647616946245029,1767.7463959841948,K727c008521b4addd,K01159
B,"['S006-FOD-01', 'S006-MED-01', 'S009-MED-01']","['S006', 'S009']",3,14.0,0.052000000000000005,2.5594357264199736,2161.2071468350327,390.0,2687.6016609826,0.3601410683950066,1775.7554814486552,K6023298467df32c8,K01171
B,"['S006-MED-01', 'S006-WAT-02', 'S009-MED-01']","['S006', 'S009']",3,20.0,0.051000000000000004,2.6313127876601063,2161.2071468350327,390.0,2687.6016609826,0.3421718030849734,1806.9022079860463,K7c5fb15f93eb3294,K01207
B,"['S006-HYG-01', 'S006-MED-01', 'S009-MED-01']","['S009', 'S006']",3,12.0,0.059000000000000004,2.653977758859582,2161.2071468350327,390.0,1763.6645255157002,0.3365055602851045,1816.723695505819,Kd123efa4cf1dc397,K01219
B,"['S006-FOD-01', 'S006-MED-01', 'S009-FOD-01']","['S006', 'S009']",3,19.0,0.068,2.6724376823971223,2161.2071468350327,390.0,2687.6016609826,0.3318905794007194,1824.7229957054196,Kaca942bf12381fec,K01227
B,"['S006-FOD-01', 'S006-MED-01', 'S009-MED-01']","['S009', 'S006']",3,14.0,0.052000000000000005,2.7185323121846046,2161.2071468350327,390.0,1763.6645255157002,0.32036692195384886,1844.697335279995,K73e13424cd55baa7,K01245
B,"['S006-MED-01', 'S006-WAT-02', 'S009-FOD-01']","['S006', 'S009']",3,25.0,0.067,2.7726227524079157,2161.2071468350327,390.0,2687.6016609826,0.3068443118980211,1868.1365260434302,K2ce5293bb9471b19,K01272
B,"['S006-FOD-01', 'S006-MED-01', 'S009-FOD-01']","['S009', 'S006']",3,19.0,0.068,2.817251486650992,2161.2071468350327,390.0,1763.6645255157002,0.29568712833725197,1887.4756442154298,K091461018bdf36e0,K01291
B,"['S006-FOD-01', 'S006-MED-01', 'S009-WAT-01']","['S006', 'S009']",3,25.0,0.067,2.879022718549664,2161.2071468350327,390.0,2687.6016609826,0.28024432036258395,1914.243178038188,Kf62ae019e11eeb45,K01319
B,"['S006-MED-01', 'S006-WAT-02', 'S009-MED-01']","['S009', 'S006']",3,20.0,0.051000000000000004,2.9748565509292475,2161.2071468350327,390.0,1763.6645255157002,0.2562858622676881,1955.7711720693405,Kdccf8224965070de,K01365
B,"['S006-FOD-01', 'S006-MED-01', 'S009-WAT-01']","['S009', 'S006']",3,25.0,0.067,2.9907109840147323,2161.2071468350327,390.0,1763.6645255157002,0.2523222539963169,1962.6414264063842,K993e12d28b31f5fb,K01371
B,"['S006-MED-01', 'S006-WAT-02', 'S009-FOD-01']","['S009', 'S006']",3,25.0,0.067,3.1242648968787674,2161.2071468350327,390.0,1763.6645255157002,0.21893377578030815,2020.5147886474658,K25cdf23487017ed7,K01431
C,"['S006-FOD-01', 'S006-HYG-01', 'S006-MED-01', 'S006-WAT-01', 'S006-WAT-02', 'S009-MED-01']","['S006', 'S009']",6,48.0,0.14100000000000001,5.576408373136935,2500.1901536302803,480.0,2426.578687756689,0.3029489533578831,2343.6106010579197,K0d5ae46c61a7d5dd,K01617
C,"['S006-FOD-01', 'S006-HYG-01', 'S006-MED-01', 'S006-WAT-02', 'S006-WAT-03', 'S009-MED-01']","['S006', 'S009']",6,48.0,0.14100000000000001,5.576408373136935,2500.1901536302803,480.0,2426.578687756689,0.3029489533578831,2343.6106010579197,K36bd57e5dc1f323f,K01618
C,"['S006-FOD-01', 'S006-HYG-01', 'S006-MED-01', 'S006-WAT-01', 'S006-WAT-03', 'S009-MED-01']","['S006', 'S009']",6,48.0,0.14100000000000001,5.576408373136935,2500.1901536302803,480.0,2426.578687756689,0.3029489533578831,2343.6106010579197,K4a640db0330cd565,K01619
C,"['S006-HYG-01', 'S006-MED-01', 'S006-WAT-01', 'S006-WAT-02', 'S006-WAT-03', 'S009-MED-01']","['S006', 'S009']",6,54.0,0.14,5.671979761891357,2500.1901536302803,480.0,2426.578687756689,0.2910025297635803,2369.494518845576,K1fefbc466fa8032b,K01625
B,"['S006-HYG-01', 'S006-MED-01', 'S010-MED-01']","['S006', 'S010']",3,12.0,0.059000000000000004,2.4618746135935545,2162.7918833598874,390.0,1907.3732098635546,0.38453134660161137,1733.4789992238736,K93948e3b2fbc7ff0,K01120
B,"['S006-FOD-01', 'S006-MED-01', 'S010-MED-01']","['S006', 'S010']",3,14.0,0.052000000000000005,2.48035711851154,2162.7918833598874,390.0,1907.3732098635546,0.37991072037211504,1741.488084688334,K0e806d068d2b4ba5,K01129
B,"['S006-MED-01', 'S006-WAT-02', 'S010-MED-01']","['S006', 'S010']",3,20.0,0.051000000000000004,2.552234179751673,2162.7918833598874,390.0,1907.3732098635546,0.36194145506208175,1772.6348112257251,Ke205fc01d498039a,K01163
B,"['S006-HYG-01', 'S006-MED-01', 'S010-MED-01']","['S010', 'S006']",3,12.0,0.059000000000000004,2.564419952532326,2162.7918833598874,390.0,1762.0797889908456,0.3588950118669185,1777.915312764008,K4ab6b11b49d564f3,K01174
B,"['S006-FOD-01', 'S006-MED-01', 'S010-FOD-01']","['S006', 'S010']",3,19.0,0.068,2.59591894408608,2162.7918833598874,390.0,2687.6016609826,0.35102026397847996,1791.564875770635,K65ad36bbff9cf47d,K01192
B,"['S006-FOD-01', 'S006-MED-01', 'S010-MED-01']","['S010', 'S006']",3,14.0,0.052000000000000005,2.625690042723364,2162.7918833598874,390.0,1762.0797889908456,0.343577489319159,1804.4656851801244,Kfab9202fe679732e,K01204
B,"['S006-MED-01', 'S006-WAT-02', 'S010-FOD-01']","['S006', 'S010']",3,25.0,0.067,2.6961040140968735,2162.7918833598874,390.0,2687.6016609826,0.3259739964757816,1834.978406108645,K7c558074eb398f62,K01236
B,"['S006-FOD-01', 'S006-MED-01', 'S010-FOD-01']","['S010', 'S006']",3,19.0,0.068,2.7116798477264914,2162.7918833598874,390.0,1762.0797889908456,0.32208003806837715,1841.7279340148132,Kc4d6d11293d68159,K01243
B,"['S006-FOD-01', 'S006-MED-01', 'S010-WAT-01']","['S006', 'S010']",3,25.0,0.067,2.8068981380827425,2162.7918833598874,390.0,1907.3732098635546,0.2982754654793144,1882.9891931691884,K7183dc7640e78212,K01285
B,"['S006-FOD-01', 'S006-MED-01', 'S010-WAT-01']","['S010', 'S006']",3,25.0,0.067,2.860989664301098,2162.7918833598874,390.0,1762.0797889908456,0.28475258392472547,1906.428854530476,Kd24fa7493f807dff,K01311
B,"['S006-MED-01', 'S006-WAT-02', 'S010-MED-01']","['S010', 'S006']",3,20.0,0.051000000000000004,2.8685052355957263,2162.7918833598874,390.0,1762.0797889908456,0.2828736911010684,1909.6856020914815,Ke3515017d9583916,K01317
B,"['S006-MED-01', 'S006-WAT-02', 'S010-FOD-01']","['S010', 'S006']",3,25.0,0.067,2.997004819229927,2162.7918833598874,390.0,1762.0797889908456,0.25074879519251825,1965.368754999635,K01b173200630958b,K01380
C,"['S006-FOD-01', 'S006-HYG-01', 'S006-MED-01', 'S006-WAT-01', 'S006-WAT-02', 'S010-MED-01']","['S006', 'S010']",6,48.0,0.14100000000000001,5.38806892164577,2512.2680755799397,480.0,1594.2931069175909,0.32649138479427875,2292.6019996123964,K4dd2792e4bfe2a27,K01593
C,"['S006-FOD-01', 'S006-HYG-01', 'S006-MED-01', 'S006-WAT-02', 'S006-WAT-03', 'S010-MED-01']","['S006', 'S010']",6,48.0,0.14100000000000001,5.38806892164577,2512.2680755799397,480.0,1594.2931069175909,0.32649138479427875,2292.6019996123964,Kbb255f3763554e05,K01595
C,"['S006-FOD-01', 'S006-HYG-01', 'S006-MED-01', 'S006-WAT-01', 'S006-WAT-03', 'S010-MED-01']","['S006', 'S010']",6,48.0,0.14100000000000001,5.38806892164577,2512.2680755799397,480.0,1594.2931069175909,0.32649138479427875,2292.6019996123964,K96b0127eff576a57,K01594
C,"['S006-HYG-01', 'S006-MED-01', 'S006-WAT-01', 'S006-WAT-02', 'S006-WAT-03', 'S010-MED-01']","['S006', 'S010']",6,54.0,0.14,5.483640310400191,2512.2680755799397,480.0,1594.2931069175909,0.3145449611999761,2318.4859174000517,K17c223c56ccea700,K01609
B,"['S006-HYG-01', 'S006-MED-01', 'S011-MED-01']","['S006', 'S011']",3,12.0,0.059000000000000004,1.5174964532982778,1705.648743965466,390.0,2687.6016609826,0.6206258866754306,1324.2484630959202,K7a3c2ab49aba6ed4,K00902
B,"['S006-FOD-01', 'S006-MED-01', 'S011-MED-01']","['S006', 'S011']",3,14.0,0.052000000000000005,1.535978958216263,1705.648743965466,390.0,2687.6016609826,0.6160052604459343,1332.2575485603807,K6a61df8042f9a540,K00903
B,"['S006-HYG-01', 'S006-MED-01', 'S011-MED-01']","['S011', 'S006']",3,12.0,0.059000000000000004,1.5433690008258556,1705.648743965466,390.0,2219.2229283852666,0.6141577497935361,1335.4599003578708,Kb0afd9d4ba3aa48b,K00904
B,"['S006-FOD-01', 'S006-MED-01', 'S011-MED-01']","['S011', 'S006']",3,14.0,0.052000000000000005,1.5750865060995332,1705.648743965466,390.0,2219.2229283852666,0.6062283734751167,1349.204152643131,K382eb849a10f8f54,K00905
B,"['S006-MED-01', 'S006-WAT-02', 'S011-MED-01']","['S006', 'S011']",3,20.0,0.051000000000000004,1.607856019456396,1705.648743965466,390.0,2687.6016609826,0.598035995135901,1363.4042750977717,Ka523f96b938bd8d0,K00906
B,"['S006-FOD-01', 'S006-MED-01', 'S011-FOD-01']","['S006', 'S011']",3,19.0,0.068,1.619351895672759,1705.648743965466,390.0,2687.6016609826,0.5951620260818102,1368.3858214581956,K2d575f6daf1c18e7,K00907
B,"['S006-FOD-01', 'S006-MED-01', 'S011-FOD-01']","['S011', 'S006']",3,19.0,0.068,1.6253063437638213,1705.648743965466,390.0,2219.2229283852666,0.5936734140590447,1370.9660822976557,K390abe1c0aebaed0,K00908
B,"['S006-MED-01', 'S006-WAT-02', 'S011-MED-01']","['S011', 'S006']",3,20.0,0.051000000000000004,1.699497465760468,1705.648743965466,390.0,2219.2229283852666,0.575125633559883,1403.1155684962027,K1fdb51d3e55258e2,K00911
B,"['S006-FOD-01', 'S006-MED-01', 'S011-WAT-01']","['S011', 'S006']",3,25.0,0.067,1.7126389967562048,1705.648743965466,390.0,2219.2229283852666,0.5718402508109488,1408.8102319276888,Kc24b5614fd8fd400,K00912
B,"['S006-MED-01', 'S006-WAT-02', 'S011-FOD-01']","['S006', 'S011']",3,25.0,0.067,1.7195369656835524,1705.648743965466,390.0,2687.6016609826,0.5701157585791119,1411.799351796206,Ka06ec298dfc41763,K00914
B,"['S006-FOD-01', 'S006-MED-01', 'S011-WAT-01']","['S006', 'S011']",3,25.0,0.067,1.7680158921868954,1705.648743965466,390.0,2687.6016609826,0.5579960269532762,1432.8068866143215,K2102b165865292f1,K00920
B,"['S006-MED-01', 'S006-WAT-02', 'S011-FOD-01']","['S011', 'S006']",3,25.0,0.067,1.7746661232047019,1705.648743965466,390.0,2219.2229283852666,0.5563334691988245,1435.688653388704,Kf447be6516ea3b7f,K00922
C,"['S006-FOD-01', 'S006-HYG-01', 'S006-MED-01', 'S006-WAT-01', 'S006-WAT-02', 'S011-MED-01']","['S006', 'S011']",6,48.0,0.14100000000000001,3.3769716236118663,2049.5366081418983,480.0,2426.578687756689,0.5778785470485167,1747.9298147282136,K55458134539758ec,K01479
C,"['S006-FOD-01', 'S006-HYG-01', 'S006-MED-01', 'S006-WAT-02', 'S006-WAT-03', 'S011-MED-01']","['S006', 'S011']",6,48.0,0.14100000000000001,3.3769716236118663,2049.5366081418983,480.0,2426.578687756689,0.5778785470485167,1747.9298147282136,Kfe009899ba718634,K01480
C,"['S006-FOD-01', 'S006-HYG-01', 'S006-MED-01', 'S006-WAT-01', 'S006-WAT-03', 'S011-MED-01']","['S006', 'S011']",6,48.0,0.14100000000000001,3.3769716236118663,2049.5366081418983,480.0,2426.578687756689,0.5778785470485167,1747.9298147282136,K22c8691744ebd9e0,K01478
C,"['S006-FOD-01', 'S006-HYG-01', 'S006-MED-01', 'S006-WAT-01', 'S006-WAT-02', 'S011-FOD-01']","['S006', 'S011']",6,53.0,0.157,3.4710555526726603,2049.5366081418983,480.0,2426.578687756689,0.5661180559159175,1773.4108788488456,Kfd09813055c2ac48,K01481
B,"['S006-HYG-01', 'S006-MED-01', 'S012-MED-01']","['S006', 'S012']",3,12.0,0.059000000000000004,3.1466370521137303,2512.3513950051956,390.0,1739.1320120693981,0.2133407369715674,2030.209389249283,K655540aba3b72493,K01444
B,"['S006-FOD-01', 'S006-MED-01', 'S012-MED-01']","['S006', 'S012']",3,14.0,0.052000000000000005,3.1651195570317157,2512.3513950051956,390.0,1739.1320120693981,0.20872011074207109,2038.2184747137435,Kb9c8eeeafbf3a435,K01454
B,"['S006-HYG-01', 'S006-MED-01', 'S013-MED-01']","['S006', 'S013']",3,12.0,0.059000000000000004,2.4320645970355517,2102.4492288623824,390.0,1945.2732321765466,0.3919838507411121,1720.5613253820723,K3a7c9e516b3df213,K01106
B,"['S006-FOD-01', 'S006-MED-01', 'S013-MED-01']","['S006', 'S013']",3,14.0,0.052000000000000005,2.450547101953537,2102.4492288623824,390.0,1945.2732321765466,0.38736322451161576,1728.5704108465325,Kf5505d091f3e3684,K01113
B,"['S006-MED-01', 'S006-WAT-02', 'S013-MED-01']","['S006', 'S013']",3,20.0,0.051000000000000004,2.52242416319367,2102.4492288623824,390.0,1945.2732321765466,0.36939395920158247,1759.7171373839237,K7d72c51471c16601,K01152
B,"['S006-HYG-01', 'S006-MED-01', 'S013-MED-01']","['S013', 'S006']",3,12.0,0.059000000000000004,2.5319653238522233,2102.4492288623824,390.0,1822.4224434883506,0.3670086690369442,1763.8516403359633,Kd52f989491073531,K01156
B,"['S006-FOD-01', 'S006-MED-01', 'S013-FOD-01']","['S006', 'S013']",3,19.0,0.068,2.5644020204018685,2102.4492288623824,390.0,2687.6016609826,0.3588994948995329,1777.907542174143,Ke009a1e3557ef262,K01173
B,"['S006-FOD-01', 'S006-MED-01', 'S013-MED-01']","['S013', 'S006']",3,14.0,0.052000000000000005,2.5924215481070187,2102.4492288623824,390.0,1822.4224434883506,0.3518946129732453,1790.0493375130416,K54be0ca91d1d5777,K01186
B,"['S006-MED-01', 'S006-WAT-02', 'S013-FOD-01']","['S006', 'S013']",3,25.0,0.067,2.6645870904126623,2102.4492288623824,390.0,2687.6016609826,0.33385322739683443,1821.3210725121537,Kbf448a990baa2fa8,K01224
B,"['S006-FOD-01', 'S006-MED-01', 'S013-FOD-01']","['S013', 'S006']",3,19.0,0.068,2.6788082034179297,2102.4492288623824,390.0,1822.4224434883506,0.3302979491455176,1827.4835548144363,Ka5dfcee2790f4c4f,K01228
B,"['S006-FOD-01', 'S006-MED-01', 'S013-WAT-01']","['S006', 'S013']",3,25.0,0.067,2.772606636741202,2102.4492288623824,390.0,1945.2732321765466,0.30684834081469947,1868.1295425878543,Kdad3eebc2704c9ee,K01271
B,"['S006-FOD-01', 'S006-MED-01', 'S013-WAT-01']","['S013', 'S006']",3,25.0,0.067,2.8292194834173707,2102.4492288623824,390.0,1822.4224434883506,0.2926951291456573,1892.6617761475272,Kb50c3b435cdd99b4,K01298
B,"['S006-MED-01', 'S006-WAT-02', 'S013-MED-01']","['S013', 'S006']",3,20.0,0.051000000000000004,2.832530068469017,2102.4492288623824,390.0,1822.4224434883506,0.2918674828827458,1894.0963630032406,K5c46a947a9fc80ef,K01301
B,"['S006-MED-01', 'S006-WAT-02', 'S013-FOD-01']","['S013', 'S006']",3,25.0,0.067,2.9620027765261083,2102.4492288623824,390.0,1822.4224434883506,0.2594993058684729,1950.2012031613137,K49fd70cf9293c7b7,K01362
C,"['S006-FOD-01', 'S006-HYG-01', 'S006-MED-01', 'S006-WAT-01', 'S006-WAT-02', 'S013-MED-01']","['S006', 'S013']",6,48.0,0.14100000000000001,5.344851133929585,2439.324327535885,480.0,1638.7117707914556,0.3318936082588019,2280.897182105929,Kd640b5a1abed7fb9,K01590
C,"['S006-FOD-01', 'S006-HYG-01', 'S006-MED-01', 'S006-WAT-02', 'S006-WAT-03', 'S013-MED-01']","['S006', 'S013']",6,48.0,0.14100000000000001,5.344851133929585,2439.324327535885,480.0,1638.7117707914556,0.3318936082588019,2280.897182105929,Kacc9143ed1c7d3bc,K01589
C,"['S006-FOD-01', 'S006-HYG-01', 'S006-MED-01', 'S006-WAT-01', 'S006-WAT-03', 'S013-MED-01']","['S006', 'S013']",6,48.0,0.14100000000000001,5.344851133929585,2439.324327535885,480.0,1638.7117707914556,0.3318936082588019,2280.897182105929,K30e8030281230510,K01588
C,"['S006-HYG-01', 'S006-MED-01', 'S006-WAT-01', 'S006-WAT-02', 'S006-WAT-03', 'S013-MED-01']","['S006', 'S013']",6,54.0,0.14,5.440422522684007,2439.324327535885,480.0,1638.7117707914556,0.3199471846644991,2306.781099893585,Ke6465674a1edff3c,K01602
B,"['S006-HYG-01', 'S006-MED-01', 'S014-MED-01']","['S006', 'S014']",3,12.0,0.059000000000000004,2.733571984872305,2492.3782107541037,390.0,1734.9389602185752,0.31660700378192375,1851.2145267779988,Ka87cc151e1f0d5a6,K01254
B,"['S006-FOD-01', 'S006-MED-01', 'S014-MED-01']","['S006', 'S014']",3,14.0,0.052000000000000005,2.7520544897902903,2492.3782107541037,390.0,1734.9389602185752,0.3119863775524274,1859.223612242459,Kc89f83516847a397,K01260
B,"['S006-MED-01', 'S006-WAT-02', 'S014-MED-01']","['S006', 'S014']",3,20.0,0.051000000000000004,2.823931551030424,2492.3782107541037,390.0,1734.9389602185752,0.294017112242394,1890.3703387798503,K928dfd900fafe17e,K01294
B,"['S006-HYG-01', 'S006-MED-01', 'S014-MED-01']","['S014', 'S006']",3,12.0,0.059000000000000004,2.8641853360118734,2492.378210754104,390.0,1432.493461596629,0.28395366599703165,1907.8136456051452,K2618827d29653dc5,K01315
B,"['S006-FOD-01', 'S006-MED-01', 'S014-FOD-01']","['S006', 'S014']",3,19.0,0.068,2.875622005897302,2492.3782107541037,390.0,2687.6016609826,0.2810944985256745,1912.769535888831,K5c47e9a0754b2084,K01318
B,"['S006-FOD-01', 'S006-MED-01', 'S014-MED-01']","['S014', 'S006']",3,14.0,0.052000000000000005,2.9341149599600804,2492.378210754104,390.0,1432.493461596629,0.2664712600099799,1938.1164826493682,K5c92d11bd6753120,K01340
B,"['S006-MED-01', 'S006-WAT-02', 'S014-FOD-01']","['S006', 'S014']",3,25.0,0.067,2.9758070759080955,2492.3782107541037,390.0,2687.6016609826,0.25604823102297614,1956.1830662268414,Kdf29ae40e9dac055,K01367
B,"['S006-FOD-01', 'S006-MED-01', 'S014-FOD-01']","['S014', 'S006']",3,19.0,0.068,3.033699218112089,2492.378210754104,390.0,1432.493461596629,0.2415751954719777,1981.2696611819053,K31118d751299b048,K01396
B,"['S006-FOD-01', 'S006-MED-01', 'S014-WAT-01']","['S006', 'S014']",3,25.0,0.067,3.099752480786571,2492.3782107541037,390.0,1734.9389602185752,0.22506187980335723,2009.8927416741808,Kb5429d85c8d1bbba,K01423
C,"['S006-FOD-01', 'S006-HYG-01', 'S006-MED-01', 'S006-WAT-01', 'S006-WAT-02', 'S014-MED-01']","['S006', 'S014']",6,48.0,0.14100000000000001,5.881307772103061,2896.912766825067,480.0,1392.8923020968305,0.26483652848711736,2426.1875216112458,Kc61ed89f974b0261,K01641
C,"['S006-FOD-01', 'S006-HYG-01', 'S006-MED-01', 'S006-WAT-02', 'S006-WAT-03', 'S014-MED-01']","['S006', 'S014']",6,48.0,0.14100000000000001,5.881307772103061,2896.912766825067,480.0,1392.8923020968305,0.26483652848711736,2426.1875216112458,K763151bd68c9e558,K01640
C,"['S006-FOD-01', 'S006-HYG-01', 'S006-MED-01', 'S006-WAT-01', 'S006-WAT-03', 'S014-MED-01']","['S006', 'S014']",6,48.0,0.14100000000000001,5.881307772103061,2896.912766825067,480.0,1392.8923020968305,0.26483652848711736,2426.1875216112458,Kf875b398b8a164de,K01642
C,"['S006-HYG-01', 'S006-MED-01', 'S006-WAT-01', 'S006-WAT-02', 'S006-WAT-03', 'S014-MED-01']","['S006', 'S014']",6,54.0,0.14,5.976879160857483,2896.912766825067,480.0,1392.8923020968305,0.2528901048928146,2452.0714393989015,K18f5657861c81250,K01650
C,"['S006-FOD-01', 'S006-HYG-01', 'S006-MED-01', 'S006-WAT-01', 'S006-WAT-02', 'S014-FOD-01']","['S006', 'S014']",6,53.0,0.157,6.000674621159356,2896.912766825067,480.0,2426.578687756689,0.2499156723550805,2458.516043230659,K5a28dfd91c7505fa,K01654
C,"['S006-FOD-01', 'S006-HYG-01', 'S006-MED-01', 'S006-WAT-02', 'S006-WAT-03', 'S014-FOD-01']","['S006', 'S014']",6,53.0,0.157,6.000674621159356,2896.912766825067,480.0,2426.578687756689,0.2499156723550805,2458.516043230659,Kb0275abd6c4a1b98,K01655
C,"['S006-FOD-01', 'S006-HYG-01', 'S006-MED-01', 'S006-WAT-01', 'S006-WAT-03', 'S014-FOD-01']","['S006', 'S014']",6,53.0,0.157,6.000674621159356,2896.912766825067,480.0,2426.578687756689,0.2499156723550805,2458.516043230659,K2e0f424854bfc762,K01653
B,"['S006-HYG-01', 'S006-MED-01', 'S015-MED-01']","['S006', 'S015']",3,12.0,0.059000000000000004,2.2274670464139357,2198.277381869522,390.0,2687.6016609826,0.4431332383965161,1631.902386779372,K7d4fbfe909378281,K01057
B,"['S006-FOD-01', 'S006-MED-01', 'S015-MED-01']","['S006', 'S015']",3,14.0,0.052000000000000005,2.245949551331921,2198.277381869522,390.0,2687.6016609826,0.43851261216701976,1639.9114722438323,K40704cd8f5447191,K01063
B,"['S006-MED-01', 'S006-WAT-02', 'S015-MED-01']","['S006', 'S015']",3,20.0,0.051000000000000004,2.317826612572054,2198.277381869522,390.0,2687.6016609826,0.42054334685698647,1671.0581987812236,K0c2820c0057c6379,K01080
B,"['S006-HYG-01', 'S006-MED-01', 'S015-MED-01']","['S015', 'S006']",3,12.0,0.059000000000000004,2.329564324098354,2198.277381869522,390.0,1726.5942904812111,0.4176089189754115,1676.14454044262,K40a5a1d82fcf2661,K01085
B,"['S006-FOD-01', 'S006-MED-01', 'S015-FOD-01']","['S006', 'S015']",3,19.0,0.068,2.342987143471734,2198.277381869522,390.0,2687.6016609826,0.4142532141320665,1681.9610955044182,Kba5bc152175583dd,K01088
B,"['S006-FOD-01', 'S006-MED-01', 'S015-MED-01']","['S015', 'S006']",3,14.0,0.052000000000000005,2.3853997308182016,2198.277381869522,390.0,1726.5942904812111,0.4036500672954496,1700.339883354554,Ka761fed614237210,K01094
B,"['S006-MED-01', 'S006-WAT-02', 'S015-FOD-01']","['S006', 'S015']",3,25.0,0.067,2.4431722134825278,2198.277381869522,390.0,2687.6016609826,0.38920694662936806,1725.3746258424285,K565a0e6d877e47b6,K01110
B,"['S006-FOD-01', 'S006-MED-01', 'S015-FOD-01']","['S015', 'S006']",3,19.0,0.068,2.4944914153598634,2198.277381869522,390.0,1726.5942904812111,0.37637714616003415,1747.6129466559407,Kfe7dbee0a4df0486,K01133
B,"['S006-FOD-01', 'S006-MED-01', 'S015-WAT-01']","['S006', 'S015']",3,25.0,0.067,2.514741110921789,2198.277381869522,390.0,2687.6016609826,0.37131472226955275,1756.3878147327753,Kb5862f14e2453fd7,K01145
B,"['S006-MED-01', 'S006-WAT-02', 'S015-MED-01']","['S015', 'S006']",3,20.0,0.051000000000000004,2.6041980746723437,2198.277381869522,390.0,1726.5942904812111,0.3489504813319141,1795.1524990246821,K749b0f7c68883519,K01196
B,"['S006-FOD-01', 'S006-MED-01', 'S015-WAT-01']","['S015', 'S006']",3,25.0,0.067,2.683332792415172,2198.277381869522,390.0,1726.5942904812111,0.32916680189620695,1829.4442100465749,K515583d7f474330f,K01230
B,"['S006-MED-01', 'S006-WAT-02', 'S015-FOD-01']","['S015', 'S006']",3,25.0,0.067,2.7666839399171534,2198.277381869522,390.0,1726.5942904812111,0.30832901502071164,1865.5630406307664,K8a907193aff8a067,K01268
C,"['S006-FOD-01', 'S006-HYG-01', 'S006-MED-01', 'S006-WAT-01', 'S006-WAT-02', 'S015-MED-01']","['S006', 'S015']",6,48.0,0.14100000000000001,4.828742905422023,2586.3035862966053,480.0,2426.578687756689,0.39640713682224715,2141.1178702184643,Kc5d45fffcef88432,K01550
C,"['S006-FOD-01', 'S006-HYG-01', 'S006-MED-01', 'S006-WAT-02', 'S006-WAT-03', 'S015-MED-01']","['S006', 'S015']",6,48.0,0.14100000000000001,4.828742905422023,2586.3035862966053,480.0,2426.578687756689,0.39640713682224715,2141.1178702184643,K32127043fcd1d64d,K01549
C,"['S006-FOD-01', 'S006-HYG-01', 'S006-MED-01', 'S006-WAT-01', 'S006-WAT-03', 'S015-MED-01']","['S006', 'S015']",6,48.0,0.14100000000000001,4.828742905422023,2586.3035862966053,480.0,2426.578687756689,0.39640713682224715,2141.1178702184643,K29f4dc617fd4a185,K01548
C,"['S006-HYG-01', 'S006-MED-01', 'S006-WAT-01', 'S006-WAT-02', 'S006-WAT-03', 'S015-MED-01']","['S006', 'S015']",6,54.0,0.14,4.924314294176445,2586.3035862966053,480.0,2426.578687756689,0.3844607132279444,2167.0017880061205,K4d23de21ba31fdb4,K01555
B,"['S007-HYG-01', 'S007-MED-01', 'S009-MED-01']","['S007', 'S009']",3,12.0,0.059000000000000004,2.7006090968442678,2339.3505184681885,390.0,2504.205179969459,0.32484772578893306,1836.930608632516,K9fb47e96db87f5c5,K01238
B,"['S007-FOD-01', 'S007-MED-01', 'S009-MED-01']","['S007', 'S009']",3,14.0,0.052000000000000005,2.7272545358822082,2339.3505184681885,390.0,2504.205179969459,0.31818636602944794,1848.476965548957,K4dd52aaa9fe4546f,K01249
B,"['S007-HYG-01', 'S007-MED-01', 'S009-MED-01']","['S009', 'S007']",3,12.0,0.059000000000000004,2.7789811099636688,2339.3505184681885,390.0,1771.1643015623522,0.3052547225090828,1870.8918143175897,Kf777ca8be57c6b7c,K01273
B,"['S007-MED-01', 'S007-WAT-02', 'S009-MED-01']","['S007', 'S009']",3,20.0,0.051000000000000004,2.830573998042978,2339.3505184681885,390.0,2504.205179969459,0.29235650048925554,1893.2487324852902,K6bbb5c4c38911829,K01300
B,"['S007-FOD-01', 'S007-MED-01', 'S009-MED-01']","['S009', 'S007']",3,14.0,0.052000000000000005,2.8409257528099876,2339.3505184681885,390.0,1771.1643015623522,0.2897685617975031,1897.7344928843281,K6698d2d3a58d5908,K01305
B,"['S007-FOD-01', 'S007-MED-01', 'S009-FOD-01']","['S007', 'S009']",3,19.0,0.068,2.8611132328135933,2339.3505184681885,390.0,2504.205179969459,0.2847216917966017,1906.4824008858907,K928f82879a2a87eb,K01312
B,"['S007-FOD-01', 'S007-MED-01', 'S009-FOD-01']","['S009', 'S007']",3,19.0,0.068,2.9396449272763756,2339.3505184681885,390.0,1771.1643015623522,0.2650887681809061,1940.5128018197627,Kb7217d8ade5585c6,K01343
B,"['S007-MED-01', 'S007-WAT-02', 'S009-FOD-01']","['S007', 'S009']",3,25.0,0.067,3.0047217118155487,2339.3505184681885,390.0,2504.205179969459,0.24881957204611282,1968.7127417867378,Kca0b9472ca58e437,K01384
B,"['S007-MED-01', 'S007-WAT-02', 'S009-MED-01']","['S009', 'S007']",3,20.0,0.051000000000000004,3.0861237828545183,2339.3505184681885,390.0,1771.1643015623522,0.22846905428637043,2003.9869725702913,K69817e21f20d50fe,K01418
B,"['S007-FOD-01', 'S007-MED-01', 'S009-WAT-01']","['S007', 'S009']",3,25.0,0.067,3.1017320366251573,2339.3505184681885,390.0,2504.205179969459,0.22456699084371068,2010.7505492042349,K54a03fa3e3c712e9,K01424
B,"['S007-FOD-01', 'S007-MED-01', 'S009-WAT-01']","['S009', 'S007']",3,25.0,0.067,3.1131044246401163,2339.3505184681885,390.0,1771.1643015623522,0.22172389383997093,2015.678584010717,K467a3e53e9e3d5c2,K01430
C,"['S007-FOD-01', 'S007-HYG-01', 'S007-MED-01', 'S007-WAT-02', 'S009-MED-01']","['S007', 'S009']",5,34.0,0.114,5.730582984951148,2643.912669550545,450.0,2288.2396507946546,0.28367712688110647,2385.366225090936,K3673fb03893fcd0f,K01626
C,"['S007-HYG-01', 'S007-MED-01', 'S007-WAT-01', 'S007-WAT-02', 'S009-MED-01']","['S007', 'S009']",5,40.0,0.113,5.822733759333724,2643.912669550545,450.0,2288.2396507946546,0.27215828008328447,2410.323726486217,K35025d640d863d59,K01633
C,"['S007-FOD-01', 'S007-HYG-01', 'S007-MED-01', 'S007-WAT-02', 'S009-FOD-01']","['S007', 'S009']",5,39.0,0.13,5.837058557626866,2643.912669550545,450.0,2288.2396507946546,0.2703676802966417,2414.2033593572764,Ke50c4a2f739b6054,K01634
C,"['S007-FOD-01', 'S007-MED-01', 'S007-WAT-01', 'S007-WAT-02', 'S009-MED-01']","['S007', 'S009']",5,42.0,0.106,5.856971387485146,2643.912669550545,450.0,2288.2396507946546,0.26787857656435676,2419.5964174438936,K1496583e057bab02,K01635
C,"['S007-FOD-01', 'S007-HYG-01', 'S007-WAT-01', 'S007-WAT-02', 'S009-MED-01']","['S007', 'S009']",5,45.0,0.129,5.912042266893113,2643.912669550545,450.0,2288.2396507946546,0.2609947166383608,2434.511447283551,K70bba332340c9225,K01644
B,"['S007-HYG-01', 'S007-MED-01', 'S010-MED-01']","['S007', 'S010']",3,12.0,0.059000000000000004,2.811131716650225,2382.9798579172775,390.0,1687.1852353061645,0.29721707083744375,1884.8237438817641,K12f08216139451d7,K01287
B,"['S007-FOD-01', 'S007-MED-01', 'S010-MED-01']","['S007', 'S010']",3,14.0,0.052000000000000005,2.837777155688166,2382.9798579172775,390.0,1687.1852353061645,0.2905557110779585,1896.3701007982052,Kf0a7f19d1c851ef1,K01304
B,"['S007-HYG-01', 'S007-MED-01', 'S010-MED-01']","['S010', 'S007']",3,12.0,0.059000000000000004,2.890111430008179,2382.979857917277,390.0,1727.5349621132636,0.27747214249795527,1919.0482863368775,Kc3e90699497c8944,K01324
B,"['S007-MED-01', 'S007-WAT-02', 'S010-MED-01']","['S007', 'S010']",3,20.0,0.051000000000000004,2.9410966178489355,2382.9798579172775,390.0,1687.1852353061645,0.2647258455377661,1941.141867734539,K5d645eceb5e53ac9,K01344
B,"['S007-FOD-01', 'S007-MED-01', 'S010-MED-01']","['S010', 'S007']",3,14.0,0.052000000000000005,2.954263596376743,2382.979857917277,390.0,1727.5349621132636,0.2614341009058142,1946.847558429922,Ka250dfaaca73a5ed,K01355
B,"['S007-FOD-01', 'S007-MED-01', 'S010-FOD-01']","['S007', 'S010']",3,19.0,0.068,2.9828790259720313,2382.9798579172775,390.0,2504.205179969459,0.2542802435069922,1959.2475779212134,Kcfe1bcbfce166af0,K01370
B,"['S007-FOD-01', 'S007-MED-01', 'S010-FOD-01']","['S010', 'S007']",3,19.0,0.068,3.0402534013798705,2382.979857917277,390.0,1727.5349621132636,0.23993664965503236,1984.1098072646107,K3f2726d9c0e2f1ba,K01402
B,"['S007-MED-01', 'S007-WAT-02', 'S010-FOD-01']","['S007', 'S010']",3,25.0,0.067,3.126487504973987,2382.9798579172775,390.0,2504.205179969459,0.21837812375650323,2021.4779188220612,K1a18d7a6092194db,K01432
B,"['S007-FOD-01', 'S007-MED-01', 'S010-WAT-01']","['S010', 'S007']",3,25.0,0.067,3.1895632179544777,2382.979857917277,390.0,1727.5349621132636,0.20260919551138057,2048.8107277802733,K83ff6b93e6ec8f9c,K01467
C,"['S007-FOD-01', 'S007-HYG-01', 'S007-MED-01', 'S007-WAT-02', 'S010-MED-01']","['S007', 'S010']",5,34.0,0.114,5.966750847220614,2685.7730840321856,450.0,1420.7880984653448,0.25415614409742326,2449.328354455583,K3734e5e599306c27,K01649
C,"['S007-HYG-01', 'S007-MED-01', 'S007-WAT-01', 'S007-WAT-02', 'S010-MED-01']","['S007', 'S010']",5,40.0,0.113,6.05890162160319,2685.7730840321856,450.0,1420.7880984653448,0.24263729729960126,2474.285855850864,Ka9cf58917b261fb8,K01663
C,"['S007-FOD-01', 'S007-HYG-01', 'S007-MED-01', 'S007-WAT-02', 'S010-FOD-01']","['S007', 'S010']",5,39.0,0.13,6.079605772470111,2685.7730840321856,450.0,2288.2396507946546,0.24004927844123614,2479.8932300439883,K3c759704f6d07145,K01666
C,"['S007-FOD-01', 'S007-MED-01', 'S007-WAT-01', 'S007-WAT-02', 'S010-MED-01']","['S007', 'S010']",5,42.0,0.106,6.0931392497546115,2685.7730840321856,450.0,1420.7880984653448,0.23835759378067356,2483.5585468085405,K7c0ea77b1ac4cb41,K01667
C,"['S007-FOD-01', 'S007-HYG-01', 'S007-WAT-01', 'S007-WAT-02', 'S010-MED-01']","['S007', 'S010']",5,45.0,0.129,6.148210129162579,2685.7730840321856,450.0,1420.7880984653448,0.23147373385467762,2498.4735766481986,K4d00d6b6ee13bd4b,K01676
C,"['S007-HYG-01', 'S007-MED-01', 'S007-WAT-01', 'S007-WAT-02', 'S010-FOD-01']","['S007', 'S010']",5,45.0,0.129,6.185338470460175,2685.7730840321856,450.0,2288.2396507946546,0.22683269119247818,2508.529169082964,K5053e60b6b0db18c,K01677
C,"['S007-FOD-01', 'S007-HYG-01', 'S007-MED-01', 'S007-WAT-01', 'S007-WAT-02', 'S010-MED-01']","['S007', 'S010']",6,48.0,0.14100000000000001,6.208177111428268,2751.7730840321856,480.0,1354.7880984653448,0.22397786107146656,2514.714634345156,Kbab722c8a3e86a29,K01680
B,"['S007-HYG-01', 'S007-MED-01', 'S011-MED-01']","['S011', 'S007']",3,12.0,0.059000000000000004,1.686033364093951,1867.841601224297,390.0,2242.673218806244,0.5784916589765122,1397.2811244407121,K3ab674103f18ad45,K00909
B,"['S007-HYG-01', 'S007-MED-01', 'S011-MED-01']","['S007', 'S011']",3,12.0,0.059000000000000004,1.6940484306903638,1867.841601224297,390.0,2504.205179969459,0.576487892327409,1400.7543199658242,Ka6272728a5f2c826,K00910
B,"['S007-FOD-01', 'S007-MED-01', 'S011-MED-01']","['S011', 'S007']",3,14.0,0.052000000000000005,1.7156270295759568,1867.841601224297,390.0,2242.673218806244,0.5710932426060108,1410.1050461495813,K33e13e8d148c13ab,K00913
B,"['S007-FOD-01', 'S007-MED-01', 'S011-MED-01']","['S007', 'S011']",3,14.0,0.052000000000000005,1.7206938697283043,1867.841601224297,390.0,2504.205179969459,0.5698265325679239,1412.3006768822652,K75662e9d70688ff3,K00915
B,"['S007-FOD-01', 'S007-MED-01', 'S011-FOD-01']","['S011', 'S007']",3,19.0,0.068,1.7658468672402448,1867.841601224297,390.0,2242.673218806244,0.5585382831899388,1431.866975804106,Kedc98b8fb39b4441,K00919
B,"['S007-MED-01', 'S007-WAT-02', 'S011-MED-01']","['S007', 'S011']",3,20.0,0.051000000000000004,1.824013331889074,1867.841601224297,390.0,2504.205179969459,0.5439966670277314,1457.072443818599,Kfcd1363362db06d6,K00929
B,"['S007-FOD-01', 'S007-MED-01', 'S011-FOD-01']","['S007', 'S011']",3,19.0,0.068,1.8254894724169612,1867.841601224297,390.0,2504.205179969459,0.5436276318957597,1457.7121047140167,K22dfcdcccd6e9fff,K00930
B,"['S007-MED-01', 'S007-WAT-02', 'S011-MED-01']","['S011', 'S007']",3,20.0,0.051000000000000004,1.8311728915096128,1867.841601224297,390.0,2242.673218806244,0.5422067771225968,1460.1749196541655,K957ea26abc6d90cd,K00933
B,"['S007-FOD-01', 'S007-MED-01', 'S011-WAT-01']","['S011', 'S007']",3,25.0,0.067,1.8531795202326284,1867.841601224297,390.0,2242.673218806244,0.5367051199418429,1469.711125434139,K40c5c60bc766e50f,K00937
B,"['S007-MED-01', 'S007-WAT-02', 'S011-FOD-01']","['S011', 'S007']",3,25.0,0.067,1.9063415489538467,1867.841601224297,390.0,2242.673218806244,0.5234146127615383,1492.748004546667,Kcfdec535846e0b5f,K00943
B,"['S007-MED-01', 'S007-WAT-02', 'S011-FOD-01']","['S007', 'S011']",3,25.0,0.067,1.969097951418917,1867.841601224297,390.0,2504.205179969459,0.5077255121452707,1519.9424456148643,K32ddcc3d3da36292,K00956
B,"['S007-FOD-01', 'S007-MED-01', 'S011-WAT-01']","['S007', 'S011']",3,25.0,0.067,2.009838993088978,1867.841601224297,390.0,2504.205179969459,0.4975402517277555,1537.5968970052238,K62023de300948ce0,K00969
C,"['S007-FOD-01', 'S007-HYG-01', 'S007-MED-01', 'S007-WAT-02', 'S011-MED-01']","['S007', 'S011']",5,34.0,0.114,3.5777228131283847,2170.876648628268,450.0,2288.2396507946546,0.5527846483589519,1802.2999285556043,Kf39decf1292be799,K01482
C,"['S007-FOD-01', 'S007-HYG-01', 'S007-MED-01', 'S007-WAT-02', 'S011-MED-01']","['S011', 'S007']",5,34.0,0.114,3.6090705253173456,2170.8766486282684,450.0,1988.9637005770774,0.5488661843353317,1810.7899339401147,K69c26a5e5fa7d475,K01483
C,"['S007-FOD-01', 'S007-HYG-01', 'S007-MED-01', 'S007-WAT-02', 'S011-FOD-01']","['S011', 'S007']",5,39.0,0.13,3.6546336322774726,2170.8766486282684,450.0,1988.9637005770774,0.5431707959653159,1823.129942075149,K6920696f6eb99993,K01484
C,"['S007-FOD-01', 'S007-HYG-01', 'S007-MED-01', 'S007-WAT-02', 'S011-FOD-01']","['S007', 'S011']",5,39.0,0.13,3.6668495280194975,2170.876648628268,450.0,2288.2396507946546,0.5416438089975628,1826.438413838614,Kc3b3148df7e98bca,K01485
B,"['S007-HYG-01', 'S007-MED-01', 'S013-MED-01']","['S007', 'S013']",3,12.0,0.059000000000000004,2.7313901781858863,2320.950539708456,390.0,1726.771921330473,0.31715245545352844,1850.269077213884,K0ed41431ee2e382d,K01252
B,"['S007-FOD-01', 'S007-MED-01', 'S013-MED-01']","['S007', 'S013']",3,14.0,0.052000000000000005,2.758035617223827,2320.950539708456,390.0,1726.771921330473,0.3104910956940432,1861.815434130325,Kc2d7538b7520ac99,K01264
B,"['S007-HYG-01', 'S007-MED-01', 'S013-MED-01']","['S013', 'S007']",3,12.0,0.059000000000000004,2.8049118435832447,2320.950539708456,390.0,1789.5642803220849,0.2987720391041888,1882.1284655527393,K2ec6d35cb274c6fc,K01284
B,"['S007-MED-01', 'S007-WAT-02', 'S013-MED-01']","['S007', 'S013']",3,20.0,0.051000000000000004,2.8613550793845968,2320.950539708456,390.0,1726.771921330473,0.2846612301538508,1906.5872010666585,K4f134766c379c5f7,K01313
B,"['S007-FOD-01', 'S007-MED-01', 'S013-MED-01']","['S013', 'S007']",3,14.0,0.052000000000000005,2.8668054204824887,2320.950539708456,390.0,1789.5642803220849,0.28329864487937784,1908.9490155424119,K5408d76f0c1451a4,K01316
B,"['S007-FOD-01', 'S007-MED-01', 'S013-FOD-01']","['S007', 'S013']",3,19.0,0.068,2.899242885180522,2320.950539708456,390.0,2504.205179969459,0.27518927870486953,1923.0052502448927,K726a0964cfbad408,K01326
B,"['S007-FOD-01', 'S007-MED-01', 'S013-FOD-01']","['S013', 'S007']",3,19.0,0.068,2.9531920757933996,2320.950539708456,390.0,1789.5642803220849,0.2617019810516501,1946.3832328438066,K4d5aa58733b0ad3e,K01352
B,"['S007-MED-01', 'S007-WAT-02', 'S013-FOD-01']","['S007', 'S013']",3,25.0,0.067,3.0428513641824777,2320.950539708456,390.0,2504.205179969459,0.23928715895438057,1985.2355911457403,K5a44ea8ebca1f6d9,K01403
B,"['S007-FOD-01', 'S007-MED-01', 'S013-WAT-01']","['S013', 'S007']",3,25.0,0.067,3.1036033557928406,2320.950539708456,390.0,1789.5642803220849,0.22409916105178984,2011.5614541768978,K12d2c457d54315b8,K01426
B,"['S007-MED-01', 'S007-WAT-02', 'S013-MED-01']","['S013', 'S007']",3,20.0,0.051000000000000004,3.1124093519710216,2320.950539708456,390.0,1789.5642803220849,0.2218976620072446,2015.3773858541094,K8db8fa8d7eecb6f1,K01429
B,"['S007-FOD-01', 'S007-MED-01', 'S013-WAT-01']","['S007', 'S013']",3,25.0,0.067,3.154702953233007,2320.950539708456,390.0,1726.771921330473,0.21132426169174823,2033.7046130676365,K6b4b77ba1d3ff614,K01449
C,"['S007-FOD-01', 'S007-HYG-01', 'S007-MED-01', 'S007-WAT-02', 'S013-MED-01']","['S007', 'S013']",5,34.0,0.114,5.807570969512281,2616.9160589141848,450.0,1461.1200394131556,0.27405362881096484,2406.2171375762427,K02117c685020ca3b,K01632
C,"['S007-HYG-01', 'S007-MED-01', 'S007-WAT-01', 'S007-WAT-02', 'S013-MED-01']","['S007', 'S013']",5,40.0,0.113,5.899721743894857,2616.9160589141848,450.0,1461.1200394131556,0.26253478201314284,2431.1746389715236,K75489d534d033799,K01643
C,"['S007-FOD-01', 'S007-HYG-01', 'S007-MED-01', 'S007-WAT-02', 'S013-FOD-01']","['S007', 'S013']",5,39.0,0.13,5.918097178359393,2616.9160589141848,450.0,2288.2396507946546,0.2602378527050758,2436.1513191390027,Ke2839a291e8a7a04,K01646
C,"['S007-FOD-01', 'S007-MED-01', 'S007-WAT-01', 'S007-WAT-02', 'S013-MED-01']","['S007', 'S013']",5,42.0,0.106,5.933959372046279,2616.9160589141848,450.0,1461.1200394131556,0.25825507849421514,2440.4473299292004,Ke6f4d32045d50133,K01647
C,"['S007-FOD-01', 'S007-HYG-01', 'S007-WAT-01', 'S007-WAT-02', 'S013-MED-01']","['S007', 'S013']",5,45.0,0.129,5.9890302514542455,2616.9160589141848,450.0,1461.1200394131556,0.2513712185682193,2455.362359768858,K9d6f38b312ba82f3,K01652
B,"['S007-HYG-01', 'S007-MED-01', 'S014-MED-01']","['S007', 'S014']",3,12.0,0.059000000000000004,3.1344027217239603,2718.1489398424524,390.0,1509.1682311302266,0.21639931956900993,2024.9078460803826,K661a9638dc555b11,K01436
B,"['S007-FOD-01', 'S007-MED-01', 'S014-MED-01']","['S007', 'S014']",3,14.0,0.052000000000000005,3.1610481607619016,2718.1489398424524,390.0,1509.1682311302266,0.2097379598095246,2036.454202996824,Kfb1ea0ded2545212,K01452
B,"['S007-HYG-01', 'S007-MED-01', 'S015-MED-01']","['S007', 'S015']",3,12.0,0.059000000000000004,2.0822025592254527,2097.31535461991,390.0,2504.205179969459,0.4794493601936368,1568.9544423310294,K7b0cb66d0da468ae,K01002
B,"['S007-FOD-01', 'S007-MED-01', 'S015-MED-01']","['S007', 'S015']",3,14.0,0.052000000000000005,2.1088479982633936,2097.31535461991,390.0,2504.205179969459,0.4727880004341516,1580.5007992474707,K3e21ccdf4c13628a,K01013
B,"['S007-HYG-01', 'S007-MED-01', 'S015-MED-01']","['S015', 'S007']",3,12.0,0.059000000000000004,2.129421881112507,2097.3153546199096,390.0,2013.199465410631,0.4676445297218732,1589.4161484820866,Kb0770a788dfd4be9,K01025
B,"['S007-FOD-01', 'S007-MED-01', 'S015-MED-01']","['S015', 'S007']",3,14.0,0.052000000000000005,2.173779179796613,2097.3153546199096,390.0,2013.199465410631,0.4565552050508468,1608.6376445785322,K72aec6d96e73a265,K01036
B,"['S007-FOD-01', 'S007-MED-01', 'S015-FOD-01']","['S007', 'S015']",3,19.0,0.068,2.2105456933489123,2097.31535461991,390.0,2504.205179969459,0.44736357666277193,1624.5698004511953,Kfa6daf9238c57dbb,K01049
B,"['S007-MED-01', 'S007-WAT-02', 'S015-MED-01']","['S007', 'S015']",3,20.0,0.051000000000000004,2.2121674604241632,2097.31535461991,390.0,2504.205179969459,0.4469581348939592,1625.2725661838037,K51ac7e451afc6019,K01051
B,"['S007-FOD-01', 'S007-MED-01', 'S015-FOD-01']","['S015', 'S007']",3,19.0,0.068,2.2828708643382747,2097.3153546199096,390.0,2013.199465410631,0.42928228391543133,1655.910707879919,Ka9070019128e4c5b,K01071
B,"['S007-MED-01', 'S007-WAT-02', 'S015-MED-01']","['S015', 'S007']",3,20.0,0.051000000000000004,2.3474591452828517,2097.3153546199096,390.0,2013.199465410631,0.41313521367928707,1683.8989629559023,Kd04997648026d39d,K01089
B,"['S007-MED-01', 'S007-WAT-02', 'S015-FOD-01']","['S007', 'S015']",3,25.0,0.067,2.354154172350868,2097.31535461991,390.0,2504.205179969459,0.411461456912283,1686.8001413520428,K018c5e769fcecdb4,K01090
B,"['S007-FOD-01', 'S007-MED-01', 'S015-WAT-01']","['S007', 'S015']",3,25.0,0.067,2.3879480083186078,2097.31535461991,390.0,2504.205179969459,0.40301299792034806,1701.4441369380631,K6d9362e4e938a264,K01095
B,"['S007-FOD-01', 'S007-MED-01', 'S015-WAT-01']","['S015', 'S007']",3,25.0,0.067,2.4717122413935835,2097.3153546199096,390.0,2013.199465410631,0.38207193965160413,1737.741971270553,K4947a71e756d9791,K01125
B,"['S007-MED-01', 'S007-WAT-02', 'S015-FOD-01']","['S015', 'S007']",3,25.0,0.067,2.5099450105276615,2097.3153546199096,390.0,2013.199465410631,0.3725137473680846,1754.3095045619866,K4cfd26ee89f07c31,K01142
C,"['S007-FOD-01', 'S007-HYG-01', 'S007-MED-01', 'S007-WAT-02', 'S015-MED-01']","['S007', 'S015']",5,34.0,0.114,4.394133544200707,2413.313795171667,450.0,2288.2396507946546,0.45073330697491165,2023.411168221025,K9f965293881e8b57,K01533
C,"['S007-FOD-01', 'S007-HYG-01', 'S007-MED-01', 'S007-WAT-02', 'S015-FOD-01']","['S007', 'S015']",5,39.0,0.13,4.481930811058943,2413.313795171667,450.0,2288.2396507946546,0.43975864861763214,2047.189594661797,K5c2124768f53539d,K01536
C,"['S007-HYG-01', 'S007-MED-01', 'S007-WAT-01', 'S007-WAT-02', 'S015-MED-01']","['S007', 'S015']",5,40.0,0.113,4.486284318583283,2413.313795171667,450.0,2288.2396507946546,0.43921446017708965,2048.3686696163054,Ke685068c0424ccfe,K01539
C,"['S007-FOD-01', 'S007-MED-01', 'S007-WAT-01', 'S007-WAT-02', 'S015-MED-01']","['S007', 'S015']",5,42.0,0.106,4.520521946734705,2413.313795171667,450.0,2288.2396507946546,0.43493475665816184,2057.6413605739826,Kdd73e7e188cdab5a,K01543
B,"['S008-HYG-01', 'S008-MED-01', 'S009-MED-01']","['S008', 'S009']",3,12.0,0.059000000000000004,2.953834553648883,2346.131822430443,390.0,5938.852459745482,0.2615413615877793,1946.661639914516,Kcd47e37ba38058c1,K01353
B,"['S008-HYG-01', 'S008-MED-01', 'S009-MED-01']","['S009', 'S008']",3,12.0,0.059000000000000004,2.9575176506761096,2346.131822430443,390.0,5524.562384490742,0.2606205873309726,1948.2576486263142,K5830d7a97ef9999b,K01358
B,"['S008-FOD-01', 'S008-MED-01', 'S009-MED-01']","['S008', 'S009']",3,14.0,0.052000000000000005,2.9979802684201013,2346.131822430443,390.0,5938.852459745482,0.25050493289497466,1965.7914496487108,K2f6d08177fc57309,K01381
B,"['S008-FOD-01', 'S008-MED-01', 'S009-MED-01']","['S009', 'S008']",3,14.0,0.052000000000000005,3.010922155438592,2346.131822430443,390.0,5524.562384490742,0.24726946114035198,1971.3996006900566,Kaf61c19742c1adc7,K01387
B,"['S008-FOD-01', 'S008-MED-01', 'S009-FOD-01']","['S009', 'S008']",3,19.0,0.068,3.10964132990498,2346.131822430443,390.0,5524.562384490742,0.22258966752375497,2014.1779096254913,K0f39d5bb8f1a2aff,K01428
B,"['S008-MED-01', 'S008-WAT-02', 'S009-MED-01']","['S008', 'S009']",3,20.0,0.051000000000000004,3.172077122888819,2346.131822430443,390.0,5938.852459745482,0.20698071927779527,2041.2334199184882,K632099dcb7e68128,K01458
B,"['S008-FOD-01', 'S008-MED-01', 'S009-FOD-01']","['S008', 'S009']",3,19.0,0.068,3.1753298299879065,2346.131822430443,390.0,5938.852459745482,0.20616754250302338,2042.642926328093,K61a5c49a236a6d1c,K01459
C,"['S008-FOD-01', 'S008-HYG-01', 'S008-MED-01', 'S008-WAT-02', 'S009-MED-01']","['S008', 'S009']",5,34.0,0.114,6.3735109848235725,2627.158256756615,450.0,5738.304237699584,0.20331112689705344,2559.4925583897175,Ka79d23d0944c6985,K01697
B,"['S008-HYG-01', 'S008-MED-01', 'S011-MED-01']","['S011', 'S008']",3,12.0,0.059000000000000004,2.55298237082611,2205.9867270556965,390.0,5664.7074798654885,0.3617544072934725,1772.959027357981,K02402cedfd3c1478,K01164
B,"['S008-FOD-01', 'S008-MED-01', 'S011-MED-01']","['S011', 'S008']",3,14.0,0.052000000000000005,2.5928485242214125,2205.9867270556965,390.0,5664.7074798654885,0.35178786894464686,1790.2343604959453,K220f209504a76f38,K01187
B,"['S008-HYG-01', 'S008-MED-01', 'S011-MED-01']","['S008', 'S011']",3,12.0,0.059000000000000004,2.5956482349563643,2205.9867270556965,390.0,5938.852459745482,0.3510879412609089,1791.4475684810914,K3842dd8803890920,K01190
B,"['S008-FOD-01', 'S008-MED-01', 'S011-MED-01']","['S008', 'S011']",3,14.0,0.052000000000000005,2.6397939497275824,2205.9867270556965,390.0,5938.852459745482,0.3400515125681044,1810.5773782152855,K1106918ae414b397,K01215
B,"['S008-FOD-01', 'S008-MED-01', 'S011-FOD-01']","['S011', 'S008']",3,19.0,0.068,2.643068361885701,2205.9867270556965,390.0,5664.7074798654885,0.33923290952857477,1811.9962901504703,K415b6f38b69e6490,K01216
B,"['S008-FOD-01', 'S008-MED-01', 'S011-WAT-01']","['S011', 'S008']",3,25.0,0.067,2.730401014878084,2205.9867270556965,390.0,5664.7074798654885,0.31739974628047896,1849.840439780503,Kc825ddbd387de707,K01251
B,"['S008-MED-01', 'S008-WAT-02', 'S011-MED-01']","['S011', 'S008']",3,20.0,0.051000000000000004,2.7500155985660704,2205.9867270556965,390.0,5664.7074798654885,0.3124961003584824,1858.3400927119637,K21ccc9794fe97c9f,K01258
B,"['S008-MED-01', 'S008-WAT-02', 'S011-MED-01']","['S008', 'S011']",3,20.0,0.051000000000000004,2.8138908041963,2205.9867270556965,390.0,5938.852459745482,0.296527298950925,1886.0193484850633,Kb07781341bbffdb8,K01290
B,"['S008-FOD-01', 'S008-MED-01', 'S011-FOD-01']","['S008', 'S011']",3,19.0,0.068,2.8197541947648053,2205.9867270556965,390.0,5938.852459745482,0.2950614513087987,1888.5601510647489,K3fb0f3b0fb31edd5,K01293
B,"['S008-MED-01', 'S008-WAT-02', 'S011-FOD-01']","['S011', 'S008']",3,25.0,0.067,2.825184256010304,2205.9867270556965,390.0,5664.7074798654885,0.29370393599742395,1890.9131776044649,K66ca273f22393f40,K01296
B,"['S008-FOD-01', 'S008-WAT-02', 'S011-MED-01']","['S011', 'S008']",3,25.0,0.067,2.9389784518114337,2205.9867270556965,390.0,9953.600951903074,0.2652553870471416,1940.2239957849545,K9177ab3b94987555,K01342
B,"['S008-FOD-01', 'S008-WAT-02', 'S011-MED-01']","['S008', 'S011']",3,25.0,0.067,3.02566805809479,2205.9867270556965,390.0,8876.038987707896,0.24358298547630253,1977.7894918410755,K4b9682619433abcd,K01394
B,"['S008-MED-01', 'S008-WAT-02', 'S011-FOD-01']","['S008', 'S011']",3,25.0,0.067,3.0656304767085834,2205.9867270556965,390.0,5938.852459745482,0.23359238082285416,1995.1065399070526,K08fb185c1bac8388,K01406
B,"['S008-FOD-01', 'S008-MED-01', 'S011-WAT-01']","['S008', 'S011']",3,25.0,0.067,3.1415554684968483,2205.9867270556965,390.0,5938.852459745482,0.21461113287578792,2028.0073696819675,Kdd76ace4aec054c4,K01442
C,"['S008-FOD-01', 'S008-HYG-01', 'S008-MED-01', 'S008-WAT-02', 'S011-MED-01']","['S011', 'S008']",5,34.0,0.114,5.55485273540328,2494.4013256478192,450.0,5407.614436652598,0.30564340807459,2337.7726158383884,K748d96e04571ab83,K01614
C,"['S008-FOD-01', 'S008-HYG-01', 'S008-MED-01', 'S008-WAT-02', 'S011-MED-01']","['S008', 'S011']",5,34.0,0.114,5.589025390003719,2494.4013256478192,450.0,5738.304237699584,0.3013718262495352,2347.0277097926737,Kb09e57e04072cb13,K01620
B,"['S008-HYG-01', 'S008-MED-01', 'S015-MED-01']","['S008', 'S015']",3,12.0,0.059000000000000004,2.930613193535444,2554.724154644057,390.0,5255.999625442773,0.26734670161613905,1936.5990505320256,Kfe00bb0b32f44a48,K01338
B,"['S008-HYG-01', 'S008-MED-01', 'S015-MED-01']","['S015', 'S008']",3,12.0,0.059000000000000004,2.941555827311018,2554.7241546440573,390.0,5315.970052277127,0.2646110431722455,1941.340858501441,K2f3efd46bb14c10d,K01345
B,"['S008-FOD-01', 'S008-MED-01', 'S015-MED-01']","['S008', 'S015']",3,14.0,0.052000000000000005,2.9747589083066623,2554.724154644057,390.0,5255.999625442773,0.2563102729233344,1955.7288602662204,Kb7dfa827333fbea7,K01364
B,"['S008-FOD-01', 'S008-MED-01', 'S015-MED-01']","['S015', 'S008']",3,14.0,0.052000000000000005,2.994667170789393,2554.7241546440573,390.0,5315.970052277127,0.25133320730265174,1964.355774008737,K0c71c6761c5c52b5,K01376
B,"['S008-FOD-01', 'S008-MED-01', 'S015-FOD-01']","['S015', 'S008']",3,19.0,0.068,3.103758855331055,2554.7241546440573,390.0,5315.970052277127,0.22406028616723628,2011.628837310124,K2f7bb9de44e38d05,K01427
B,"['S008-MED-01', 'S008-WAT-02', 'S015-MED-01']","['S008', 'S015']",3,20.0,0.051000000000000004,3.14885576277538,2554.724154644057,390.0,5255.999625442773,0.21278605930615502,2031.170830535998,K8b710e4988cf932c,K01445
B,"['S008-FOD-01', 'S008-MED-01', 'S015-FOD-01']","['S008', 'S015']",3,19.0,0.068,3.150568452429596,2554.724154644057,390.0,5938.852459745482,0.21235788689260104,2031.9129960528248,K0c67bee4da0fb30b,K01448
C,"['S008-FOD-01', 'S008-HYG-01', 'S008-MED-01', 'S008-WAT-02', 'S015-MED-01']","['S008', 'S015']",5,34.0,0.114,6.22814841278704,2895.0674072075335,450.0,4966.552915441145,0.22148144840161998,2520.1235284631566,Kcad2e9cec1780a0b,K01682
C,"['S008-FOD-01', 'S008-HYG-01', 'S008-MED-01', 'S008-WAT-02', 'S015-MED-01']","['S015', 'S008']",5,34.0,0.114,6.340515927622036,2895.067407207533,450.0,5006.9483550928835,0.2074355090472455,2550.5563970643016,Kdc2eafb877bd898e,K01687
C,"['S008-FOD-01', 'S008-HYG-01', 'S008-MED-01', 'S008-WAT-02', 'S015-FOD-01']","['S008', 'S015']",5,39.0,0.13,6.379263762807622,2895.0674072075335,450.0,5738.304237699584,0.2025920296490472,2561.0506024270644,K147776589ca73de6,K01698
C,"['S008-HYG-01', 'S008-MED-01', 'S008-WAT-01', 'S008-WAT-02', 'S015-MED-01']","['S008', 'S015']",5,40.0,0.113,6.382346990325185,2895.0674072075335,450.0,4966.552915441145,0.20220662620935193,2561.885643213071,K0aa1f6b491e520b7,K01699
B,"['S009-MED-01', 'S010-MED-01']","['S010', 'S009']",2,6.0,0.024,2.3189299859929253,2092.1382389948544,360.0,2604.7615734432247,0.42026750350176867,1671.5363272636012,K46e74c311ef1834f,K01081
B,"['S009-MED-01', 'S010-MED-01']","['S009', 'S010']",2,6.0,0.024,2.3223192097366185,2092.1382389948544,360.0,1978.0268542285876,0.41942019756584537,1673.004990885868,K1074b50f82046e01,K01082
B,"['S009-MED-01', 'S010-FOD-01']","['S010', 'S009']",2,11.0,0.04,2.3693919613702032,2092.1382389948544,360.0,9175.503193172324,0.4076520096574492,1693.4031832604214,K1bfee8f95f9046d8,K01092
B,"['S009-FOD-01', 'S010-MED-01']","['S009', 'S010']",2,11.0,0.04,2.378674572714894,2092.1382389948544,360.0,1978.0268542285876,0.4053313568212765,1697.425648176454,K6812be148f798b53,K01093
B,"['S009-FOD-01', 'S010-MED-01']","['S010', 'S009']",2,11.0,0.04,2.403814777420891,2092.1382389948544,360.0,2604.7615734432247,0.3990463056447773,1708.3197368823858,K358f96009f456579,K01097
B,"['S009-MED-01', 'S010-FOD-01', 'S010-MED-01']","['S010', 'S009']",3,14.0,0.052000000000000005,2.4091734442607264,2152.1382389948544,390.0,2544.7615734432247,0.3977066389348184,1710.641825846315,K4184909ea7a89cab,K01101
B,"['S009-MED-01', 'S010-FOD-01']","['S009', 'S010']",2,11.0,0.04,2.415398499876692,2092.1382389948544,360.0,9799.178567832821,0.39615037503082695,1713.3393499465667,K6398f6518aa117ac,K01103
B,"['S009-FOD-01', 'S009-MED-01', 'S010-MED-01']","['S009', 'S010']",3,14.0,0.052000000000000005,2.4238208293846584,2152.1382389948544,390.0,1918.0268542285876,0.3940447926538354,1716.9890260666853,K31deb6001a8a818b,K01104
B,"['S009-MED-01', 'S010-WAT-01']","['S010', 'S009']",2,17.0,0.039,2.457419035442482,2092.1382389948544,360.0,2604.7615734432247,0.3856452411393795,1731.5482486917422,K30507c7a900155c2,K01118
B,"['S009-FOD-01', 'S009-MED-01', 'S010-MED-01']","['S010', 'S009']",3,14.0,0.052000000000000005,2.47276263964532,2152.1382389948544,390.0,2574.7615734432247,0.38180934008866996,1738.1971438463052,Kb7ec55f58291fe6e,K01126
B,"['S009-FOD-01', 'S010-FOD-01']","['S010', 'S009']",2,16.0,0.056,2.4747209697414427,2092.1382389948544,360.0,inf,0.3813197575646393,1739.045753554625,K89fd288171abe063,K01127
B,"['S009-WAT-01', 'S010-MED-01']","['S009', 'S010']",2,17.0,0.039,2.4790597906142273,2092.1382389948544,360.0,1978.0268542285876,0.38023505234644317,1740.9259092661653,Kc6f3c517ff8cfda8,K01128
B,"['S009-MED-01', 'S010-FOD-01', 'S010-MED-01']","['S009', 'S010']",3,14.0,0.052000000000000005,2.4910918025470297,2152.1382389948544,390.0,1918.0268542285876,0.3772270493632426,1746.139781103713,K9e83feb217936dfb,K01132
B,"['S009-FOD-01', 'S010-FOD-01']","['S009', 'S010']",2,16.0,0.056,2.4961317931064904,2092.1382389948544,360.0,inf,0.3759670517233774,1748.3237770128126,K42ec18b6e3085030,K01134
B,"['S009-MED-01', 'S010-MED-01', 'S010-WAT-01']","['S010', 'S009']",3,20.0,0.051000000000000004,2.51597348220426,2152.1382389948544,390.0,2544.7615734432247,0.37100662944893503,1756.9218422885126,K58a40ce0fd1a57ac,K01149
B,"['S009-FOD-01', 'S010-FOD-01', 'S010-MED-01']","['S010', 'S009']",3,19.0,0.068,2.529586065314541,2152.1382389948544,390.0,2544.7615734432247,0.36760348367136475,1762.8206283029679,K3c26764502175dcb,K01154
B,"['S009-MED-01', 'S011-MED-01']","['S011', 'S009']",2,6.0,0.024,1.9459216782304205,1821.2195051696212,360.0,9446.421926997558,0.5135195804423949,1509.899393899849,Ke45d53b3ae1b471f,K00952
B,"['S009-MED-01', 'S011-MED-01']","['S009', 'S011']",2,6.0,0.024,1.9621677015938082,1821.2195051696212,360.0,9260.806209593971,0.509458074601548,1516.9393373573168,K04e910f2c369eef1,K00953
B,"['S009-MED-01', 'S011-FOD-01']","['S011', 'S009']",2,11.0,0.04,1.9752903741797523,1821.2195051696212,360.0,9446.421926997558,0.5061774064550619,1522.6258288112258,Kc80c9a8367e51829,K00959
B,"['S009-MED-01', 'S011-FOD-01', 'S011-MED-01']","['S011', 'S009']",3,14.0,0.052000000000000005,1.9984896261968106,1881.2195051696212,390.0,9386.421926997558,0.5003775934507974,1532.6788380186179,K6031ed231329f9b3,K00966
B,"['S009-FOD-01', 'S011-MED-01']","['S011', 'S009']",2,11.0,0.04,2.0075184762095173,1821.2195051696212,360.0,9983.600951903074,0.4981203809476207,1536.591339690791,K8929741d8eaf9396,K00968
B,"['S009-FOD-01', 'S011-MED-01']","['S009', 'S011']",2,11.0,0.04,2.0185230645720833,1821.2195051696212,360.0,9260.806209593971,0.4953692338569792,1541.3599946479028,Kd17968739b8fa3ca,K00971
B,"['S009-MED-01', 'S011-WAT-01']","['S011', 'S009']",2,17.0,0.039,2.0266564296609975,1821.2195051696212,360.0,9446.421926997558,0.49333589258475063,1544.884452853099,Kbe4f7f73da614ab2,K00975
B,"['S009-FOD-01', 'S011-FOD-01']","['S011', 'S009']",2,16.0,0.056,2.0488858016621094,1821.2195051696212,360.0,inf,0.48777854958447264,1554.5171807202476,K4388b32c90843ad1,K00983
B,"['S009-MED-01', 'S011-FOD-01']","['S009', 'S011']",2,11.0,0.04,2.0504124339629595,1821.2195051696212,360.0,9799.178567832821,0.48739689150926013,1555.1787213839493,Kaeeb894867e4d3f2,K00984
B,"['S009-FOD-01', 'S009-MED-01', 'S011-MED-01']","['S011', 'S009']",3,14.0,0.052000000000000005,2.058122458399987,1881.2195051696212,390.0,9386.421926997558,0.4854693854000033,1558.5197319733277,Kc3fb5463a708ecaf,K00988
B,"['S009-MED-01', 'S011-MED-01', 'S011-WAT-01']","['S011', 'S009']",3,20.0,0.051000000000000004,2.0608734594092484,1881.2195051696212,390.0,9386.421926997558,0.4847816351476879,1559.711832410674,K03f47113bf15b0b1,K00989
B,"['S009-FOD-01', 'S009-MED-01', 'S011-MED-01']","['S009', 'S011']",3,14.0,0.052000000000000005,2.0636693212418478,1881.2195051696212,390.0,9200.806209593971,0.48408266968953806,1560.9233725381341,Kc67dd59f320578e5,K00990
B,"['S009-FOD-01', 'S011-FOD-01', 'S011-MED-01']","['S011', 'S009']",3,19.0,0.068,2.0809375658908635,1881.2195051696212,390.0,9923.600951903074,0.4797656085272841,1568.4062785527076,K4faa604a1da5b0ee,K01001
B,"['S009-FOD-01', 'S009-MED-01', 'S011-FOD-01']","['S011', 'S009']",3,19.0,0.068,2.1083422960642753,1881.2195051696212,390.0,9386.421926997558,0.4729144259839312,1580.2816616278526,Kc2a96f65dd4eedf6,K01012
B,"['S009-WAT-01', 'S011-MED-01']","['S009', 'S011']",2,17.0,0.039,2.1189082824714167,1821.2195051696212,360.0,9260.806209593971,0.4702729293821458,1584.860255737614,Ka7578e83666f4822,K01020
B,"['S009-FOD-01', 'S011-WAT-01']","['S011', 'S009']",2,22.0,0.055,2.120037799270468,1821.2195051696212,360.0,9983.600951903074,0.469990550182383,1585.349713017203,K84edc85dd94f7076,K01021
B,"['S009-MED-01', 'S012-MED-01']","['S009', 'S012']",2,6.0,0.024,2.44507787377174,2106.640427163412,360.0,2144.8429799111814,0.38873053155706505,1726.200411967754,K13333d69a219a82e,K01111
B,"['S009-MED-01', 'S012-MED-01']","['S012', 'S009']",2,6.0,0.024,2.4568388420770546,2106.640427163412,360.0,2418.6565929254066,0.38579028948073635,1731.2968315667238,K16351a22668cf609,K01117
B,"['S009-FOD-01', 'S012-MED-01']","['S009', 'S012']",2,11.0,0.04,2.501433236750015,2106.640427163412,360.0,2144.8429799111814,0.3746416908124962,1750.62106925834,Kacfbd4fd14c11fa1,K01138
B,"['S009-MED-01', 'S012-FOD-01']","['S009', 'S012']",2,11.0,0.04,2.5247180322509215,2106.640427163412,360.0,9799.178567832821,0.3688204919372696,1760.7111473087325,K2a00e6cd968cf07f,K01153
B,"['S009-MED-01', 'S012-FOD-01']","['S012', 'S009']",2,11.0,0.04,2.5311930360857637,2106.640427163412,360.0,9161.001005003767,0.36720174097855907,1763.5169823038311,K0712062473f8a605,K01155
B,"['S009-FOD-01', 'S009-MED-01', 'S012-MED-01']","['S009', 'S012']",3,14.0,0.052000000000000005,2.5465794934197796,2166.640427163412,390.0,2084.8429799111814,0.3633551266450551,1770.1844471485713,K272bbe7f199f7987,K01160
B,"['S009-FOD-01', 'S012-MED-01']","['S012', 'S009']",2,11.0,0.04,2.5535354357533366,2106.640427163412,360.0,2418.6565929254066,0.36161614106166584,1773.198688826446,K3855fe345e6484c0,K01166
B,"['S009-MED-01', 'S012-FOD-01', 'S012-MED-01']","['S009', 'S012']",3,14.0,0.052000000000000005,2.589381270899217,2166.640427163412,390.0,2084.8429799111814,0.3526546822751957,1788.7318840563275,K45161fbde1ce3019,K01182
B,"['S009-MED-01', 'S012-FOD-01', 'S012-MED-01']","['S012', 'S009']",3,14.0,0.052000000000000005,2.5904873445523116,2166.640427163412,390.0,2358.6565929254066,0.3523781638619221,1789.2111826393352,K89aa97999f38704f,K01183
B,"['S009-WAT-01', 'S012-MED-01']","['S009', 'S012']",2,17.0,0.039,2.6018184546493486,2106.640427163412,360.0,2144.8429799111814,0.34954538633766286,1794.121330348051,K471aca43889429da,K01194
B,"['S009-FOD-01', 'S012-FOD-01']","['S009', 'S012']",2,16.0,0.056,2.6054513254807197,2106.640427163412,360.0,inf,0.3486371686298201,1795.6955743749784,K3a0fa3028153199a,K01199
B,"['S009-FOD-01', 'S009-MED-01', 'S012-MED-01']","['S012', 'S009']",3,14.0,0.052000000000000005,2.6317812886984155,2166.640427163412,390.0,2388.6565929254066,0.3420546778253961,1807.1052251026467,K6bbab1462f1a1927,K01208
B,"['S009-FOD-01', 'S012-FOD-01']","['S012', 'S009']",2,16.0,0.056,2.6594708946407444,2106.640427163412,360.0,inf,0.3351322763398139,1819.1040543443225,K5fad3d58de17a960,K01222
B,"['S009-MED-01', 'S012-WAT-01']","['S012', 'S009']",2,17.0,0.039,2.6628566094551513,2106.640427163412,360.0,2418.6565929254066,0.33428584763621216,1820.5711974305655,K01efe67d36425002,K01223
B,"['S009-FOD-01', 'S009-MED-01', 'S012-FOD-01']","['S009', 'S012']",3,19.0,0.068,2.6685834633870735,2166.640427163412,390.0,9739.178567832821,0.3328541341532316,1823.0528341343986,K0781f8b98b7b1a14,K01225
B,"['S009-MED-01', 'S012-WAT-01']","['S009', 'S012']",2,17.0,0.039,2.6686582422473064,2106.640427163412,360.0,2144.8429799111814,0.3328354394381734,1823.085238307166,K3cb2c2d0d9860f46,K01226
B,"['S009-MED-01', 'S013-MED-01']","['S013', 'S009']",2,6.0,0.024,2.094328336182387,1898.3084912463487,360.0,2627.210872294404,0.4764179159544033,1574.2089456790345,Kefb461097b4acb32,K01007
B,"['S009-MED-01', 'S013-MED-01']","['S009', 'S013']",2,6.0,0.024,2.098177171231924,1898.3084912463485,360.0,2149.4139697925807,0.475455707192019,1575.8767742005004,Ke577d5a4236d489f,K01009
B,"['S009-MED-01', 'S013-FOD-01']","['S013', 'S009']",2,11.0,0.04,2.14470553695105,1898.3084912463487,360.0,9369.33294092083,0.4638236157622375,1596.0390660121218,K56518d40f52680bb,K01030
B,"['S009-FOD-01', 'S013-MED-01']","['S009', 'S013']",2,11.0,0.04,2.1545325342101993,1898.3084912463485,360.0,2149.4139697925807,0.4613668664474502,1600.2974314910862,Kc4f9fbe6fd6cfe7c,K01032
B,"['S009-FOD-01', 'S013-MED-01']","['S013', 'S009']",2,11.0,0.04,2.167565607148357,1898.3084912463487,360.0,2627.210872294404,0.4581085982129107,1605.945096430955,K831fb124c0841d8e,K01035
B,"['S009-MED-01', 'S013-FOD-01']","['S009', 'S013']",2,11.0,0.04,2.179695607879729,1898.3084912463485,360.0,9799.178567832821,0.45507609803006777,1611.2014300812161,K02441dba7b44b37c,K01039
B,"['S009-MED-01', 'S013-FOD-01', 'S013-MED-01']","['S013', 'S009']",3,14.0,0.052000000000000005,2.1845649979192157,1958.3084912463487,390.0,2567.210872294404,0.4538587505201961,1613.3114990983267,K5321c33f3c039767,K01041
B,"['S009-FOD-01', 'S009-MED-01', 'S013-MED-01']","['S009', 'S013']",3,14.0,0.052000000000000005,2.1996787908799638,1958.3084912463485,390.0,2089.4139697925807,0.45008030228000906,1619.8608093813177,K97f5e4a726c96345,K01047
B,"['S009-FOD-01', 'S009-MED-01', 'S013-MED-01']","['S013', 'S009']",3,14.0,0.052000000000000005,2.227130464452081,1958.3084912463487,390.0,2597.210872294404,0.44321738388697973,1631.7565345959017,K9d43c8d0b5bb7239,K01056
B,"['S009-MED-01', 'S013-WAT-01']","['S013', 'S009']",2,17.0,0.039,2.2330033089315187,1898.3084912463487,360.0,2627.210872294404,0.44174917276712033,1634.301433870325,K078e31982c675b00,K01058
B,"['S009-FOD-01', 'S013-FOD-01']","['S013', 'S009']",2,16.0,0.056,2.238664172222794,1898.3084912463487,360.0,inf,0.44033395694430155,1636.7544746298774,K046fd79542696593,K01060
B,"['S009-MED-01', 'S013-FOD-01', 'S013-MED-01']","['S009', 'S013']",3,14.0,0.052000000000000005,2.2459290629683846,1958.3084912463485,390.0,2089.4139697925807,0.43851773425790386,1639.9025939529665,Kd790b862006a621d,K01062
B,"['S009-WAT-01', 'S013-MED-01']","['S009', 'S013']",2,17.0,0.039,2.2549177521095327,1898.3084912463485,360.0,2149.4139697925807,0.4362705619726168,1643.7976925807975,K50349843866fa081,K01065
B,"['S009-FOD-01', 'S013-FOD-01']","['S009', 'S013']",2,16.0,0.056,2.260428901109527,1898.3084912463485,360.0,inf,0.4348927747226182,1646.1858571474618,Ka0f39d8145e419e1,K01067
B,"['S009-MED-01', 'S013-MED-01', 'S013-WAT-01']","['S013', 'S009']",3,20.0,0.051000000000000004,2.2918902251724758,1958.3084912463487,390.0,2567.210872294404,0.42702744370688106,1659.8190975747395,Ke53a55584b5cd460,K01073
B,"['S009-FOD-01', 'S013-FOD-01', 'S013-MED-01']","['S013', 'S009']",3,19.0,0.068,2.293811723427434,1958.3084912463487,390.0,2567.210872294404,0.42654706914314156,1660.6517468185546,Ked0ec00b80913f1e,K01074
B,"['S009-MED-01', 'S014-MED-01']","['S009', 'S014']",2,6.0,0.024,2.7232094683105466,2417.483442574126,360.0,1809.833728398553,0.31919763292236336,1846.72410293457,K459c34f8acf76ea3,K01247
B,"['S009-MED-01', 'S014-MED-01']","['S014', 'S009']",2,6.0,0.024,2.7269917505283328,2417.483442574126,360.0,2447.569495693988,0.3182520623679168,1848.3630918956108,K341cc49c6e693984,K01248
B,"['S009-FOD-01', 'S014-MED-01']","['S009', 'S014']",2,11.0,0.04,2.7795648312888224,2417.483442574126,360.0,1809.833728398553,0.3051087921777944,1871.1447602251562,K81512490a580b69f,K01274
B,"['S009-MED-01', 'S014-FOD-01']","['S014', 'S009']",2,11.0,0.04,2.786334115096264,2417.483442574126,360.0,8850.157989593052,0.30341647122593396,1874.0781165417145,Kc4d32df441bcfb8e,K01275
B,"['S009-FOD-01', 'S009-MED-01', 'S014-MED-01']","['S009', 'S014']",3,14.0,0.052000000000000005,2.8247110879585864,2477.483442574126,390.0,1749.833728398553,0.2938222280103534,1890.7081381153876,Kfc364dd8e424fa1d,K01295
B,"['S009-MED-01', 'S014-FOD-01']","['S009', 'S014']",2,11.0,0.04,2.8298640780021014,2417.483442574126,360.0,9799.178567832821,0.29253398049947466,1892.9411004675771,Kef071042acf810b0,K01299
B,"['S009-MED-01', 'S014-FOD-01', 'S014-MED-01']","['S014', 'S009']",3,14.0,0.052000000000000005,2.8327049236517183,2477.483442574126,390.0,2387.569495693988,0.2918237690870704,1894.1721335824113,K3629afd733385c72,K01302
B,"['S009-FOD-01', 'S014-MED-01']","['S014', 'S009']",2,11.0,0.04,2.834343604865099,2417.483442574126,360.0,2447.569495693988,0.29141409878372526,1894.8822287748762,K42e722c7b3556b75,K01303
B,"['S009-WAT-01', 'S014-MED-01']","['S009', 'S014']",2,17.0,0.039,2.879950049188155,2417.483442574126,360.0,1809.833728398553,0.2800124877029613,1914.645021314867,K6b3ca984082a8d46,K01321
B,"['S009-MED-01', 'S014-WAT-01']","['S014', 'S009']",2,17.0,0.039,2.888662913544366,2417.483442574126,360.0,2447.569495693988,0.2778342716139085,1918.4205958692253,K0a21f3d59ce671f4,K01323
B,"['S009-FOD-01', 'S014-FOD-01']","['S009', 'S014']",2,16.0,0.056,2.9105973712318995,2417.483442574126,360.0,inf,0.2723506571920251,1927.9255275338232,K3fe9d2c97967f906,K01330
B,"['S009-FOD-01', 'S014-FOD-01']","['S014', 'S009']",2,16.0,0.056,2.9168428583087422,2417.483442574126,360.0,inf,0.27078928542281444,1930.6319052671215,K9548cd776ec8f39e,K01333
B,"['S009-MED-01', 'S014-FOD-01', 'S014-MED-01']","['S009', 'S014']",3,14.0,0.052000000000000005,2.9169688666718354,2477.483442574126,390.0,1749.833728398553,0.27075778333204115,1930.6865088911288,K33eb9caa918858fa,K01334
B,"['S009-FOD-01', 'S009-MED-01', 'S014-MED-01']","['S014', 'S009']",3,14.0,0.052000000000000005,2.9212990912538563,2477.483442574126,390.0,2417.569495693988,0.2696752271865359,1932.5629395433375,K5ab823edc18bb5d8,K01336
B,"['S009-MED-01', 'S009-WAT-01', 'S014-MED-01']","['S009', 'S014']",3,20.0,0.051000000000000004,2.9474814138391947,2477.483442574126,390.0,1749.833728398553,0.2631296465402013,1943.9086126636512,K65afdc1a97c23868,K01350
B,"['S009-MED-01', 'S014-MED-01', 'S014-WAT-01']","['S014', 'S009']",3,20.0,0.051000000000000004,2.956297605154898,2477.483442574126,390.0,2387.569495693988,0.2609255987112755,1947.7289622337892,Ka1cca3ab31457cbd,K01357
B,"['S009-MED-01', 'S015-MED-01']","['S009', 'S015']",2,6.0,0.024,2.7869065647180804,2376.436521357484,360.0,5434.287258729346,0.3032733588204799,1874.3261780445014,K794843cb13a4dd3c,K01276
B,"['S009-MED-01', 'S015-MED-01']","['S015', 'S009']",2,6.0,0.024,2.79219005365472,2376.4365213574843,360.0,6072.39621991317,0.30195248658632,1876.6156899170455,K565359c50ed8bc99,K01278
B,"['S009-FOD-01', 'S015-MED-01']","['S009', 'S015']",2,11.0,0.04,2.8432619276963558,2376.436521357484,360.0,5434.287258729346,0.28918451807591106,1898.7468353350876,K3288630123d4995d,K01306
B,"['S009-MED-01', 'S015-FOD-01']","['S015', 'S009']",2,11.0,0.04,2.856657197299653,2376.4365213574843,360.0,8891.204910809694,0.2858357006750868,1904.5514521631828,K22e88506c71578b1,K01310
B,"['S009-FOD-01', 'S009-MED-01', 'S015-MED-01']","['S009', 'S015']",3,14.0,0.052000000000000005,2.88840818436612,2436.436521357484,390.0,5374.287258729346,0.27789795390847005,1918.3102132253184,K8665b7c9096b6c4b,K01322
B,"['S009-MED-01', 'S015-FOD-01']","['S009', 'S015']",2,11.0,0.04,2.894464021262508,2376.436521357484,360.0,9799.178567832821,0.276383994684373,1920.9344092137533,Ka976da6d46816091,K01325
B,"['S009-FOD-01', 'S015-MED-01']","['S015', 'S009']",2,11.0,0.04,2.903232467949138,2376.4365213574843,360.0,6072.39621991317,0.27419188301271546,1924.7340694446266,K4a46241cb89d883d,K01327
B,"['S009-MED-01', 'S015-FOD-01', 'S015-MED-01']","['S015', 'S009']",3,14.0,0.052000000000000005,2.9072753058719187,2436.4365213574843,390.0,6012.39621991317,0.2731811735320203,1926.4859658778314,Ka87b5bbf150e7a83,K01328
B,"['S009-WAT-01', 'S015-MED-01']","['S009', 'S015']",2,17.0,0.039,2.9436471455956887,2376.436521357484,360.0,5434.287258729346,0.2640882136010778,1942.2470964247984,Kb83217b60fd9f96e,K01348
B,"['S009-MED-01', 'S015-WAT-01']","['S015', 'S009']",2,17.0,0.039,2.968524712515983,2376.4365213574843,360.0,8891.204910809694,0.25786882187100424,1953.0273754235925,K98112ec474e3586c,K01363
B,"['S009-FOD-01', 'S015-FOD-01']","['S009', 'S015']",2,16.0,0.056,2.9751973144923056,2376.436521357484,360.0,inf,0.2562006713769236,1955.918836279999,Kce795bb772f313c8,K01366
B,"['S009-MED-01', 'S015-FOD-01', 'S015-MED-01']","['S009', 'S015']",3,14.0,0.052000000000000005,2.982202097508911,2436.436521357484,390.0,5374.287258729346,0.2544494756227722,1958.9542422538616,Kc252c7b0093e9e83,K01369
B,"['S009-FOD-01', 'S015-FOD-01']","['S015', 'S009']",2,16.0,0.056,2.993378461236577,2376.4365213574843,360.0,inf,0.2516553846908558,1963.7973332025167,K38174f201207d4eb,K01372
B,"['S009-FOD-01', 'S009-MED-01', 'S015-MED-01']","['S015', 'S009']",3,14.0,0.052000000000000005,2.9936663023480437,2436.4365213574843,390.0,6042.39621991317,0.2515834244129891,1963.9220643508188,Kceab44cc22fa1973,K01373
B,"['S009-MED-01', 'S009-WAT-01', 'S015-MED-01']","['S009', 'S015']",3,20.0,0.051000000000000004,3.0111785102467286,2436.436521357484,390.0,5374.287258729346,0.24720537243831786,1971.5106877735823,K04035541c38781a5,K01388
B,"['S009-FOD-01', 'S009-MED-01', 'S015-FOD-01']","['S009', 'S015']",3,19.0,0.068,3.03832945239866,2436.436521357484,390.0,9739.178567832821,0.24041763690033502,1983.2760960394194,Kc3198b0f94af4b0a,K01401
B,"['S010-MED-01', 'S011-MED-01']","['S011', 'S010']",2,6.0,0.024,2.075000578251011,1967.3396237353961,360.0,2102.825469488046,0.4812498554372473,1565.8335839087713,Kdfd53c51859ca228,K00996
B,"['S010-MED-01', 'S011-MED-01']","['S010', 'S011']",2,6.0,0.024,2.0878573778707055,1967.339623735396,360.0,2604.7615734432247,0.47803565553232363,1571.4048637439723,K464b14c016ffd74d,K01004
B,"['S010-MED-01', 'S011-FOD-01']","['S011', 'S010']",2,11.0,0.04,2.1043692742003426,1967.3396237353961,360.0,2102.825469488046,0.47390768144991435,1578.5600188201486,Kc4d282eb496ee5fb,K01011
B,"['S010-MED-01', 'S011-FOD-01', 'S011-MED-01']","['S011', 'S010']",3,14.0,0.052000000000000005,2.127568526217401,2027.3396237353961,390.0,2042.8254694880459,0.4681078684456498,1588.6130280275406,Kf96ad378473b7c8a,K01024
B,"['S010-FOD-01', 'S011-MED-01']","['S010', 'S011']",2,11.0,0.04,2.1383193532479834,1967.339623735396,360.0,9114.686091028198,0.46542016168800415,1593.2717197407928,K05e139cff6770d77,K01027
B,"['S010-FOD-01', 'S011-MED-01']","['S011', 'S010']",2,11.0,0.04,2.14972861210282,1967.3396237353961,360.0,9983.600951903074,0.462567846974295,1598.215731911222,K60959a3a2b6aa804,K01031
B,"['S010-MED-01', 'S011-WAT-01']","['S011', 'S010']",2,17.0,0.039,2.1557353296815878,1967.3396237353961,360.0,2102.825469488046,0.46106616757960306,1600.818642862021,K8ea32c2a6436af2b,K01033
B,"['S010-FOD-01', 'S010-MED-01', 'S011-MED-01']","['S010', 'S011']",3,14.0,0.052000000000000005,2.178100836138506,2027.339623735396,390.0,2544.7615734432247,0.45547479096537347,1610.510362326686,Kefa5022eb967d671,K01038
B,"['S010-MED-01', 'S011-FOD-01']","['S010', 'S011']",2,11.0,0.04,2.1810388474004605,1967.339623735396,360.0,2604.7615734432247,0.4547402881498849,1611.7835005401996,K3dcefee316b91854,K01040
B,"['S010-MED-01', 'S011-MED-01', 'S011-WAT-01']","['S011', 'S010']",3,20.0,0.051000000000000004,2.1899523594298387,2027.3396237353961,390.0,2042.8254694880459,0.45251191014254033,1615.6460224195966,K0350e013f27daf0f,K01042
B,"['S010-FOD-01', 'S011-FOD-01']","['S011', 'S010']",2,16.0,0.056,2.1910959375554118,1967.3396237353961,360.0,inf,0.45222601561114706,1616.1415729406783,K5c6e714adf26f9e5,K01044
B,"['S010-FOD-01', 'S010-MED-01', 'S011-MED-01']","['S011', 'S010']",3,14.0,0.052000000000000005,2.2110991915836875,2027.3396237353961,390.0,2042.8254694880459,0.4472252021040781,1624.8096496862645,Kebaa29b2bea52fc9,K01050
B,"['S010-FOD-01', 'S011-FOD-01', 'S011-MED-01']","['S011', 'S010']",3,19.0,0.068,2.2231477017841663,2027.3396237353961,390.0,9923.600951903074,0.4442130745539584,1630.0306707731386,K14b2ee9132473a3d,K01054
B,"['S010-WAT-01', 'S011-MED-01']","['S010', 'S011']",2,17.0,0.039,2.226346427320262,1967.339623735396,360.0,2604.7615734432247,0.44341339316993456,1631.4167851721131,Kb7bb46e5b8504210,K01055
B,"['S010-FOD-01', 'S011-FOD-01']","['S010', 'S011']",2,16.0,0.056,2.251945039721013,1967.339623735396,360.0,inf,0.4370137400697468,1642.5095172124388,Kcd1fab805c91cc35,K01064
B,"['S010-MED-01', 'S011-FOD-01', 'S011-MED-01']","['S010', 'S011']",3,14.0,0.052000000000000005,2.257407751504793,2027.339623735396,390.0,2574.7615734432247,0.4356480621238018,1644.8766923187436,K9df9f13ed74d45d1,K01066
B,"['S010-MED-01', 'S012-MED-01']","['S010', 'S012']",2,6.0,0.024,2.485715730810634,2208.009330898205,360.0,2043.4740761763883,0.37857106729734147,1743.8101500179414,K7be3b0bffded3daf,K01131
B,"['S010-MED-01', 'S012-MED-01']","['S012', 'S010']",2,6.0,0.024,2.5008659228596417,2208.0093308982055,360.0,1862.1557623252365,0.3747835192850896,1750.3752332391782,Kce7806665a279176,K01137
B,"['S010-FOD-01', 'S012-MED-01']","['S010', 'S012']",2,11.0,0.04,2.536177706187912,2208.009330898205,360.0,2043.4740761763883,0.365955573453022,1765.677006014762,K1d8273edc12198e1,K01158
B,"['S010-MED-01', 'S012-FOD-01']","['S010', 'S012']",2,11.0,0.04,2.5661242046570796,2208.009330898205,360.0,2604.7615734432247,0.3584689488357301,1778.653822018068,K67623152a85e3aaf,K01175
B,"['S010-MED-01', 'S012-FOD-01']","['S012', 'S010']",2,11.0,0.04,2.5752201168683504,2208.0093308982055,360.0,1862.1557623252365,0.3561949707829124,1782.5953839762853,Kdc9e117018978c8a,K01178
B,"['S010-FOD-01', 'S010-MED-01', 'S012-MED-01']","['S010', 'S012']",3,14.0,0.052000000000000005,2.575959189078435,2268.009330898205,390.0,1983.4740761763883,0.3560102027303913,1782.9156486006552,Kd52a9e1dd2572bd3,K01179
B,"['S010-FOD-01', 'S012-MED-01']","['S012', 'S010']",2,11.0,0.04,2.606525330615296,2208.0093308982055,360.0,2418.6565929254066,0.348368667346176,1796.1609765999615,Kbcd03a2f61c6c2f2,K01200
B,"['S010-WAT-01', 'S012-MED-01']","['S010', 'S012']",2,17.0,0.039,2.6242047802601904,2208.009330898205,360.0,2043.4740761763883,0.3439488049349524,1803.8220714460824,K07e4e60f8466b83c,K01203
B,"['S010-MED-01', 'S012-FOD-01', 'S012-MED-01']","['S010', 'S012']",3,14.0,0.052000000000000005,2.6312423973626586,2268.009330898205,390.0,1983.4740761763883,0.34218940065933534,1806.8717055238187,K506eb342da7f49f8,K01206
B,"['S010-MED-01', 'S012-FOD-01', 'S012-MED-01']","['S012', 'S010']",3,14.0,0.052000000000000005,2.634514425334898,2268.0093308982055,390.0,1802.1557623252365,0.34137139366627545,1808.2895843117892,K929263cf41d700e1,K01212
B,"['S010-FOD-01', 'S012-FOD-01']","['S010', 'S012']",2,16.0,0.056,2.6370303969776314,2208.009330898205,360.0,inf,0.34074240075559215,1809.3798386903068,K1d6c1ac096509d09,K01214
B,"['S010-MED-01', 'S010-WAT-01', 'S012-MED-01']","['S010', 'S012']",3,20.0,0.051000000000000004,2.6827592270219682,2268.009330898205,390.0,1983.4740761763883,0.32931019324450794,1829.1956650428529,Ka2451b1805cc36ed,K01229
B,"['S010-FOD-01', 'S010-MED-01', 'S012-FOD-01']","['S010', 'S012']",3,19.0,0.068,2.6918954925507297,2268.009330898205,390.0,2544.7615734432247,0.3270261268623176,1833.1547134386494,K1109070366bec1e2,K01233
B,"['S010-FOD-01', 'S010-MED-01', 'S012-MED-01']","['S012', 'S010']",3,14.0,0.052000000000000005,2.691971578063567,2268.0093308982055,390.0,1802.1557623252365,0.3270071054841083,1833.1876838275457,K0e05a5cbf8ad7f75,K01234
B,"['S010-MED-01', 'S012-WAT-01']","['S012', 'S010']",2,17.0,0.039,2.706883690237738,2208.0093308982055,360.0,1862.1557623252365,0.3232790774405655,1839.64959910302,K43f792feab4a7ba9,K01239
B,"['S010-MED-01', 'S012-WAT-01']","['S010', 'S012']",2,17.0,0.039,2.7108315450778333,2208.009330898205,360.0,2043.4740761763883,0.3222921137305417,1841.3603362003944,K10a98d2d4411b603,K01242
B,"['S010-MED-01', 'S013-MED-01']","['S013', 'S010']",2,6.0,0.024,1.7364317129129443,1826.645173963278,360.0,2243.519919260164,0.5658920717717639,1419.1204089289427,K6056732ba62150a5,K00916
B,"['S010-MED-01', 'S013-MED-01']","['S010', 'S013']",2,6.0,0.024,1.7368913242187887,1826.645173963278,360.0,2221.077287075651,0.5657771689453028,1419.3195738281418,K81baf14bdc41e819,K00917
B,"['S010-MED-01', 'S013-FOD-01']","['S013', 'S010']",2,11.0,0.04,1.7868089136816074,1826.645173963278,360.0,2243.519919260164,0.5532977715795981,1440.9505292620297,K5c48daa2da53f37a,K00924
B,"['S010-FOD-01', 'S013-MED-01']","['S010', 'S013']",2,11.0,0.04,1.7873532995960666,1826.645173963278,360.0,2221.077287075651,0.5531616751009834,1441.186429824962,Kcc43b7bbd2ea35ad,K00925
B,"['S010-FOD-01', 'S013-MED-01']","['S013', 'S010']",2,11.0,0.04,1.7993391079112193,1826.645173963278,360.0,2627.210872294404,0.5501652230221952,1446.3802800948615,K0132361e3bf0186d,K00926
B,"['S010-MED-01', 'S013-FOD-01']","['S010', 'S013']",2,11.0,0.04,1.7998853861867894,1826.645173963278,360.0,2604.7615734432247,0.5500286534533027,1446.6170006809423,Kb03c533ae91909e9,K00927
B,"['S010-MED-01', 'S013-FOD-01', 'S013-MED-01']","['S013', 'S010']",3,14.0,0.052000000000000005,1.8266683746497732,1886.645173963278,390.0,2183.519919260164,0.5433329063375567,1458.2229623482351,K6600b45773d7b33d,K00931
B,"['S010-FOD-01', 'S010-MED-01', 'S013-MED-01']","['S010', 'S013']",3,14.0,0.052000000000000005,1.8271347824865896,1886.645173963278,390.0,2161.077287075651,0.5432163043783527,1458.4250724108556,K9f31499803732340,K00932
B,"['S010-FOD-01', 'S010-MED-01', 'S013-MED-01']","['S013', 'S010']",3,14.0,0.052000000000000005,1.8492879985017172,1886.645173963278,390.0,2183.519919260164,0.5376780003745707,1468.024799350744,K7a881ae5131d7da3,K00935
B,"['S010-MED-01', 'S013-FOD-01', 'S013-MED-01']","['S010', 'S013']",3,14.0,0.052000000000000005,1.8497574341163114,1886.645173963278,390.0,2161.077287075651,0.5375606414709222,1468.2282214504016,K78cf9adb697e64a7,K00936
B,"['S010-FOD-01', 'S013-FOD-01']","['S013', 'S010']",2,16.0,0.056,1.870437672985656,1826.645173963278,360.0,inf,0.532390581753586,1477.1896582937843,Ka356d2bdb0f3369e,K00938
B,"['S010-FOD-01', 'S013-FOD-01']","['S010', 'S013']",2,16.0,0.056,1.8707915785073415,1826.645173963278,360.0,inf,0.5323021053731647,1477.343017353181,Kfe701c3ecc5d8add,K00939
B,"['S010-MED-01', 'S013-WAT-01']","['S013', 'S010']",2,17.0,0.039,1.8751066856620762,1826.645173963278,360.0,2243.519919260164,0.531223328584481,1479.212897120233,K3bfff75947ec768b,K00940
B,"['S010-WAT-01', 'S013-MED-01']","['S010', 'S013']",2,17.0,0.039,1.8753803736683454,1826.645173963278,360.0,2221.077287075651,0.5311549065829136,1479.331495256283,K6f543f1b0232b146,K00941
B,"['S010-WAT-01', 'S013-MED-01']","['S013', 'S010']",2,17.0,0.039,1.909911801054943,1826.645173963278,360.0,2243.519919260164,0.5225220497362643,1494.2951137904752,K7618225b4e0ccfbb,K00944
B,"['S010-MED-01', 'S013-WAT-01']","['S010', 'S013']",2,17.0,0.039,1.9101896522556565,1826.645173963278,360.0,2221.077287075651,0.5224525869360859,1494.4155159774512,K10841b44e0074273,K00945
B,"['S010-MED-01', 'S014-MED-01']","['S010', 'S014']",2,6.0,0.024,1.928770006011156,2056.0488917593993,360.0,2171.2682792132796,0.517807498497211,1502.4670026048343,Ke26b98c91f158621,K00949
B,"['S010-MED-01', 'S014-MED-01']","['S014', 'S010']",2,6.0,0.024,1.935941511972635,2056.0488917593993,360.0,2014.1162014640424,0.5160146220068412,1505.5746551881418,Kf3e6a0d182adbc52,K00950
B,"['S010-FOD-01', 'S014-MED-01']","['S010', 'S014']",2,11.0,0.04,1.9792319813884338,2056.0488917593993,360.0,2171.2682792132796,0.5051920046528915,1524.3338586016546,Kf57e6e55d9378e55,K00960
B,"['S010-MED-01', 'S014-FOD-01']","['S010', 'S014']",2,11.0,0.04,1.9950183539985709,2056.0488917593993,360.0,2604.7615734432247,0.5012454115003573,1531.1746200660475,Ke7012a11d2bee980,K00962
B,"['S010-MED-01', 'S014-FOD-01']","['S014', 'S010']",2,11.0,0.04,1.9952838765405665,2056.0488917593993,360.0,2014.1162014640424,0.5011790308648584,1531.2896798342454,K46859bb4981f8124,K00963
B,"['S010-FOD-01', 'S014-MED-01']","['S014', 'S010']",2,11.0,0.04,2.01108160331737,2056.0488917593993,360.0,2447.569495693988,0.49722959917065745,1538.135361437527,Kd32e772b08bfc80f,K00970
B,"['S010-FOD-01', 'S010-MED-01', 'S014-MED-01']","['S010', 'S014']",3,14.0,0.052000000000000005,2.019013464278957,2116.0488917593993,390.0,2111.2682792132796,0.4952466339302608,1541.572501187548,Kc25459698105e8be,K00972
B,"['S010-MED-01', 'S014-FOD-01', 'S014-MED-01']","['S014', 'S010']",3,14.0,0.052000000000000005,2.0416546850960207,2116.0488917593993,390.0,1954.1162014640424,0.48958632872599483,1551.3836968749422,K594e06e40c94284d,K00979
B,"['S010-MED-01', 'S014-FOD-01', 'S014-MED-01']","['S010', 'S014']",3,14.0,0.052000000000000005,2.047541449828996,2116.0488917593993,390.0,2111.2682792132796,0.488114637542751,1553.9346282592317,K59561d8ff3c87eec,K00981
B,"['S010-FOD-01', 'S014-FOD-01']","['S010', 'S014']",2,16.0,0.056,2.065924546319123,2056.0488917593993,360.0,inf,0.4835188634202192,1561.9006367382867,K9088bc041b13d079,K00991
B,"['S010-WAT-01', 'S014-MED-01']","['S010', 'S014']",2,17.0,0.039,2.0672590554607124,2056.0488917593993,360.0,2171.2682792132796,0.4831852361348219,1562.4789240329753,K23fb1bee55671e87,K00992
B,"['S010-FOD-01', 'S010-MED-01', 'S014-MED-01']","['S014', 'S010']",3,14.0,0.052000000000000005,2.0702008373127265,2116.0488917593993,390.0,1954.1162014640424,0.48244979067181837,1563.7536961688481,K9651c5067f64a254,K00995
B,"['S010-FOD-01', 'S014-FOD-01']","['S014', 'S010']",2,16.0,0.056,2.0935808567610135,2056.0488917593993,360.0,inf,0.47660478580974663,1573.8850379297726,K92b5c1b5d3d7d63a,K01006
B,"['S010-MED-01', 'S014-WAT-01']","['S014', 'S010']",2,17.0,0.039,2.0976126749886683,2056.0488917593993,360.0,2014.1162014640424,0.4755968312528329,1575.6321591617561,Kd19badceb98d4f78,K01008
B,"['S010-MED-01', 'S014-WAT-01']","['S010', 'S014']",2,17.0,0.039,2.11119409404405,2056.0488917593993,360.0,2171.2682792132796,0.47220147648898747,1581.5174407524216,K6650ae6a935799da,K01016
B,"['S010-FOD-01', 'S010-MED-01', 'S014-FOD-01']","['S010', 'S014']",3,19.0,0.068,2.1207896418922214,2116.0488917593993,390.0,2544.7615734432247,0.46980258952694465,1585.6755114866294,K3fd3f839678b5a3a,K01022
B,"['S010-MED-01', 'S015-MED-01']","['S010', 'S015']",2,6.0,0.024,3.0766292337667385,2545.5735814291156,360.0,2604.7615734432247,0.23084269155831538,1999.8726679655865,K369b709c475b2f57,K01410
B,"['S010-MED-01', 'S015-MED-01']","['S015', 'S010']",2,6.0,0.024,3.0853019464470712,2545.5735814291156,360.0,1524.5915117943264,0.2286745133882322,2003.6308434603975,Ka076dd495ee8fc79,K01416
B,"['S010-FOD-01', 'S015-MED-01']","['S010', 'S015']",2,11.0,0.04,3.1270912091440164,2545.5735814291156,360.0,5265.150198657714,0.2182271977139959,2021.7395239624072,Kaa650e1ae8ee2aec,K01433
B,"['S010-MED-01', 'S015-FOD-01']","['S015', 'S010']",2,11.0,0.04,3.1497690900920037,2545.5735814291156,360.0,1524.5915117943264,0.21255772747699908,2031.5666057065348,K539463df637aa841,K01446
B,"['S010-FOD-01', 'S010-MED-01', 'S015-MED-01']","['S010', 'S015']",3,14.0,0.052000000000000005,3.166872692034539,2605.5735814291156,390.0,2544.7615734432247,0.20828182699136522,2038.9781665483001,K95fb5dec2c402d90,K01456
B,"['S010-MED-01', 'S015-FOD-01']","['S010', 'S015']",2,11.0,0.04,3.1964947901192216,2545.5735814291156,360.0,2604.7615734432247,0.2008763024701946,2051.8144090516626,K7952aa42146afeb1,K01468
C,"['S010-MED-01', 'S015-MED-01']","['S010', 'S015']",2,6.0,0.024,6.366755210433473,2729.5672520834123,360.0,2539.8288175024695,0.2041555986958159,2557.662869492399,K63161249f61f8027,K01694
C,"['S010-MED-01', 'S015-MED-01']","['S015', 'S010']",2,6.0,0.024,6.372667430402824,2729.5672520834123,360.0,1376.993930414118,0.20341657119964696,2559.264095734098,K95fe0b72ff497c48,K01696
C,"['S010-FOD-01', 'S015-MED-01']","['S010', 'S015']",2,11.0,0.04,6.3976773447437205,2729.5672520834123,360.0,5132.053070565266,0.20029033190703494,2566.0376142014243,K516976f1e1bcde42,K01701
B,"['S011-MED-01', 'S012-MED-01']","['S011', 'S012']",2,6.0,0.024,2.604528305897697,2233.928496744863,360.0,2017.5549103297308,0.3488679235255757,1795.2955992223353,K140ef70dd1ac25e2,K01197
B,"['S011-MED-01', 'S012-MED-01']","['S012', 'S011']",2,6.0,0.024,2.6325352975663994,2233.9284967448625,360.0,2418.6565929254066,0.34186617560840016,1807.431962278773,Kc66f0c49edadaf48,K01210
B,"['S011-FOD-01', 'S012-MED-01']","['S011', 'S012']",2,11.0,0.04,2.633897001847029,2233.928496744863,360.0,2017.5549103297308,0.3415257495382428,1808.0220341337124,Kbb8344ce8fa16c64,K01211
B,"['S011-FOD-01', 'S011-MED-01', 'S012-MED-01']","['S011', 'S012']",3,14.0,0.052000000000000005,2.657096253864087,2293.928496744863,390.0,1957.5549103297308,0.3357259365339782,1818.0750433411044,K8b8082cf0e7c2ae5,K01220
B,"['S011-WAT-01', 'S012-MED-01']","['S011', 'S012']",2,17.0,0.039,2.6852630573282745,2233.928496744863,360.0,2017.5549103297308,0.32868423566793137,1830.2806581755856,Ka8d6697dde28b87f,K01231
B,"['S011-MED-01', 'S012-FOD-01']","['S011', 'S012']",2,11.0,0.04,2.6861547802244887,2233.928496744863,360.0,9983.600951903074,0.3284613049438778,1830.6670714306117,K745afd073c09aff0,K01232
B,"['S011-MED-01', 'S012-FOD-01']","['S012', 'S011']",2,11.0,0.04,2.7068894915751085,2233.9284967448625,360.0,8848.097218018731,0.3232776271062229,1839.6521130158803,Kd3c8a3f581ed77ec,K01240
B,"['S011-MED-01', 'S011-WAT-01', 'S012-MED-01']","['S011', 'S012']",3,20.0,0.051000000000000004,2.719480087076525,2293.928496744863,390.0,1957.5549103297308,0.32012997823086875,1845.108037733161,Ka8d51d3a56c43ad5,K01246
B,"['S011-FOD-01', 'S012-FOD-01']","['S011', 'S012']",2,16.0,0.056,2.727522105677081,2233.928496744863,360.0,inf,0.3181194735807298,1848.5929124600682,Kce4af00fe448dfd5,K01250
B,"['S011-MED-01', 'S012-FOD-01', 'S012-MED-01']","['S011', 'S012']",3,14.0,0.052000000000000005,2.753586868413464,2293.928496744863,390.0,1957.5549103297308,0.31160328289663397,1859.8876429791678,K93d925a1d289b8bf,K01261
B,"['S011-FOD-01', 'S012-MED-01']","['S012', 'S011']",2,11.0,0.04,2.757866141480346,2233.9284967448625,360.0,2418.6565929254066,0.3105334646299135,1861.7419946414834,K3abc566af3a08433,K01263
B,"['S011-FOD-01', 'S011-MED-01', 'S012-FOD-01']","['S011', 'S012']",3,19.0,0.068,2.759573869905835,2293.928496744863,390.0,9923.600951903074,0.31010653252354126,1862.4820102925285,K9b97a2a8bd33186d,K01265
B,"['S011-MED-01', 'S012-FOD-01', 'S012-MED-01']","['S012', 'S011']",3,14.0,0.052000000000000005,2.7661838000416563,2293.9284967448625,390.0,2358.6565929254066,0.3084540499895859,1865.3463133513842,K17b1df7f77878969,K01267
B,"['S011-FOD-01', 'S011-WAT-01', 'S012-MED-01']","['S011', 'S012']",3,25.0,0.067,2.794648744520759,2293.928496744863,390.0,1957.5549103297308,0.3013378138698103,1877.6811226256623,K9bc043b41691b2eb,K01280
B,"['S011-WAT-01', 'S012-FOD-01']","['S011', 'S012']",2,22.0,0.055,2.7986741032854394,2233.928496744863,360.0,9983.600951903074,0.30033147417864015,1879.4254447570238,K19e4f0c5308b9298,K01281
B,"['S011-FOD-01', 'S012-FOD-01', 'S012-MED-01']","['S011', 'S012']",3,19.0,0.068,2.803806706077752,2293.928496744863,390.0,1957.5549103297308,0.299048323480562,1881.6495726336925,K15b015d0b078c704,K01283
B,"['S011-MED-01', 'S013-MED-01']","['S011', 'S013']",2,6.0,0.024,1.9674626137706026,1859.1454201439708,360.0,2188.5770408949584,0.5081343465573493,1519.2337993005947,K5fa1c183cacf32c6,K00955
B,"['S011-MED-01', 'S013-MED-01']","['S013', 'S011']",2,6.0,0.024,1.979859802084453,1859.1454201439706,360.0,2627.210872294404,0.5050350494788868,1524.6059142365962,K5779fbba3aa1a8c8,K00961
B,"['S011-FOD-01', 'S013-MED-01']","['S011', 'S013']",2,11.0,0.04,1.9968313097199344,1859.1454201439708,360.0,2188.5770408949584,0.5007921725700164,1531.9602342119717,K8279dfb4715cfebe,K00965
B,"['S011-FOD-01', 'S011-MED-01', 'S013-MED-01']","['S011', 'S013']",3,14.0,0.052000000000000005,2.0200305617369927,1919.1454201439708,390.0,2128.5770408949584,0.4949923595657518,1542.0132434193636,Kebb516e4fb947cb8,K00973
B,"['S011-MED-01', 'S013-FOD-01']","['S013', 'S011']",2,11.0,0.04,2.030237002853116,1859.1454201439706,360.0,9222.880294619623,0.492440749286721,1546.4360345696837,K89d1654e3da0802f,K00977
B,"['S011-MED-01', 'S013-FOD-01']","['S011', 'S013']",2,11.0,0.04,2.0366008752652065,1859.1454201439708,360.0,9983.600951903074,0.4908497811836984,1549.1937126149228,K9f6773e1f0723994,K00978
B,"['S011-WAT-01', 'S013-MED-01']","['S011', 'S013']",2,17.0,0.039,2.0481973652011796,1859.1454201439708,360.0,2188.5770408949584,0.4879506586997051,1554.2188582538445,K61429c6d1f85dc56,K00982
B,"['S011-FOD-01', 'S013-MED-01']","['S013', 'S011']",2,11.0,0.04,2.067364832287277,1859.1454201439706,360.0,2627.210872294404,0.4831587919281808,1562.52476065782,K6c3fdcf66276f143,K00993
B,"['S011-MED-01', 'S013-FOD-01', 'S013-MED-01']","['S013', 'S011']",3,14.0,0.052000000000000005,2.0700964638212818,1919.1454201439706,390.0,2567.210872294404,0.48247588404467956,1563.7084676558884,Kd5ad721b06131f21,K00994
B,"['S011-FOD-01', 'S013-FOD-01']","['S011', 'S013']",2,16.0,0.056,2.0779682007177986,1859.1454201439708,360.0,inf,0.48050794982055034,1567.1195536443793,K837ff77d41babe76,K00999
B,"['S011-MED-01', 'S011-WAT-01', 'S013-MED-01']","['S011', 'S013']",3,20.0,0.051000000000000004,2.0824143949494305,1919.1454201439708,390.0,2128.5770408949584,0.4793964012626424,1569.0462378114198,Kab7d3f2844954190,K01003
B,"['S011-MED-01', 'S013-FOD-01', 'S013-MED-01']","['S011', 'S013']",3,14.0,0.052000000000000005,2.0934236561853163,1919.1454201439708,390.0,2128.5770408949584,0.4766440859536709,1573.8169176803037,Kcdabe5806e2723e7,K01005
B,"['S011-FOD-01', 'S011-MED-01', 'S013-FOD-01']","['S011', 'S013']",3,19.0,0.068,2.1100199649465528,1919.1454201439708,390.0,9923.600951903074,0.4724950087633618,1581.0086514768395,K380ee35c3629f1a5,K01014
B,"['S011-MED-01', 'S013-WAT-01']","['S013', 'S011']",2,17.0,0.039,2.1185347748335848,1859.1454201439706,360.0,2627.210872294404,0.4703663062916038,1584.6984024278865,K93714da43ed65d52,K01019
B,"['S011-FOD-01', 'S013-FOD-01']","['S013', 'S011']",2,16.0,0.056,2.138463397361714,1859.1454201439706,360.0,inf,0.4653841506595715,1593.3341388567426,K48f32c1962d87a79,K01028
B,"['S011-FOD-01', 'S011-MED-01', 'S013-MED-01']","['S013', 'S011']",3,14.0,0.052000000000000005,2.1392627804918276,1919.1454201439706,390.0,2597.210872294404,0.4651843048770431,1593.6805382131251,K9edac40056c51393,K01029
B,"['S011-MED-01', 'S014-MED-01']","['S011', 'S014']",2,6.0,0.024,2.4326028808989957,2341.442233167408,360.0,1885.874937805271,0.3918492797752511,1720.794581722898,K6cdb3be833008bc8,K01107
B,"['S011-MED-01', 'S014-MED-01']","['S014', 'S011']",2,6.0,0.024,2.4526311864801693,2341.442233167408,360.0,2447.569495693988,0.38684220337995767,1729.473514141407,K319ba425b1b3465e,K01115
B,"['S011-FOD-01', 'S014-MED-01']","['S011', 'S014']",2,11.0,0.04,2.4619715768483275,2341.442233167408,360.0,1885.874937805271,0.38450710578791814,1733.5210166342754,K89a88b091450b825,K01121
B,"['S011-FOD-01', 'S011-MED-01', 'S014-MED-01']","['S011', 'S014']",3,14.0,0.052000000000000005,2.4851708288653853,2401.442233167408,390.0,1825.874937805271,0.37870729278365367,1743.5740258416668,K9e7bc7f9e45c1cbc,K01130
B,"['S011-MED-01', 'S014-FOD-01']","['S014', 'S011']",2,11.0,0.04,2.5119735510481007,2341.442233167408,360.0,8740.583481596186,0.3720066122379748,1755.1885387875104,K6a5148429904863c,K01143
B,"['S011-WAT-01', 'S014-MED-01']","['S011', 'S014']",2,17.0,0.039,2.5133376323295726,2341.442233167408,360.0,1885.874937805271,0.37166559191760684,1755.7796406761481,K7707783bbc0a906b,K01144
B,"['S011-MED-01', 'S014-FOD-01']","['S011', 'S014']",2,11.0,0.04,2.519539621716695,2341.442233167408,360.0,9983.600951903074,0.37011509457082625,1758.4671694105677,Kb4a7238516746c30,K01151
B,"['S011-MED-01', 'S011-WAT-01', 'S014-MED-01']","['S011', 'S014']",3,20.0,0.051000000000000004,2.5475546620778236,2401.442233167408,390.0,1825.874937805271,0.3631113344805441,1770.6070202337237,Ke5f973a16cd960e1,K01161
B,"['S011-MED-01', 'S014-FOD-01', 'S014-MED-01']","['S014', 'S011']",3,14.0,0.052000000000000005,2.5583443596035553,2401.442233167408,390.0,2387.569495693988,0.36041391009911117,1775.2825558282073,K20a0fa983df9d584,K01170
B,"['S011-FOD-01', 'S014-FOD-01']","['S011', 'S014']",2,16.0,0.056,2.560906947169287,2341.442233167408,360.0,inf,0.3597732632076782,1776.3930104400242,K6c9761aceac52e26,K01172
B,"['S011-FOD-01', 'S014-MED-01']","['S014', 'S011']",2,11.0,0.04,2.566913106333135,2341.442233167408,360.0,2447.569495693988,0.3582717234167162,1778.9956794110253,K3a7f8fd6229dbc87,K01176
B,"['S011-MED-01', 'S014-FOD-01', 'S014-MED-01']","['S011', 'S014']",3,14.0,0.052000000000000005,2.590573998756472,2401.442233167408,390.0,1825.874937805271,0.35235650031088195,1789.2487327944714,K164c28567f2841e1,K01184
B,"['S011-FOD-01', 'S011-MED-01', 'S014-FOD-01']","['S011', 'S014']",3,19.0,0.068,2.5929587113980417,2401.442233167408,390.0,9923.600951903074,0.3517603221504896,1790.282108272485,K2b2b27bbc360a544,K01188
B,"['S011-MED-01', 'S014-WAT-01']","['S014', 'S011']",2,17.0,0.039,2.6143023494962025,2341.442233167408,360.0,2447.569495693988,0.34642441262594936,1799.531018115021,Kd7f4e5a452e90d88,K01201
B,"['S011-FOD-01', 'S011-WAT-01', 'S014-MED-01']","['S011', 'S014']",3,25.0,0.067,2.6227233195220574,2401.442233167408,390.0,1825.874937805271,0.34431917011948565,1803.1801051262248,Kbc10f93f6fbc2ca0,K01202
B,"['S011-WAT-01', 'S014-FOD-01']","['S011', 'S014']",2,22.0,0.055,2.632058944777646,2341.442233167408,360.0,9983.600951903074,0.34198526380558847,1807.2255427369803,K4f49d1fd8f09d226,K01209
B,"['S011-MED-01', 'S015-MED-01']","['S011', 'S015']",2,6.0,0.024,1.9429367812915264,2009.1423406625154,360.0,5801.581439424314,0.5142658046771185,1508.6059385596616,K3f667f20a64de0e7,K00951
B,"['S011-MED-01', 'S015-MED-01']","['S015', 'S011']",2,6.0,0.024,1.964466293591554,2009.1423406625154,360.0,6072.39621991317,0.5088834266021115,1517.9353938896736,K393cde1ed8ed7bb7,K00954
B,"['S011-FOD-01', 'S015-MED-01']","['S011', 'S015']",2,11.0,0.04,1.9723054772408584,2009.1423406625154,360.0,5801.581439424314,0.5069236306897854,1521.3323734710389,Kd625cb65ca953d8b,K00958
B,"['S011-FOD-01', 'S011-MED-01', 'S015-MED-01']","['S011', 'S015']",3,14.0,0.052000000000000005,1.9955047292579164,2069.1423406625154,390.0,5741.581439424314,0.5011238176855208,1531.3853826784307,Kbcc4f2df2790b08c,K00964
B,"['S011-MED-01', 'S015-FOD-01']","['S011', 'S015']",2,11.0,0.04,2.0036548469346593,2009.1423406625154,360.0,9983.600951903074,0.49908628826633517,1534.9171003383524,K05123230249ebf7d,K00967
B,"['S011-WAT-01', 'S015-MED-01']","['S011', 'S015']",2,17.0,0.039,2.0236715327221035,2009.1423406625154,360.0,5801.581439424314,0.4940821168194741,1543.5909975129114,Ka6f1ce80a99b8778,K00974
B,"['S011-MED-01', 'S015-FOD-01']","['S015', 'S011']",2,11.0,0.04,2.0289334372364864,2009.1423406625154,360.0,9072.883374101079,0.4927666406908784,1545.8711561358107,K0770ec3cda939728,K00976
B,"['S011-FOD-01', 'S015-FOD-01']","['S011', 'S015']",2,16.0,0.056,2.0450221723872515,2009.1423406625154,360.0,inf,0.48874445690318713,1552.8429413678089,K218e5d0757a909c7,K00980
B,"['S011-MED-01', 'S015-FOD-01', 'S015-MED-01']","['S011', 'S015']",3,14.0,0.052000000000000005,2.0521200351323,2069.1423406625154,390.0,5741.581439424314,0.48696999121692497,1555.9186818906633,Ka5e1ed7b8047fb90,K00985
B,"['S011-FOD-01', 'S015-MED-01']","['S015', 'S011']",2,11.0,0.04,2.055317251374732,2009.1423406625154,360.0,6072.39621991317,0.48617068715631695,1557.304142262384,Kc7224a7b521202eb,K00986
B,"['S011-MED-01', 'S011-WAT-01', 'S015-MED-01']","['S011', 'S015']",3,20.0,0.051000000000000004,2.0578885624703545,2069.1423406625154,390.0,5741.581439424314,0.4855278593824114,1558.4183770704872,Ke03667ffb3a1d0ed,K00987
B,"['S011-FOD-01', 'S011-MED-01', 'S015-FOD-01']","['S011', 'S015']",3,19.0,0.068,2.077073936616006,2069.1423406625154,390.0,9923.600951903074,0.4807315158459985,1566.7320392002694,K4c0c76989789fd2e,K00998
B,"['S011-MED-01', 'S015-FOD-01', 'S015-MED-01']","['S015', 'S011']",3,14.0,0.052000000000000005,2.079551545808753,2069.1423406625154,390.0,6012.39621991317,0.4801121135478118,1567.8056698504595,Kb305f4e44b25be5b,K01000
B,"['S011-FOD-01', 'S015-FOD-01', 'S015-MED-01']","['S011', 'S015']",3,19.0,0.068,2.1023398727965885,2069.1423406625154,390.0,5741.581439424314,0.47441503180085287,1577.6806115451884,Kaa44c65b05b1ef0c,K01010
B,"['S011-MED-01', 'S015-WAT-01']","['S011', 'S015']",2,17.0,0.039,2.1108157801865195,2009.1423406625154,360.0,9401.581439424313,0.4722960549533701,1581.3535047474918,K54d327b2847440b3,K01015
B,"['S011-WAT-01', 'S015-FOD-01']","['S011', 'S015']",2,22.0,0.055,2.1161741699956105,2009.1423406625154,360.0,9983.600951903074,0.4709564575010974,1583.6754736647645,K769adddedde37daa,K01017
B,"['S012-MED-01', 'S013-MED-01']","['S013', 'S012']",2,6.0,0.024,2.3174172608886097,2085.594415541581,360.0,2165.888991533013,0.4206456847778476,1670.880813051731,Kdc934a24d5db4d9d,K01079
B,"['S012-MED-01', 'S013-MED-01']","['S012', 'S013']",2,6.0,0.024,2.3330270642434616,2085.594415541581,360.0,1962.1280454973485,0.4167432339391346,1677.6450611721666,Kaed0a30f88989c43,K01086
B,"['S012-MED-01', 'S013-FOD-01']","['S013', 'S012']",2,11.0,0.04,2.3677944616572724,2085.594415541581,360.0,2165.888991533013,0.4080513845856819,1692.710933384818,K4c36e2fed3fef945,K01091
B,"['S012-FOD-01', 'S013-MED-01']","['S013', 'S012']",2,11.0,0.04,2.3893786938316994,2085.594415541581,360.0,2627.210872294404,0.40265532654207514,1702.0641006604033,K1d18eeee94a101c6,K01096
B,"['S012-FOD-01', 'S013-MED-01']","['S012', 'S013']",2,11.0,0.04,2.4073812582521708,2085.594415541581,360.0,1962.1280454973485,0.3981546854369573,1709.865211909274,Kc105898d657f963c,K01098
B,"['S012-MED-01', 'S013-FOD-01', 'S013-MED-01']","['S013', 'S012']",3,14.0,0.052000000000000005,2.407653922625438,2145.594415541581,390.0,2105.888991533013,0.3980865193436405,1709.9833664710231,K3128887ffa6ce2dc,K01099
B,"['S012-MED-01', 'S013-FOD-01']","['S012', 'S013']",2,11.0,0.04,2.4303260980654864,2085.594415541581,360.0,2418.6565929254066,0.3924184754836284,1719.8079758283775,K7627f303fdb91286,K01105
B,"['S012-FOD-01', 'S012-MED-01', 'S013-MED-01']","['S013', 'S012']",3,14.0,0.052000000000000005,2.4475140155397943,2145.594415541581,390.0,2105.888991533013,0.3881214961150514,1727.2560734005774,Kd5ac4cad460f987e,K01112
B,"['S012-MED-01', 'S013-WAT-01']","['S013', 'S012']",2,17.0,0.039,2.456092233637741,2085.594415541581,360.0,2165.888991533013,0.3859769415905647,1730.9733012430213,K278611d553f67f32,K01116
B,"['S012-FOD-01', 'S013-FOD-01']","['S013', 'S012']",2,16.0,0.056,2.4604772589061366,2085.594415541581,360.0,inf,0.38488068527346586,1732.8734788593258,K70fb522d7a0a2844,K01119
B,"['S012-FOD-01', 'S012-MED-01', 'S013-MED-01']","['S012', 'S013']",3,14.0,0.052000000000000005,2.4666755667187186,2145.594415541581,390.0,1902.1280454973485,0.38333110832032036,1735.559412244778,K4d3cbe3f8ccf9f03,K01123
B,"['S012-MED-01', 'S013-FOD-01', 'S013-MED-01']","['S012', 'S013']",3,14.0,0.052000000000000005,2.5087126318552966,2145.594415541581,390.0,1902.1280454973485,0.37282184203617585,1753.7754738039616,K8cade71846dc4995,K01140
B,"['S012-MED-01', 'S013-MED-01', 'S013-WAT-01']","['S013', 'S012']",3,20.0,0.051000000000000004,2.514979149878699,2145.594415541581,390.0,2105.888991533013,0.37125521253032523,1756.4909649474364,Kb040cc09f01e72d1,K01147
B,"['S012-FOD-01', 'S013-FOD-01', 'S013-MED-01']","['S013', 'S012']",3,19.0,0.068,2.5156248101107765,2145.594415541581,390.0,2567.210872294404,0.37109379747230586,1756.770751048003,K15852b6104c4c86d,K01148
B,"['S012-WAT-01', 'S013-MED-01']","['S013', 'S012']",2,17.0,0.039,2.518569239158378,2085.594415541581,360.0,2165.888991533013,0.37035769021040554,1758.0466703019636,Kac584efc4e319986,K01150
B,"['S012-FOD-01', 'S012-MED-01', 'S013-FOD-01']","['S013', 'S012']",3,19.0,0.068,2.5339006708507057,2145.594415541581,390.0,2105.888991533013,0.3665248322873236,1764.6902907019726,K8195243eebf87983,K01157
B,"['S012-MED-01', 'S014-MED-01']","['S014', 'S012']",2,6.0,0.024,2.8548902478202898,2508.185456882562,360.0,1743.2979501920317,0.28627743804492756,1903.785774055459,Kd68dd27ba69063ef,K01309
B,"['S012-MED-01', 'S014-MED-01']","['S012', 'S014']",2,6.0,0.024,2.8628689339078184,2508.1854568825615,360.0,1719.1317140901174,0.2842827665230454,1907.2432046933882,K6c478c44d8a42a26,K01314
B,"['S012-MED-01', 'S014-FOD-01']","['S014', 'S012']",2,11.0,0.04,2.9142326123882207,2508.185456882562,360.0,1743.2979501920317,0.2714418469029448,1929.5007987015622,K9c14fb297b56de10,K01332
B,"['S012-FOD-01', 'S014-MED-01']","['S012', 'S014']",2,11.0,0.04,2.9372231279165266,2508.1854568825615,360.0,1719.1317140901174,0.26569421802086834,1939.4633554304949,Kab19ae3a734d593b,K01341
B,"['S012-FOD-01', 'S014-MED-01']","['S014', 'S012']",2,11.0,0.04,2.955810219131947,2508.185456882562,360.0,2447.569495693988,0.2610474452170133,1947.5177616238439,K246eee489f77a0e2,K01356
B,"['S012-MED-01', 'S014-FOD-01', 'S014-MED-01']","['S014', 'S012']",3,14.0,0.052000000000000005,2.9606034209436753,2568.185456882562,390.0,1683.2979501920317,0.25984914476408116,1949.594815742259,K1db1c2ebef97a051,K01360
B,"['S012-MED-01', 'S014-FOD-01']","['S012', 'S014']",2,11.0,0.04,2.980148095771364,2508.1854568825615,360.0,2418.6565929254066,0.254962976057159,1958.0641748342578,Kdd690de79ddf6ceb,K01368
B,"['S012-FOD-01', 'S012-MED-01', 'S014-MED-01']","['S012', 'S014']",3,14.0,0.052000000000000005,2.9965174363830744,2568.1854568825615,390.0,1659.1317140901174,0.2508706409042314,1965.157555765999,K830350ac7e1b12b8,K01378
B,"['S012-MED-01', 'S014-WAT-01']","['S014', 'S012']",2,17.0,0.039,3.0165614108363226,2508.185456882562,360.0,1743.2979501920317,0.24585964729091936,1973.8432780290732,Ke34686e5165a39b8,K01391
B,"['S012-FOD-01', 'S012-MED-01', 'S014-MED-01']","['S014', 'S012']",3,14.0,0.052000000000000005,3.037301069206942,2568.185456882562,390.0,1683.2979501920317,0.24067473269826445,1982.8304633230082,K50ff0a911eaf49f0,K01398
B,"['S012-FOD-01', 'S014-FOD-01']","['S014', 'S012']",2,16.0,0.056,3.0383094725755906,2508.185456882562,360.0,inf,0.24042263185610235,1983.2674381160894,Ke39385ddc7416b82,K01400
B,"['S012-WAT-01', 'S014-MED-01']","['S012', 'S014']",2,17.0,0.039,3.0688867012859147,2508.1854568825615,360.0,1719.1317140901174,0.23277832467852133,1996.5175705572299,Kf295ded910ca7b77,K01408
B,"['S012-MED-01', 'S014-FOD-01', 'S014-MED-01']","['S012', 'S014']",3,14.0,0.052000000000000005,3.07537086242412,2568.1854568825615,390.0,1659.1317140901174,0.23115728439397,1999.3273737171187,K0507c70d8a07b013,K01409
B,"['S012-MED-01', 'S014-MED-01', 'S014-WAT-01']","['S014', 'S012']",3,20.0,0.051000000000000004,3.0841961024468545,2568.185456882562,390.0,1683.2979501920317,0.22895097438828638,2003.1516443936368,K5544c5c8696559b0,K01415
B,"['S012-FOD-01', 'S014-FOD-01']","['S012', 'S014']",2,16.0,0.056,3.0860835546587717,2508.1854568825615,360.0,inf,0.22847911133530707,2003.9695403521346,Kf724ba9f13230d3e,K01417
B,"['S012-FOD-01', 'S014-FOD-01', 'S014-MED-01']","['S014', 'S012']",3,19.0,0.068,3.1017652858394102,2568.185456882562,390.0,2387.569495693988,0.22455867854014744,2010.7649571970778,K127479a328621a38,K01425
B,"['S013-MED-01', 'S014-MED-01']","['S013', 'S014']",2,6.0,0.024,2.126492396286058,2122.026057485695,360.0,2105.2911134869837,0.4683769009284855,1588.146705057292,Keacac5c396e34b6d,K01023
B,"['S013-MED-01', 'S014-MED-01']","['S014', 'S013']",2,6.0,0.024,2.134123513553382,2122.0260574856957,360.0,1925.6964035532337,0.46646912161165455,1591.453522539799,K81b82926c641723e,K01026
B,"['S013-FOD-01', 'S014-MED-01']","['S013', 'S014']",2,11.0,0.04,2.176869597054721,2122.026057485695,360.0,2105.2911134869837,0.4557826007363197,1609.976825390379,K35861d275ab398ad,K01037
B,"['S013-MED-01', 'S014-FOD-01']","['S014', 'S013']",2,11.0,0.04,2.193465878121313,2122.0260574856957,360.0,1925.6964035532337,0.4516335304696717,1617.1685471859023,Kf74adf9d2cd4d857,K01045
B,"['S013-MED-01', 'S014-FOD-01']","['S013', 'S014']",2,11.0,0.04,2.2021882517635687,2122.026057485695,360.0,2627.210872294404,0.4494529370591078,1620.9482424308796,K47072f7504429637,K01048
B,"['S013-FOD-01', 'S013-MED-01', 'S014-MED-01']","['S013', 'S014']",3,14.0,0.052000000000000005,2.216729058022887,2182.026057485695,390.0,2045.2911134869837,0.4458177354942783,1627.2492584765844,K95fc6a5f9910bcce,K01052
B,"['S013-FOD-01', 'S014-MED-01']","['S014', 'S013']",2,11.0,0.04,2.218797779357938,2122.0260574856957,360.0,2447.569495693988,0.4453005551605155,1628.14570438844,K0a91bcce742de113,K01053
B,"['S013-MED-01', 'S014-FOD-01', 'S014-MED-01']","['S014', 'S013']",3,14.0,0.052000000000000005,2.2398366866767674,2182.0260574856957,390.0,1865.6964035532337,0.44004082833080815,1637.2625642265994,K5fcb4246ec787478,K01061
B,"['S013-MED-01', 'S014-FOD-01', 'S014-MED-01']","['S013', 'S014']",3,14.0,0.052000000000000005,2.2630716947220986,2182.026057485695,390.0,2045.2911134869837,0.43423207631947536,1647.3310677129093,K25f6577065f3066c,K01068
B,"['S013-WAT-01', 'S014-MED-01']","['S013', 'S014']",2,17.0,0.039,2.26516736903519,2122.026057485695,360.0,2105.2911134869837,0.4337081577412025,1648.2391932485825,K89fb157f5c1015b0,K01069
B,"['S013-FOD-01', 'S014-FOD-01']","['S013', 'S014']",2,16.0,0.056,2.2732868168380054,2122.026057485695,360.0,inf,0.43167829579049866,1651.7576206298024,Kbac9dfd5ea2cd8df,K01070
B,"['S013-FOD-01', 'S013-MED-01', 'S014-MED-01']","['S014', 'S013']",3,14.0,0.052000000000000005,2.2862005178204234,2182.0260574856957,390.0,1865.6964035532337,0.42844987054489414,1657.3535577221835,Ke0f361ba48ec7219,K01072
B,"['S013-MED-01', 'S014-WAT-01']","['S014', 'S013']",2,17.0,0.039,2.2957946765694146,2122.0260574856957,360.0,1925.6964035532337,0.42605133085764635,1661.5110265134128,Kf43f37a1634b27af,K01075
B,"['S013-FOD-01', 'S014-FOD-01']","['S014', 'S013']",2,16.0,0.056,2.3012970328015814,2122.0260574856957,360.0,inf,0.42467574179960466,1663.8953808806853,Kab96acd31c90bd2a,K01076
B,"['S013-MED-01', 'S013-WAT-01', 'S014-MED-01']","['S013', 'S014']",3,20.0,0.051000000000000004,2.3240542852761474,2182.026057485695,390.0,2045.2911134869837,0.41898642868096314,1673.7568569529972,Kce49ad49bd7fe681,K01083
B,"['S013-FOD-01', 'S013-MED-01', 'S014-FOD-01']","['S013', 'S014']",3,19.0,0.068,2.3284343680426454,2182.026057485695,390.0,2567.210872294404,0.41789140798933866,1675.6548928184798,K366e1b5127e8d3e0,K01084
B,"['S013-MED-01', 'S015-MED-01']","['S013', 'S015']",2,6.0,0.024,2.943891015802352,2438.3654414324874,360.0,2627.210872294404,0.26402724604941197,1942.3527735143525,Kaa9aa30693cc9c3a,K01349
B,"['S013-MED-01', 'S015-MED-01']","['S015', 'S013']",2,6.0,0.024,2.9530233397885293,2438.3654414324874,360.0,1609.3570196064416,0.2617441650528677,1946.3101139083628,Kdd0e7f2721cb4184,K01351
B,"['S013-FOD-01', 'S015-MED-01']","['S013', 'S015']",2,11.0,0.04,2.9942682165710153,2438.3654414324874,360.0,5372.358338654342,0.2514329458572462,1964.18289384744,K721e378ddf0ab262,K01374
B,"['S013-MED-01', 'S015-FOD-01']","['S015', 'S013']",2,11.0,0.04,3.0174904834334617,2438.3654414324874,360.0,1609.3570196064416,0.24562737914163457,1974.2458761545001,K12ea1ff364c9953b,K01392
B,"['S013-FOD-01', 'S013-MED-01', 'S015-MED-01']","['S013', 'S015']",3,14.0,0.052000000000000005,3.034127677539181,2498.3654414324874,390.0,2567.210872294404,0.24146808061520475,1981.4553269336452,K60a10306ca67f0d6,K01397
B,"['S013-MED-01', 'S015-FOD-01']","['S013', 'S015']",2,11.0,0.04,3.0570153751560074,2438.3654414324874,360.0,2627.210872294404,0.23574615621099815,1991.3733292342697,K2284810c51181611,K01405
B,"['S013-MED-01', 'S015-FOD-01', 'S015-MED-01']","['S015', 'S013']",3,14.0,0.052000000000000005,3.068108592005728,2498.3654414324874,390.0,1549.3570196064416,0.232972851998568,1996.1803898691487,Kdde449794bb4b6fd,K01407
B,"['S013-FOD-01', 'S015-MED-01']","['S015', 'S013']",2,11.0,0.04,3.0779138225740095,2438.3654414324874,360.0,6072.39621991317,0.23052154435649763,2000.429323115404,K4a19e4f173209d68,K01411
B,"['S013-WAT-01', 'S015-MED-01']","['S013', 'S015']",2,17.0,0.039,3.082565988551484,2438.3654414324874,360.0,2627.210872294404,0.229358502862129,2002.4452617056434,Kb460a31a8582f7bd,K01413
B,"['S013-FOD-01', 'S015-FOD-01']","['S013', 'S015']",2,16.0,0.056,3.128113940230444,2438.3654414324874,360.0,inf,0.21797151494238898,2022.1827074331925,Kc8a255817aa72bb4,K01434
B,"['S013-MED-01', 'S015-WAT-01']","['S015', 'S013']",2,17.0,0.039,3.1293579986497924,2438.3654414324874,360.0,1609.3570196064416,0.2176605003375519,2022.7217994149098,K160748fdc6ebc434,K01435
B,"['S013-MED-01', 'S013-WAT-01', 'S015-MED-01']","['S013', 'S015']",3,20.0,0.051000000000000004,3.141452904792441,2498.3654414324874,390.0,2567.210872294404,0.21463677380188972,2027.9629254100578,Kd558d2f567d08fb2,K01441
B,"['S013-MED-01', 'S015-FOD-01', 'S015-MED-01']","['S013', 'S015']",3,14.0,0.052000000000000005,3.1500977324397024,2498.3654414324874,390.0,2597.210872294404,0.2124755668900744,2031.7090173905376,K006572b7dfa14b33,K01447
B,"['S013-FOD-01', 'S015-FOD-01']","['S015', 'S013']",2,16.0,0.056,3.168059815861448,2438.3654414324874,360.0,inf,0.20798504603463797,2039.4925868732944,K9e181d071f18eac2,K01457
B,"['S013-FOD-01', 'S013-MED-01', 'S015-MED-01']","['S015', 'S013']",3,14.0,0.052000000000000005,3.1803605357951383,2498.3654414324874,390.0,1549.3570196064416,0.20490986605121542,2044.8228988445599,K2842364795965452,K01464
B,"['S013-FOD-01', 'S013-MED-01', 'S015-FOD-01']","['S013', 'S015']",3,19.0,0.068,3.183261491435084,2498.3654414324874,390.0,2567.210872294404,0.20418462714122898,2046.0799796218696,K574fc8dd2b422bee,K01465
B,"['S007-MED-01', 'S009-MED-01', 'S011-MED-01']","['S009', 'S011', 'S007']",3,9.0,0.036000000000000004,2.745740679928662,2560.6363435333974,390.0,1549.8784764971433,0.31356483001783453,1856.487627969087,K748be912499defe9,K01706
B,"['S007-MED-01', 'S009-MED-01', 'S011-FOD-01']","['S007', 'S011', 'S009']",3,14.0,0.052000000000000005,2.822537667967466,2560.636343533398,390.0,2534.205179969459,0.29436558300813354,1889.766322785902,K5a29b4e5dc4aec3e,K01708
B,"['S007-MED-01', 'S009-FOD-01', 'S011-MED-01']","['S009', 'S007', 'S011']",3,14.0,0.052000000000000005,2.9393967742088183,2570.882479631404,390.0,1801.1643015623522,0.26515080644779543,1940.4052688238212,K3832edbcf7e5c39a,K01713
B,"['S007-MED-01', 'S009-FOD-01', 'S011-FOD-01']","['S007', 'S011', 'S009']",3,19.0,0.068,2.9782816356574418,2560.636343533398,390.0,2534.205179969459,0.25542959108563956,1957.2553754515582,Kdf6e2c1fcfa0284e,K01717
B,"['S007-HYG-01', 'S009-MED-01', 'S011-MED-01']","['S011', 'S009', 'S007']",3,12.0,0.059000000000000004,2.9710494315751412,2662.1071593034526,390.0,9416.421926997558,0.2572376421062147,1954.121420349228,K4d3aef880d31a252,K01716
B,"['S007-MED-01', 'S010-FOD-01', 'S013-FOD-01']","['S010', 'S013', 'S007']",3,19.0,0.068,3.1068213413276364,2697.084124927209,390.0,1413.4306951033318,0.2232946646680909,2012.9559145753092,K77a17d3f1b83a8fc,K01723
B,"['S007-HYG-01', 'S010-MED-01', 'S013-MED-01']","['S013', 'S010', 'S007']",3,12.0,0.059000000000000004,3.0993566860606845,2714.221512100338,390.0,2213.519919260164,0.22516082848482888,2009.7212306262966,K0c2a0bc74274e09f,K01722
B,"['S011-MED-01', 'S013-MED-01', 'S014-MED-01']","['S013', 'S014', 'S011']",3,9.0,0.036000000000000004,2.8574814937015636,2713.720615374412,390.0,2075.2911134869837,0.2856296265746091,1904.9086472706774,Ke91e0034ae256ff2,K01710
B,"['S011-MED-01', 'S013-MED-01', 'S014-FOD-01']","['S013', 'S014', 'S011']",3,14.0,0.052000000000000005,2.9523780262976254,2713.720615374412,390.0,2597.210872294404,0.26190549342559366,1946.0304780623042,K8473845ff8e568f2,K01715
B,"['S011-FOD-01', 'S013-MED-01', 'S014-FOD-01']","['S011', 'S014', 'S013']",3,19.0,0.068,3.0115924950694986,2713.720615374412,390.0,1334.001845664517,0.24710187623262536,1971.6900811967828,K3b1accf7ff3564bd,K01718
B,"['S011-FOD-01', 'S013-FOD-01', 'S014-MED-01']","['S014', 'S013', 'S011']",3,19.0,0.068,2.950930159743535,2590.659888885141,390.0,2417.569495693988,0.2622674600641163,1945.4030692221986,Kd3428b778df2583d,K01714
B,"['S010-MED-01', 'S011-MED-01', 'S014-MED-01']","['S011', 'S010', 'S014']",3,9.0,0.036000000000000004,2.546832633730138,2587.9849957145784,390.0,1639.3321752581007,0.3632918415674655,1770.2941412830598,K17119b8fac50e8c0,K01702
B,"['S010-MED-01', 'S011-FOD-01', 'S014-MED-01']","['S014', 'S010', 'S011']",3,14.0,0.052000000000000005,2.7030613461610127,2587.9849957145784,390.0,1984.1162014640424,0.32423466345974683,1837.9932500031057,K237eeec9ae652ae5,K01704
B,"['S010-FOD-01', 'S011-MED-01', 'S014-MED-01']","['S010', 'S014', 'S011']",3,14.0,0.052000000000000005,2.7169736333772643,2647.743449648116,390.0,2141.2682792132796,0.32075659165568393,1844.0219077968145,Kc79f161239890a2d,K01705
B,"['S010-FOD-01', 'S011-MED-01', 'S014-FOD-01']","['S011', 'S010', 'S014']",3,19.0,0.068,2.792314681438927,2587.9849957145784,390.0,9953.600951903074,0.3019213296402683,1876.6696952902016,K5e2ff6966548343a,K01707
B,"['S010-FOD-01', 'S011-FOD-01', 'S014-MED-01']","['S010', 'S014', 'S011']",3,19.0,0.068,2.8777771416926843,2647.743449648116,390.0,2141.2682792132796,0.28055571457682893,1913.7034280668297,K894055191785ab0b,K01711
B,"['S009-FOD-01', 'S011-MED-01', 'S014-MED-01']","['S014', 'S009', 'S011']",3,14.0,0.052000000000000005,3.1608571165920702,2800.24008340939,390.0,2417.569495693988,0.20978572085198244,2036.3714171898973,Ke56d3636ad96194f,K01724
B,"['S009-MED-01', 'S012-MED-01', 'S013-MED-01']","['S012', 'S009', 'S013']",3,9.0,0.036000000000000004,2.8855686461466914,2566.4860540754034,390.0,1481.236406963526,0.27860783846332715,1917.0797466635663,Kf7cdead10b7cfd25,K01712
B,"['S009-MED-01', 'S012-MED-01', 'S013-FOD-01']","['S012', 'S009', 'S013']",3,14.0,0.052000000000000005,3.0325118573442746,2566.4860540754034,390.0,2388.6565929254066,0.24187203566393134,1980.755138182519,K94aac59560c9b208,K01719
B,"['S009-MED-01', 'S012-FOD-01', 'S013-MED-01']","['S012', 'S013', 'S009']",3,14.0,0.052000000000000005,3.0756094375555545,2593.391318043404,390.0,1932.1280454973485,0.23109764061111138,1999.4307562740735,Kb2ec389a4565d561,K01721
B,"['S009-MED-01', 'S012-FOD-01', 'S013-FOD-01']","['S009', 'S012', 'S013']",3,19.0,0.068,2.8235672517211614,2389.4080285558057,390.0,9769.178567832821,0.29410818706970965,1890.2124757458366,K48fb2f0c5b2c4335,K01709
B,"['S009-FOD-01', 'S012-MED-01', 'S013-MED-01']","['S009', 'S012', 'S013']",3,14.0,0.052000000000000005,2.6287602934618226,2389.4080285558057,390.0,1658.3144324831233,0.34280992663454435,1805.7961271667898,K8ed26fa5f46b75dd,K01703
B,"['S009-FOD-01', 'S012-MED-01', 'S013-FOD-01']","['S013', 'S009', 'S012']",3,19.0,0.068,3.035985317279138,2566.4860540754034,390.0,1684.9973529991903,0.24100367068021555,1982.260304154293,Kd6fc6a548513e121,K01720
